날짜,시간,slot,dow,time_bad,sus,평균,prod_orig,공장인원,prod_fixed,fix
20210101,0,0,4,False,True,61,0,0.0,128.0,dow_median
20210101,1,1,4,False,True,105,0,0.0,102.5,dow_median
20210101,2,2,4,False,True,104,0,0.0,161.5,dow_median
20210101,3,3,4,False,True,105,0,0.0,148.0,dow_median
20210101,4,4,4,False,True,107,0,0.0,140.0,dow_median
20210101,5,5,4,False,True,92,0,0.0,73.0,dow_median
20210101,6,6,4,False,True,107,0,0.0,109.5,dow_median
20210101,7,7,4,False,True,61,0,0.0,1092.5,dow_median
20210101,8,8,4,False,False,24,0,0.0,0.0,none
20210101,9,9,4,False,False,22,0,0.0,0.0,none
20210101,10,10,4,False,False,22,0,0.0,0.0,none
20210101,11,11,4,False,False,25,0,0.0,0.0,none
20210101,12,12,4,False,False,22,0,0.0,0.0,none
20210101,13,13,4,False,False,22,0,0.0,0.0,none
20210101,14,14,4,False,False,23,0,0.0,0.0,none
20210101,15,15,4,False,False,25,0,0.0,0.0,none
20210101,16,16,4,False,False,23,0,0.0,0.0,none
20210101,17,17,4,False,False,22,0,0.0,0.0,none
20210101,18,18,4,False,False,25,0,0.0,0.0,none
20210101,19,19,4,False,False,22,0,0.0,0.0,none
20210101,20,20,4,False,False,22,0,0.0,0.0,none
20210101,21,21,4,False,False,24,0,0.0,0.0,none
20210101,22,22,4,False,False,23,0,0.0,0.0,none
20210101,23,23,4,False,False,22,0,0.0,0.0,none
20210102,0,0,5,False,True,63,0,0.0,118.0,dow_median
20210102,1,1,5,False,True,105,0,0.0,104.0,dow_median
20210102,2,2,5,False,True,104,0,0.0,117.0,dow_median
20210102,3,3,5,False,True,105,0,0.0,98.0,dow_median
20210102,4,4,5,False,True,107,0,0.0,81.0,dow_median
20210102,5,5,5,False,True,92,0,0.0,44.0,dow_median
20210102,6,6,5,False,True,107,0,0.0,140.0,dow_median
20210102,7,7,5,False,True,61,0,0.0,844.0,dow_median
20210102,8,8,5,False,False,24,0,0.0,0.0,none
20210102,9,9,5,False,False,22,0,0.0,0.0,none
20210102,10,10,5,False,False,22,0,0.0,0.0,none
20210102,11,11,5,False,False,25,0,0.0,0.0,none
20210102,12,12,5,False,False,22,0,0.0,0.0,none
20210102,13,13,5,False,False,22,0,0.0,0.0,none
20210102,14,14,5,False,False,23,0,0.0,0.0,none
20210102,15,15,5,False,False,25,0,0.0,0.0,none
20210102,16,16,5,False,False,23,0,0.0,0.0,none
20210102,17,17,5,False,False,22,0,0.0,0.0,none
20210102,18,18,5,False,False,25,0,0.0,0.0,none
20210102,19,19,5,False,False,22,0,0.0,0.0,none
20210102,20,20,5,False,False,22,0,0.0,0.0,none
20210102,21,21,5,False,False,24,0,0.0,0.0,none
20210102,22,22,5,False,False,23,0,0.0,0.0,none
20210102,23,23,5,False,False,22,0,0.0,0.0,none
20210103,0,0,6,False,False,22,0,0.0,0.0,none
20210103,1,1,6,False,False,25,0,0.0,0.0,none
20210103,2,2,6,False,False,22,0,0.0,0.0,none
20210103,3,3,6,False,False,22,0,0.0,0.0,none
20210103,4,4,6,False,False,24,0,0.0,0.0,none
20210103,5,5,6,False,False,22,0,0.0,0.0,none
20210103,6,6,6,False,False,22,0,0.0,0.0,none
20210103,7,7,6,False,False,24,0,0.0,0.0,none
20210103,8,8,6,False,False,22,0,0.0,0.0,none
20210103,9,9,6,False,False,23,0,0.0,0.0,none
20210103,10,10,6,False,False,23,0,0.0,0.0,none
20210103,11,11,6,False,False,24,0,0.0,0.0,none
20210103,12,12,6,False,False,22,0,0.0,0.0,none
20210103,13,13,6,False,False,22,0,0.0,0.0,none
20210103,14,14,6,False,False,24,0,0.0,0.0,none
20210103,15,15,6,False,False,22,0,0.0,0.0,none
20210103,16,16,6,False,False,23,0,0.0,0.0,none
20210103,17,17,6,False,False,23,0,0.0,0.0,none
20210103,18,18,6,False,False,23,0,0.0,0.0,none
20210103,19,19,6,False,False,22,0,0.0,0.0,none
20210103,20,20,6,False,False,22,0,0.0,0.0,none
20210103,21,21,6,False,False,25,0,0.0,0.0,none
20210103,22,22,6,False,False,23,0,0.0,0.0,none
20210103,23,23,6,False,False,23,0,0.0,0.0,none
20210104,0,0,0,False,True,68,0,0.0,0.0,unfixed
20210104,1,1,0,False,True,108,0,0.0,0.0,unfixed
20210104,2,2,0,False,True,110,0,0.0,0.0,unfixed
20210104,3,3,0,False,True,107,0,0.0,0.0,unfixed
20210104,4,4,0,False,True,109,0,0.0,0.0,unfixed
20210104,5,5,0,False,True,90,0,0.0,0.0,unfixed
20210104,6,6,0,False,True,109,0,0.0,0.0,unfixed
20210104,7,7,0,False,True,128,0,0.0,25.5,dow_median
20210104,8,8,0,False,False,156,165,0.264,165.0,none
20210104,9,9,0,False,False,160,313,0.488299532,313.0,none
20210104,10,10,0,False,False,157,2757,4.404153355,2757.0,none
20210104,11,11,0,False,False,149,983,1.65210084,983.0,none
20210104,12,12,0,False,False,89,96,0.268907563,96.0,none
20210104,13,13,0,False,False,155,791,1.273752013,791.0,none
20210104,14,14,0,False,False,152,2485,4.087171053,2485.0,none
20210104,15,15,0,False,False,140,2313,4.130357143,2313.0,none
20210104,16,16,0,False,False,142,1906,3.367491166,1906.0,none
20210104,17,17,0,False,False,122,1725,3.527607362,1725.0,none
20210104,18,18,0,False,True,139,0,0.0,1165.3333333333335,interp
20210104,19,19,0,False,True,113,0,0.0,605.6666666666667,interp
20210104,20,20,0,False,False,101,46,0.114143921,46.0,none
20210104,21,21,0,False,False,108,40,0.092378753,40.0,none
20210104,22,22,0,False,True,107,0,0.0,46.0,interp
20210104,23,23,0,False,False,97,52,0.134020619,52.0,none
20210105,0,0,1,False,False,24,0,0.0,0.0,none
20210105,1,1,1,False,False,21,0,0.0,0.0,none
20210105,2,2,1,False,False,21,0,0.0,0.0,none
20210105,3,3,1,False,False,23,0,0.0,0.0,none
20210105,4,4,1,False,False,23,0,0.0,0.0,none
20210105,5,5,1,False,False,21,0,0.0,0.0,none
20210105,6,6,1,False,False,21,0,0.0,0.0,none
20210105,7,7,1,False,False,24,0,0.0,0.0,none
20210105,8,8,1,False,False,21,0,0.0,0.0,none
20210105,9,9,1,False,False,21,0,0.0,0.0,none
20210105,10,10,1,False,False,23,0,0.0,0.0,none
20210105,11,11,1,False,False,22,0,0.0,0.0,none
20210105,12,12,1,False,False,21,0,0.0,0.0,none
20210105,13,13,1,False,False,21,0,0.0,0.0,none
20210105,14,14,1,False,False,23,0,0.0,0.0,none
20210105,15,15,1,False,False,21,0,0.0,0.0,none
20210105,16,16,1,False,False,21,0,0.0,0.0,none
20210105,17,17,1,False,False,23,0,0.0,0.0,none
20210105,18,18,1,False,False,21,0,0.0,0.0,none
20210105,19,19,1,False,False,21,0,0.0,0.0,none
20210105,20,20,1,False,False,23,0,0.0,0.0,none
20210105,21,21,1,False,False,21,0,0.0,0.0,none
20210105,22,22,1,False,False,21,0,0.0,0.0,none
20210105,23,23,1,False,False,24,0,0.0,0.0,none
20210106,0,0,2,False,False,24,0,0.0,0.0,none
20210106,1,1,2,False,False,21,0,0.0,0.0,none
20210106,2,2,2,False,False,21,0,0.0,0.0,none
20210106,3,3,2,False,False,23,0,0.0,0.0,none
20210106,4,4,2,False,False,23,0,0.0,0.0,none
20210106,5,5,2,False,False,21,0,0.0,0.0,none
20210106,6,6,2,False,False,21,0,0.0,0.0,none
20210106,7,7,2,False,False,24,0,0.0,0.0,none
20210106,8,8,2,False,False,21,0,0.0,0.0,none
20210106,9,9,2,False,False,21,0,0.0,0.0,none
20210106,10,10,2,False,False,23,0,0.0,0.0,none
20210106,11,11,2,False,False,22,0,0.0,0.0,none
20210106,12,12,2,False,False,21,0,0.0,0.0,none
20210106,13,13,2,False,False,21,0,0.0,0.0,none
20210106,14,14,2,False,False,23,0,0.0,0.0,none
20210106,15,15,2,False,False,21,0,0.0,0.0,none
20210106,16,16,2,False,False,21,0,0.0,0.0,none
20210106,17,17,2,False,False,23,0,0.0,0.0,none
20210106,18,18,2,False,False,21,0,0.0,0.0,none
20210106,19,19,2,False,False,21,0,0.0,0.0,none
20210106,20,20,2,False,False,23,0,0.0,0.0,none
20210106,21,21,2,False,False,21,0,0.0,0.0,none
20210106,22,22,2,False,False,21,0,0.0,0.0,none
20210106,23,23,2,False,False,24,0,0.0,0.0,none
20210107,0,0,3,False,False,23,0,0.0,0.0,none
20210107,1,1,3,False,False,23,34,0.369565217,34.0,none
20210107,2,2,3,False,False,22,0,0.0,0.0,none
20210107,3,3,3,False,False,22,56,0.629213483,56.0,none
20210107,4,4,3,False,False,24,278,2.865979381,278.0,none
20210107,5,5,3,False,False,22,0,0.0,0.0,none
20210107,6,6,3,False,False,22,20,0.224719101,20.0,none
20210107,7,7,3,False,False,56,2841,12.62666667,2841.0,none
20210107,8,8,3,False,False,171,538,0.786549708,538.0,none
20210107,9,9,3,False,False,166,1384,2.084337349,1384.0,none
20210107,10,10,3,False,False,161,957,1.488335925,957.0,none
20210107,11,11,3,False,False,168,1013,1.505200594,1013.0,none
20210107,12,12,3,False,False,115,797,1.732608696,797.0,none
20210107,13,13,3,False,False,175,1293,1.849785408,1293.0,none
20210107,14,14,3,False,False,175,2314,3.315186246,2314.0,none
20210107,15,15,3,False,False,163,1043,1.604615385,1043.0,none
20210107,16,16,3,False,False,165,1546,2.338880484,1546.0,none
20210107,17,17,3,False,False,136,451,0.830570902,451.0,none
20210107,18,18,3,False,False,152,380,0.623973727,380.0,none
20210107,19,19,3,False,False,130,1652,3.189189189,1652.0,none
20210107,20,20,3,False,False,108,194,0.448036952,194.0,none
20210107,21,21,3,False,True,111,0,0.0,98.0,interp
20210107,22,22,3,False,False,95,2,0.005277045,2.0,none
20210107,23,23,3,False,False,98,12,0.030534351,12.0,none
20210108,0,0,4,False,True,63,0,0.0,8.666666666666666,interp
20210108,1,1,4,False,True,99,0,0.0,5.333333333333333,interp
20210108,2,2,4,False,False,103,2,0.00486618,2.0,none
20210108,3,3,4,False,False,100,148,0.371859296,148.0,none
20210108,4,4,4,False,False,105,498,1.185714286,498.0,none
20210108,5,5,4,False,False,87,33,0.094555874,33.0,none
20210108,6,6,4,False,False,98,60,0.153846154,60.0,none
20210108,7,7,4,False,False,93,1507,4.040214477,1507.0,none
20210108,8,8,4,False,False,154,777,1.261363636,777.0,none
20210108,9,9,4,False,False,160,325,0.507020281,325.0,none
20210108,10,10,4,False,False,142,2427,4.272887324,2427.0,none
20210108,11,11,4,False,False,164,695,1.057838661,695.0,none
20210108,12,12,4,False,False,103,48,0.116788321,48.0,none
20210108,13,13,4,False,False,165,4386,6.655538695,4386.0,none
20210108,14,14,4,False,False,166,1270,1.915535445,1270.0,none
20210108,15,15,4,False,False,161,3947,6.119379845,3947.0,none
20210108,16,16,4,False,False,158,613,0.969936709,613.0,none
20210108,17,17,4,False,False,136,184,0.337614679,184.0,none
20210108,18,18,4,False,False,154,754,1.22601626,754.0,none
20210108,19,19,4,False,False,142,4008,7.068783069,4008.0,none
20210108,20,20,4,False,True,129,0,0.0,2018.0,interp
20210108,21,21,4,False,False,121,28,0.057731959,28.0,none
20210108,22,22,4,False,False,107,30,0.070093458,30.0,none
20210108,23,23,4,False,False,101,43,0.10617284,43.0,none
20210109,0,0,5,False,True,68,0,0.0,37.5,interp
20210109,1,1,5,False,False,99,32,0.081012658,32.0,none
20210109,2,2,5,False,True,104,0,0.0,27.5,interp
20210109,3,3,5,False,False,105,23,0.054631829,23.0,none
20210109,4,4,5,False,True,107,0,0.0,36.666666666666664,interp
20210109,5,5,5,False,True,92,0,0.0,50.33333333333333,interp
20210109,6,6,5,False,False,107,64,0.150234742,64.0,none
20210109,7,7,5,False,False,61,548,2.245901639,548.0,none
20210109,8,8,5,False,False,24,0,0.0,0.0,none
20210109,9,9,5,False,False,22,0,0.0,0.0,none
20210109,10,10,5,False,False,22,0,0.0,0.0,none
20210109,11,11,5,False,False,25,0,0.0,0.0,none
20210109,12,12,5,False,True,110,0,0.0,0.0,unfixed
20210109,13,13,5,False,True,169,0,0.0,0.0,unfixed
20210109,14,14,5,False,False,23,0,0.0,0.0,none
20210109,15,15,5,False,False,25,0,0.0,0.0,none
20210109,16,16,5,False,True,151,0,0.0,0.0,unfixed
20210109,17,17,5,False,True,129,0,0.0,0.0,unfixed
20210109,18,18,5,False,True,155,0,0.0,0.0,unfixed
20210109,19,19,5,False,True,132,0,0.0,0.0,unfixed
20210109,20,20,5,False,True,109,0,0.0,0.0,unfixed
20210109,21,21,5,False,True,105,0,0.0,0.0,unfixed
20210109,22,22,5,False,False,23,0,0.0,0.0,none
20210109,23,23,5,False,True,95,0,0.0,0.0,unfixed
20210110,0,0,6,False,True,65,0,0.0,0.0,unfixed
20210110,1,1,6,False,True,103,0,0.0,0.0,unfixed
20210110,2,2,6,False,True,104,0,0.0,0.0,unfixed
20210110,3,3,6,False,True,99,0,0.0,0.0,unfixed
20210110,4,4,6,False,False,24,0,0.0,0.0,none
20210110,5,5,6,False,False,22,0,0.0,0.0,none
20210110,6,6,6,False,False,22,0,0.0,0.0,none
20210110,7,7,6,False,False,24,0,0.0,0.0,none
20210110,8,8,6,False,True,155,0,0.0,0.0,unfixed
20210110,9,9,6,False,False,23,0,0.0,0.0,none
20210110,10,10,6,False,True,164,0,0.0,0.0,unfixed
20210110,11,11,6,False,True,161,0,0.0,0.0,unfixed
20210110,12,12,6,False,False,22,0,0.0,0.0,none
20210110,13,13,6,False,False,22,0,0.0,0.0,none
20210110,14,14,6,False,True,162,0,0.0,0.0,unfixed
20210110,15,15,6,False,False,22,0,0.0,0.0,none
20210110,16,16,6,False,False,23,0,0.0,0.0,none
20210110,17,17,6,False,False,23,0,0.0,0.0,none
20210110,18,18,6,False,True,122,0,0.0,0.0,unfixed
20210110,19,19,6,False,False,22,0,0.0,0.0,none
20210110,20,20,6,False,False,22,0,0.0,0.0,none
20210110,21,21,6,False,True,129,0,0.0,0.0,unfixed
20210110,22,22,6,False,True,118,0,0.0,0.0,unfixed
20210110,23,23,6,False,True,105,0,0.0,0.0,unfixed
20210111,0,0,0,False,True,70,0,0.0,0.0,unfixed
20210111,1,1,0,False,True,107,0,0.0,0.0,unfixed
20210111,2,2,0,False,True,104,0,0.0,0.0,unfixed
20210111,3,3,0,False,True,101,0,0.0,0.0,unfixed
20210111,4,4,0,False,True,111,0,0.0,0.0,unfixed
20210111,5,5,0,False,True,90,0,0.0,0.0,unfixed
20210111,6,6,0,False,True,105,0,0.0,0.0,unfixed
20210111,7,7,0,False,True,133,0,0.0,25.5,dow_median
20210111,8,8,0,False,False,168,299,0.446268657,299.0,none
20210111,9,9,0,False,False,168,710,1.056547619,710.0,none
20210111,10,10,0,False,False,156,661,1.059294872,661.0,none
20210111,11,11,0,False,False,168,864,1.287630402,864.0,none
20210111,12,12,0,False,False,104,368,0.884615385,368.0,none
20210111,13,13,0,False,False,154,626,1.019543974,626.0,none
20210111,14,14,0,False,False,159,2202,3.47318612,2202.0,none
20210111,15,15,0,False,False,150,601,1.005016722,601.0,none
20210111,16,16,0,False,False,157,1308,2.086124402,1308.0,none
20210111,17,17,0,False,False,136,683,1.257826888,683.0,none
20210111,18,18,0,False,False,145,985,1.701208981,985.0,none
20210111,19,19,0,False,False,136,1266,2.327205882,1266.0,none
20210111,20,20,0,False,False,121,608,1.258799172,608.0,none
20210111,21,21,0,False,False,109,26,0.059496568,26.0,none
20210111,22,22,0,False,False,104,48,0.115384615,48.0,none
20210111,23,23,0,False,False,100,12,0.030075188,12.0,none
20210112,0,0,1,False,False,24,0,0.0,0.0,none
20210112,1,1,1,False,False,21,0,0.0,0.0,none
20210112,2,2,1,False,False,21,0,0.0,0.0,none
20210112,3,3,1,False,False,23,0,0.0,0.0,none
20210112,4,4,1,False,False,23,0,0.0,0.0,none
20210112,5,5,1,False,False,21,0,0.0,0.0,none
20210112,6,6,1,False,False,21,0,0.0,0.0,none
20210112,7,7,1,False,False,24,0,0.0,0.0,none
20210112,8,8,1,False,False,21,0,0.0,0.0,none
20210112,9,9,1,False,False,21,0,0.0,0.0,none
20210112,10,10,1,False,False,23,0,0.0,0.0,none
20210112,11,11,1,False,False,22,0,0.0,0.0,none
20210112,12,12,1,False,False,21,0,0.0,0.0,none
20210112,13,13,1,False,False,21,0,0.0,0.0,none
20210112,14,14,1,False,False,23,0,0.0,0.0,none
20210112,15,15,1,False,False,21,0,0.0,0.0,none
20210112,16,16,1,False,False,21,0,0.0,0.0,none
20210112,17,17,1,False,False,23,0,0.0,0.0,none
20210112,18,18,1,False,False,21,0,0.0,0.0,none
20210112,19,19,1,False,False,21,0,0.0,0.0,none
20210112,20,20,1,False,False,23,0,0.0,0.0,none
20210112,21,21,1,False,False,21,0,0.0,0.0,none
20210112,22,22,1,False,False,21,0,0.0,0.0,none
20210112,23,23,1,False,False,24,0,0.0,0.0,none
20210113,0,0,2,False,False,24,0,0.0,0.0,none
20210113,1,1,2,False,False,21,0,0.0,0.0,none
20210113,2,2,2,False,False,21,0,0.0,0.0,none
20210113,3,3,2,False,False,23,0,0.0,0.0,none
20210113,4,4,2,False,False,23,0,0.0,0.0,none
20210113,5,5,2,False,False,21,0,0.0,0.0,none
20210113,6,6,2,False,False,21,0,0.0,0.0,none
20210113,7,7,2,False,False,24,0,0.0,0.0,none
20210113,8,8,2,False,False,21,0,0.0,0.0,none
20210113,9,9,2,False,False,21,0,0.0,0.0,none
20210113,10,10,2,False,False,23,0,0.0,0.0,none
20210113,11,11,2,False,False,22,0,0.0,0.0,none
20210113,12,12,2,False,False,21,0,0.0,0.0,none
20210113,13,13,2,False,False,21,0,0.0,0.0,none
20210113,14,14,2,False,False,23,0,0.0,0.0,none
20210113,15,15,2,False,False,21,0,0.0,0.0,none
20210113,16,16,2,False,False,21,0,0.0,0.0,none
20210113,17,17,2,False,False,23,0,0.0,0.0,none
20210113,18,18,2,False,False,21,0,0.0,0.0,none
20210113,19,19,2,False,False,21,0,0.0,0.0,none
20210113,20,20,2,False,False,23,0,0.0,0.0,none
20210113,21,21,2,False,False,21,0,0.0,0.0,none
20210113,22,22,2,False,False,21,0,0.0,0.0,none
20210113,23,23,2,False,False,24,0,0.0,0.0,none
20210114,0,0,3,False,False,22,0,0.0,0.0,none
20210114,1,1,3,False,False,22,14,0.157303371,14.0,none
20210114,2,2,3,False,False,24,8,0.082474227,8.0,none
20210114,3,3,3,False,False,22,97,1.102272727,97.0,none
20210114,4,4,3,False,False,23,16,0.175824176,16.0,none
20210114,5,5,3,False,False,24,0,0.0,0.0,none
20210114,6,6,3,False,False,23,62,0.681318681,62.0,none
20210114,7,7,3,False,False,62,280,1.133603239,280.0,none
20210114,8,8,3,False,False,183,844,1.156164384,844.0,none
20210114,9,9,3,False,False,178,1104,1.548387097,1104.0,none
20210114,10,10,3,False,False,171,498,0.728070175,498.0,none
20210114,11,11,3,False,False,181,1465,2.020689655,1465.0,none
20210114,12,12,3,False,False,119,6345,13.35789474,6345.0,none
20210114,13,13,3,False,False,186,898,1.210242588,898.0,none
20210114,14,14,3,False,False,177,535,0.756718529,535.0,none
20210114,15,15,3,False,False,178,550,0.773558368,550.0,none
20210114,16,16,3,False,False,171,1064,1.553284672,1064.0,none
20210114,17,17,3,False,False,146,249,0.425641026,249.0,none
20210114,18,18,3,False,False,173,1016,1.470332851,1016.0,none
20210114,19,19,3,False,False,150,2446,4.069883527,2446.0,none
20210114,20,20,3,False,False,119,9,0.018867925,9.0,none
20210114,21,21,3,False,False,123,8,0.016260163,8.0,none
20210114,22,22,3,False,False,112,53,0.118834081,53.0,none
20210114,23,23,3,False,True,107,0,0.0,65.66666666666667,interp
20210115,0,0,4,False,True,76,0,0.0,78.33333333333333,interp
20210115,1,1,4,False,False,110,91,0.206349206,91.0,none
20210115,2,2,4,False,False,117,70,0.149253731,70.0,none
20210115,3,3,4,False,True,116,0,0.0,84.0,interp
20210115,4,4,4,False,False,110,98,0.223234624,98.0,none
20210115,5,5,4,False,True,97,0,0.0,76.0,interp
20210115,6,6,4,False,False,118,54,0.114164905,54.0,none
20210115,7,7,4,False,False,132,457,0.86389414,457.0,none
20210115,8,8,4,False,False,188,560,0.745672437,560.0,none
20210115,9,9,4,False,False,186,624,0.839838493,624.0,none
20210115,10,10,4,False,False,164,1090,1.659056317,1090.0,none
20210115,11,11,4,False,False,173,908,1.31024531,908.0,none
20210115,12,12,4,False,False,112,1763,3.944071588,1763.0,none
20210115,13,13,4,False,False,171,946,1.381021898,946.0,none
20210115,14,14,4,False,False,177,2022,2.855932203,2022.0,none
20210115,15,15,4,False,False,163,614,0.941717791,614.0,none
20210115,16,16,4,False,False,170,1324,1.949926362,1324.0,none
20210115,17,17,4,False,False,134,95,0.177902622,95.0,none
20210115,18,18,4,False,False,161,1019,1.579844961,1019.0,none
20210115,19,19,4,False,False,156,2553,4.104501608,2553.0,none
20210115,20,20,4,False,False,128,3,0.005870841,3.0,none
20210115,21,21,4,False,False,127,31,0.061023622,31.0,none
20210115,22,22,4,False,False,115,17,0.037117904,17.0,none
20210115,23,23,4,False,False,108,6,0.013921114,6.0,none
20210116,0,0,5,False,True,63,0,0.0,43.333333333333336,interp
20210116,1,1,5,False,True,105,0,0.0,80.66666666666667,interp
20210116,2,2,5,False,False,104,118,0.284337349,118.0,none
20210116,3,3,5,False,True,112,0,0.0,89.0,interp
20210116,4,4,5,False,False,107,60,0.140515222,60.0,none
20210116,5,5,5,False,False,92,35,0.094850949,35.0,none
20210116,6,6,5,False,False,115,62,0.135076253,62.0,none
20210116,7,7,5,False,False,61,424,1.737704918,424.0,none
20210116,8,8,5,False,True,177,0,0.0,0.0,unfixed
20210116,9,9,5,False,False,22,0,0.0,0.0,none
20210116,10,10,5,False,False,22,0,0.0,0.0,none
20210116,11,11,5,False,False,25,0,0.0,0.0,none
20210116,12,12,5,False,False,22,0,0.0,0.0,none
20210116,13,13,5,False,False,22,0,0.0,0.0,none
20210116,14,14,5,False,True,171,0,0.0,0.0,unfixed
20210116,15,15,5,False,True,163,0,0.0,0.0,unfixed
20210116,16,16,5,False,False,23,0,0.0,0.0,none
20210116,17,17,5,False,False,22,0,0.0,0.0,none
20210116,18,18,5,False,True,168,0,0.0,0.0,unfixed
20210116,19,19,5,False,True,139,0,0.0,0.0,unfixed
20210116,20,20,5,False,False,22,0,0.0,0.0,none
20210116,21,21,5,False,False,24,0,0.0,0.0,none
20210116,22,22,5,False,False,23,0,0.0,0.0,none
20210116,23,23,5,False,True,106,0,0.0,0.0,unfixed
20210117,0,0,6,False,True,72,0,0.0,0.0,unfixed
20210117,1,1,6,False,True,107,0,0.0,0.0,unfixed
20210117,2,2,6,False,True,112,0,0.0,0.0,unfixed
20210117,3,3,6,False,True,116,0,0.0,0.0,unfixed
20210117,4,4,6,False,True,113,0,0.0,0.0,unfixed
20210117,5,5,6,False,True,97,0,0.0,0.0,unfixed
20210117,6,6,6,False,True,121,0,0.0,0.0,unfixed
20210117,7,7,6,False,True,141,0,0.0,0.0,unfixed
20210117,8,8,6,False,True,190,0,0.0,0.0,unfixed
20210117,9,9,6,False,True,180,0,0.0,0.0,unfixed
20210117,10,10,6,False,True,166,0,0.0,0.0,unfixed
20210117,11,11,6,False,True,183,0,0.0,0.0,unfixed
20210117,12,12,6,False,True,103,0,0.0,0.0,unfixed
20210117,13,13,6,False,True,183,0,0.0,0.0,unfixed
20210117,14,14,6,False,True,179,0,0.0,0.0,unfixed
20210117,15,15,6,False,True,170,0,0.0,0.0,unfixed
20210117,16,16,6,False,False,169,24,0.035608309,24.0,none
20210117,17,17,6,False,True,138,0,0.0,0.0,unfixed
20210117,18,18,6,False,True,170,0,0.0,0.0,unfixed
20210117,19,19,6,False,True,159,0,0.0,0.0,unfixed
20210117,20,20,6,False,True,139,0,0.0,0.0,unfixed
20210117,21,21,6,False,True,127,0,0.0,0.0,unfixed
20210117,22,22,6,False,True,125,0,0.0,0.0,unfixed
20210117,23,23,6,False,True,111,0,0.0,0.0,unfixed
20210118,0,0,0,False,True,80,0,0.0,0.0,unfixed
20210118,1,1,0,False,True,112,0,0.0,0.0,unfixed
20210118,2,2,0,False,True,115,0,0.0,0.0,unfixed
20210118,3,3,0,False,True,114,0,0.0,0.0,unfixed
20210118,4,4,0,False,True,112,0,0.0,0.0,unfixed
20210118,5,5,0,False,True,102,0,0.0,0.0,unfixed
20210118,6,6,0,False,True,121,0,0.0,0.0,unfixed
20210118,7,7,0,False,True,133,0,0.0,25.5,dow_median
20210118,8,8,0,False,False,162,592,0.916408669,592.0,none
20210118,9,9,0,False,False,171,622,0.91202346,622.0,none
20210118,10,10,0,False,False,165,3127,4.745068285,3127.0,none
20210118,11,11,0,False,False,177,1300,1.833568406,1300.0,none
20210118,12,12,0,False,False,102,60,0.147783251,60.0,none
20210118,13,13,0,False,False,174,902,1.294117647,902.0,none
20210118,14,14,0,False,False,164,854,1.305810398,854.0,none
20210118,15,15,0,False,False,156,1424,2.289389068,1424.0,none
20210118,16,16,0,False,False,162,1378,2.129829985,1378.0,none
20210118,17,17,0,False,False,148,816,1.383050847,816.0,none
20210118,18,18,0,False,False,150,1268,2.109816972,1268.0,none
20210118,19,19,0,False,False,138,2095,3.809090909,2095.0,none
20210118,20,20,0,False,False,117,158,0.336886994,158.0,none
20210118,21,21,0,False,False,114,163,0.359030837,163.0,none
20210118,22,22,0,False,False,114,62,0.135964912,62.0,none
20210118,23,23,0,False,False,106,324,0.762352941,324.0,none
20210119,0,0,1,False,False,24,0,0.0,0.0,none
20210119,1,1,1,False,False,21,0,0.0,0.0,none
20210119,2,2,1,False,False,21,0,0.0,0.0,none
20210119,3,3,1,False,False,23,0,0.0,0.0,none
20210119,4,4,1,False,False,23,0,0.0,0.0,none
20210119,5,5,1,False,False,21,0,0.0,0.0,none
20210119,6,6,1,False,False,21,0,0.0,0.0,none
20210119,7,7,1,False,False,24,0,0.0,0.0,none
20210119,8,8,1,False,False,21,0,0.0,0.0,none
20210119,9,9,1,False,False,21,0,0.0,0.0,none
20210119,10,10,1,False,False,23,0,0.0,0.0,none
20210119,11,11,1,False,False,22,0,0.0,0.0,none
20210119,12,12,1,False,False,21,0,0.0,0.0,none
20210119,13,13,1,False,False,21,0,0.0,0.0,none
20210119,14,14,1,False,False,23,0,0.0,0.0,none
20210119,15,15,1,False,False,21,0,0.0,0.0,none
20210119,16,16,1,False,False,21,0,0.0,0.0,none
20210119,17,17,1,False,False,23,0,0.0,0.0,none
20210119,18,18,1,False,False,21,0,0.0,0.0,none
20210119,19,19,1,False,False,21,0,0.0,0.0,none
20210119,20,20,1,False,False,23,0,0.0,0.0,none
20210119,21,21,1,False,False,21,0,0.0,0.0,none
20210119,22,22,1,False,False,21,0,0.0,0.0,none
20210119,23,23,1,False,False,24,0,0.0,0.0,none
20210120,0,0,2,False,False,24,0,0.0,0.0,none
20210120,1,1,2,False,False,21,0,0.0,0.0,none
20210120,2,2,2,False,False,21,0,0.0,0.0,none
20210120,3,3,2,False,False,23,0,0.0,0.0,none
20210120,4,4,2,False,False,23,0,0.0,0.0,none
20210120,5,5,2,False,False,21,0,0.0,0.0,none
20210120,6,6,2,False,False,21,0,0.0,0.0,none
20210120,7,7,2,False,False,24,0,0.0,0.0,none
20210120,8,8,2,False,False,21,0,0.0,0.0,none
20210120,9,9,2,False,False,21,0,0.0,0.0,none
20210120,10,10,2,False,False,23,0,0.0,0.0,none
20210120,11,11,2,False,False,22,0,0.0,0.0,none
20210120,12,12,2,False,False,21,0,0.0,0.0,none
20210120,13,13,2,False,False,21,0,0.0,0.0,none
20210120,14,14,2,False,False,23,0,0.0,0.0,none
20210120,15,15,2,False,False,21,0,0.0,0.0,none
20210120,16,16,2,False,False,21,0,0.0,0.0,none
20210120,17,17,2,False,False,23,0,0.0,0.0,none
20210120,18,18,2,False,False,21,0,0.0,0.0,none
20210120,19,19,2,False,False,21,0,0.0,0.0,none
20210120,20,20,2,False,False,23,0,0.0,0.0,none
20210120,21,21,2,False,False,21,0,0.0,0.0,none
20210120,22,22,2,False,False,21,0,0.0,0.0,none
20210120,23,23,2,False,False,24,0,0.0,0.0,none
20210121,0,0,3,False,False,23,522,5.612903226,522.0,none
20210121,1,1,3,False,False,24,227,2.389473684,227.0,none
20210121,2,2,3,False,False,22,54,0.606741573,54.0,none
20210121,3,3,3,False,False,23,99,1.1,99.0,none
20210121,4,4,3,False,False,25,708,7.224489796,708.0,none
20210121,5,5,3,False,False,22,57,0.640449438,57.0,none
20210121,6,6,3,False,False,22,332,3.730337079,332.0,none
20210121,7,7,3,False,False,58,1617,7.030434783,1617.0,none
20210121,8,8,3,False,False,190,489,0.645118734,489.0,none
20210121,9,9,3,False,False,189,447,0.590488771,447.0,none
20210121,10,10,3,False,False,185,1884,2.545945946,1884.0,none
20210121,11,11,3,False,False,181,1164,1.607734807,1164.0,none
20210121,12,12,3,False,False,115,85,0.18558952,85.0,none
20210121,13,13,3,False,False,190,1692,2.232189974,1692.0,none
20210121,14,14,3,False,False,189,796,1.051519155,796.0,none
20210121,15,15,3,False,False,169,562,0.833827893,562.0,none
20210121,16,16,3,False,False,160,900,1.40625,900.0,none
20210121,17,17,3,False,False,134,350,0.652985075,350.0,none
20210121,18,18,3,False,False,156,952,1.5232,952.0,none
20210121,19,19,3,False,False,143,3581,6.2495637,3581.0,none
20210121,20,20,3,False,False,127,100,0.197238659,100.0,none
20210121,21,21,3,False,False,127,63,0.124260355,63.0,none
20210121,22,22,3,False,False,114,351,0.769736842,351.0,none
20210121,23,23,3,False,False,112,183,0.407572383,183.0,none
20210122,0,0,4,False,True,71,0,0.0,153.5,interp
20210122,1,1,4,False,False,108,124,0.287037037,124.0,none
20210122,2,2,4,False,False,113,854,1.893569845,854.0,none
20210122,3,3,4,False,False,113,108,0.238938053,108.0,none
20210122,4,4,4,False,False,117,140,0.300429185,140.0,none
20210122,5,5,4,False,True,94,0,0.0,573.5,interp
20210122,6,6,4,False,False,114,1007,2.208333333,1007.0,none
20210122,7,7,4,False,False,139,682,1.231046931,682.0,none
20210122,8,8,4,False,False,171,120,0.175438596,120.0,none
20210122,9,9,4,False,False,167,786,1.18018018,786.0,none
20210122,10,10,4,False,False,172,915,1.328011611,915.0,none
20210122,11,11,4,False,False,172,452,0.656023222,452.0,none
20210122,12,12,4,False,False,111,286,0.645598194,286.0,none
20210122,13,13,4,False,False,166,1215,1.827067669,1215.0,none
20210122,14,14,4,False,False,157,466,0.744408946,466.0,none
20210122,15,15,4,False,False,156,3684,5.8944,3684.0,none
20210122,16,16,4,False,False,160,1081,1.69170579,1081.0,none
20210122,17,17,4,False,False,120,733,1.530271399,733.0,none
20210122,18,18,4,False,False,153,658,1.078688525,658.0,none
20210122,19,19,4,False,False,156,1279,2.052969502,1279.0,none
20210122,20,20,4,False,False,133,11,0.020754717,11.0,none
20210122,21,21,4,False,False,126,171,0.34063745,171.0,none
20210122,22,22,4,False,False,114,3,0.00660793,3.0,none
20210122,23,23,4,False,False,113,532,1.174392936,532.0,none
20210123,0,0,5,False,False,69,257,0.93115942,257.0,none
20210123,1,1,5,False,False,103,477,1.163414634,477.0,none
20210123,2,2,5,False,False,120,157,0.328451883,157.0,none
20210123,3,3,5,False,False,103,371,0.900485437,371.0,none
20210123,4,4,5,False,False,112,36,0.080536913,36.0,none
20210123,5,5,5,False,False,95,894,2.346456693,894.0,none
20210123,6,6,5,False,False,117,233,0.498929336,233.0,none
20210123,7,7,5,False,False,140,743,1.324420677,743.0,none
20210123,8,8,5,False,True,163,0,0.0,560.25,interp
20210123,9,9,5,False,True,160,0,0.0,377.5,interp
20210123,10,10,5,False,True,148,0,0.0,194.75,interp
20210123,11,11,5,False,False,156,12,0.019261637,12.0,none
20210123,12,12,5,False,True,93,0,0.0,0.0,unfixed
20210123,13,13,5,False,True,153,0,0.0,0.0,unfixed
20210123,14,14,5,False,True,151,0,0.0,0.0,unfixed
20210123,15,15,5,False,True,150,0,0.0,0.0,unfixed
20210123,16,16,5,False,True,160,0,0.0,0.0,unfixed
20210123,17,17,5,False,True,128,0,0.0,0.0,unfixed
20210123,18,18,5,False,True,162,0,0.0,0.0,unfixed
20210123,19,19,5,False,True,137,0,0.0,0.0,unfixed
20210123,20,20,5,False,True,128,0,0.0,0.0,unfixed
20210123,21,21,5,False,True,126,0,0.0,0.0,unfixed
20210123,22,22,5,False,True,114,0,0.0,0.0,unfixed
20210123,23,23,5,False,True,110,0,0.0,0.0,unfixed
20210124,0,0,6,False,True,70,0,0.0,0.0,unfixed
20210124,1,1,6,False,True,111,0,0.0,0.0,unfixed
20210124,2,2,6,False,True,118,0,0.0,0.0,unfixed
20210124,3,3,6,False,True,117,0,0.0,0.0,unfixed
20210124,4,4,6,False,True,116,0,0.0,0.0,unfixed
20210124,5,5,6,False,True,101,0,0.0,0.0,unfixed
20210124,6,6,6,False,True,118,0,0.0,0.0,unfixed
20210124,7,7,6,False,True,149,0,0.0,0.0,unfixed
20210124,8,8,6,False,True,182,0,0.0,0.0,unfixed
20210124,9,9,6,False,True,162,0,0.0,0.0,unfixed
20210124,10,10,6,False,True,154,0,0.0,0.0,unfixed
20210124,11,11,6,False,True,164,0,0.0,0.0,unfixed
20210124,12,12,6,False,True,105,0,0.0,0.0,unfixed
20210124,13,13,6,False,True,171,0,0.0,0.0,unfixed
20210124,14,14,6,False,True,163,0,0.0,0.0,unfixed
20210124,15,15,6,False,True,150,0,0.0,0.0,unfixed
20210124,16,16,6,False,True,162,0,0.0,0.0,unfixed
20210124,17,17,6,False,True,135,0,0.0,0.0,unfixed
20210124,18,18,6,False,True,150,0,0.0,0.0,unfixed
20210124,19,19,6,False,True,159,0,0.0,0.0,unfixed
20210124,20,20,6,False,True,136,0,0.0,0.0,unfixed
20210124,21,21,6,False,True,131,0,0.0,0.0,unfixed
20210124,22,22,6,False,True,121,0,0.0,0.0,unfixed
20210124,23,23,6,False,True,115,0,0.0,0.0,unfixed
20210125,0,0,0,False,True,71,0,0.0,0.0,unfixed
20210125,1,1,0,False,True,119,0,0.0,0.0,unfixed
20210125,2,2,0,False,True,117,0,0.0,0.0,unfixed
20210125,3,3,0,False,True,119,0,0.0,0.0,unfixed
20210125,4,4,0,False,True,118,0,0.0,0.0,unfixed
20210125,5,5,0,False,True,106,0,0.0,0.0,unfixed
20210125,6,6,0,False,True,114,0,0.0,0.0,unfixed
20210125,7,7,0,False,True,135,0,0.0,25.5,dow_median
20210125,8,8,0,False,False,156,796,1.277688604,796.0,none
20210125,9,9,0,False,False,170,417,0.614138439,417.0,none
20210125,10,10,0,False,False,172,383,0.557496361,383.0,none
20210125,11,11,0,False,False,180,1971,2.73370319,1971.0,none
20210125,12,12,0,False,True,122,0,0.0,1650.5,interp
20210125,13,13,0,False,False,179,1330,1.854951185,1330.0,none
20210125,14,14,0,False,False,177,1732,2.446327684,1732.0,none
20210125,15,15,0,False,False,175,926,1.326647564,926.0,none
20210125,16,16,0,False,False,166,2269,3.412030075,2269.0,none
20210125,17,17,0,False,False,141,797,1.413120567,797.0,none
20210125,18,18,0,False,False,142,896,1.583038869,896.0,none
20210125,19,19,0,False,False,110,2599,5.893424036,2599.0,none
20210125,20,20,0,False,False,109,78,0.179310345,78.0,none
20210125,21,21,0,False,False,116,36,0.077419355,36.0,none
20210125,22,22,0,False,False,123,181,0.367886179,181.0,none
20210125,23,23,0,False,False,102,30,0.073710074,30.0,none
20210126,0,0,1,False,False,24,0,0.0,0.0,none
20210126,1,1,1,False,False,21,0,0.0,0.0,none
20210126,2,2,1,False,False,21,0,0.0,0.0,none
20210126,3,3,1,False,False,23,0,0.0,0.0,none
20210126,4,4,1,False,False,23,0,0.0,0.0,none
20210126,5,5,1,False,False,21,0,0.0,0.0,none
20210126,6,6,1,False,False,21,0,0.0,0.0,none
20210126,7,7,1,False,False,24,0,0.0,0.0,none
20210126,8,8,1,False,False,21,0,0.0,0.0,none
20210126,9,9,1,False,False,21,0,0.0,0.0,none
20210126,10,10,1,False,False,23,0,0.0,0.0,none
20210126,11,11,1,False,False,22,0,0.0,0.0,none
20210126,12,12,1,False,False,21,0,0.0,0.0,none
20210126,13,13,1,False,False,21,0,0.0,0.0,none
20210126,14,14,1,False,False,23,0,0.0,0.0,none
20210126,15,15,1,False,False,21,0,0.0,0.0,none
20210126,16,16,1,False,False,21,0,0.0,0.0,none
20210126,17,17,1,False,False,23,0,0.0,0.0,none
20210126,18,18,1,False,False,21,0,0.0,0.0,none
20210126,19,19,1,False,False,21,0,0.0,0.0,none
20210126,20,20,1,False,False,23,0,0.0,0.0,none
20210126,21,21,1,False,False,21,0,0.0,0.0,none
20210126,22,22,1,False,False,21,0,0.0,0.0,none
20210126,23,23,1,False,False,24,0,0.0,0.0,none
20210127,0,0,2,False,False,24,0,0.0,0.0,none
20210127,1,1,2,False,False,21,0,0.0,0.0,none
20210127,2,2,2,False,False,21,0,0.0,0.0,none
20210127,3,3,2,False,False,23,0,0.0,0.0,none
20210127,4,4,2,False,False,23,0,0.0,0.0,none
20210127,5,5,2,False,False,21,0,0.0,0.0,none
20210127,6,6,2,False,False,21,0,0.0,0.0,none
20210127,7,7,2,False,False,24,0,0.0,0.0,none
20210127,8,8,2,False,False,21,0,0.0,0.0,none
20210127,9,9,2,False,False,21,0,0.0,0.0,none
20210127,10,10,2,False,False,23,0,0.0,0.0,none
20210127,11,11,2,False,False,22,0,0.0,0.0,none
20210127,12,12,2,False,False,21,0,0.0,0.0,none
20210127,13,13,2,False,False,21,0,0.0,0.0,none
20210127,14,14,2,False,False,23,0,0.0,0.0,none
20210127,15,15,2,False,False,21,0,0.0,0.0,none
20210127,16,16,2,False,False,21,0,0.0,0.0,none
20210127,17,17,2,False,False,23,0,0.0,0.0,none
20210127,18,18,2,False,False,21,0,0.0,0.0,none
20210127,19,19,2,False,False,21,0,0.0,0.0,none
20210127,20,20,2,False,False,23,0,0.0,0.0,none
20210127,21,21,2,False,False,21,0,0.0,0.0,none
20210127,22,22,2,False,False,21,0,0.0,0.0,none
20210127,23,23,2,False,False,24,0,0.0,0.0,none
20210128,0,0,3,False,False,24,0,0.0,0.0,none
20210128,1,1,3,False,False,26,24,0.235294118,24.0,none
20210128,2,2,3,False,False,24,437,4.552083333,437.0,none
20210128,3,3,3,False,False,24,1,0.010638298,1.0,none
20210128,4,4,3,False,False,26,827,8.107843137,827.0,none
20210128,5,5,3,False,False,24,120,1.276595745,120.0,none
20210128,6,6,3,False,False,23,110,1.195652174,110.0,none
20210128,7,7,3,False,False,57,16,0.070175439,16.0,none
20210128,8,8,3,False,False,175,375,0.536480687,375.0,none
20210128,9,9,3,False,False,178,347,0.486676017,347.0,none
20210128,10,10,3,False,False,167,810,1.210762332,810.0,none
20210128,11,11,3,False,False,183,1049,1.43502052,1049.0,none
20210128,12,12,3,False,False,121,309,0.637113402,309.0,none
20210128,13,13,3,False,False,185,1034,1.397297297,1034.0,none
20210128,14,14,3,False,False,180,2238,3.104022191,2238.0,none
20210128,15,15,3,False,False,182,861,1.185950413,861.0,none
20210128,16,16,3,False,False,168,1685,2.511177347,1685.0,none
20210128,17,17,3,False,False,150,512,0.853333333,512.0,none
20210128,18,18,3,False,False,177,971,1.373408769,971.0,none
20210128,19,19,3,False,False,153,1690,2.765957447,1690.0,none
20210128,20,20,3,False,False,112,358,0.800894855,358.0,none
20210128,21,21,3,False,False,118,40,0.08492569,40.0,none
20210128,22,22,3,False,False,109,12,0.027522936,12.0,none
20210128,23,23,3,False,False,107,4,0.009324009,4.0,none
20210129,0,0,4,False,True,66,0,0.0,42.5,interp
20210129,1,1,4,False,False,104,81,0.194244604,81.0,none
20210129,2,2,4,False,False,113,634,1.408888889,634.0,none
20210129,3,3,4,False,False,104,2,0.004830918,2.0,none
20210129,4,4,4,False,False,110,1,0.002277904,1.0,none
20210129,5,5,4,False,False,90,24,0.066666667,24.0,none
20210129,6,6,4,False,False,113,2,0.004424779,2.0,none
20210129,7,7,4,False,False,137,1288,2.354661792,1288.0,none
20210129,8,8,4,False,False,202,364,0.45049505,364.0,none
20210129,9,9,4,False,False,179,301,0.419804742,301.0,none
20210129,10,10,4,False,False,163,601,0.923195084,601.0,none
20210129,11,11,4,False,False,193,1135,1.468305304,1135.0,none
20210129,12,12,4,False,False,118,2095,4.447983015,2095.0,none
20210129,13,13,4,False,False,187,809,1.084450402,809.0,none
20210129,14,14,4,False,False,177,972,1.370944993,972.0,none
20210129,15,15,4,False,False,163,868,1.329249617,868.0,none
20210129,16,16,4,False,False,164,1383,2.111450382,1383.0,none
20210129,17,17,4,False,False,128,255,0.5,255.0,none
20210129,18,18,4,False,False,166,1132,1.709969789,1132.0,none
20210129,19,19,4,False,False,160,4121,6.429017161,4121.0,none
20210129,20,20,4,False,False,135,76,0.141263941,76.0,none
20210129,21,21,4,False,False,124,51,0.103030303,51.0,none
20210129,22,22,4,False,False,113,63,0.14,63.0,none
20210129,23,23,4,False,False,104,82,0.198067633,82.0,none
20210130,0,0,5,False,False,67,213,0.794776119,213.0,none
20210130,1,1,5,False,False,104,72,0.173076923,72.0,none
20210130,2,2,5,False,False,110,81,0.184510251,81.0,none
20210130,3,3,5,False,False,112,325,0.725446429,325.0,none
20210130,4,4,5,False,False,109,3,0.006880734,3.0,none
20210130,5,5,5,False,False,98,13,0.03307888,13.0,none
20210130,6,6,5,False,False,114,42,0.09190372,42.0,none
20210130,7,7,5,False,False,132,783,1.488593156,783.0,none
20210130,8,8,5,False,True,180,0,0.0,0.0,unfixed
20210130,9,9,5,False,True,179,0,0.0,0.0,unfixed
20210130,10,10,5,False,True,159,0,0.0,0.0,unfixed
20210130,11,11,5,False,True,144,0,0.0,0.0,unfixed
20210130,12,12,5,False,True,108,0,0.0,0.0,unfixed
20210130,13,13,5,False,True,167,0,0.0,0.0,unfixed
20210130,14,14,5,False,True,166,0,0.0,0.0,unfixed
20210130,15,15,5,False,True,164,0,0.0,0.0,unfixed
20210130,16,16,5,False,True,161,0,0.0,0.0,unfixed
20210130,17,17,5,False,True,156,0,0.0,0.0,unfixed
20210130,18,18,5,False,True,160,0,0.0,0.0,unfixed
20210130,19,19,5,False,True,141,0,0.0,0.0,unfixed
20210130,20,20,5,False,True,109,0,0.0,0.0,unfixed
20210130,21,21,5,False,True,113,0,0.0,0.0,unfixed
20210130,22,22,5,False,True,106,0,0.0,0.0,unfixed
20210130,23,23,5,False,True,104,0,0.0,0.0,unfixed
20210131,0,0,6,False,False,24,0,0.0,0.0,none
20210131,1,1,6,False,False,21,0,0.0,0.0,none
20210131,2,2,6,False,False,21,0,0.0,0.0,none
20210131,3,3,6,False,False,23,0,0.0,0.0,none
20210131,4,4,6,False,False,23,0,0.0,0.0,none
20210131,5,5,6,False,False,21,0,0.0,0.0,none
20210131,6,6,6,False,False,21,0,0.0,0.0,none
20210131,7,7,6,False,False,24,0,0.0,0.0,none
20210131,8,8,6,False,False,21,0,0.0,0.0,none
20210131,9,9,6,False,False,21,0,0.0,0.0,none
20210131,10,10,6,False,False,23,0,0.0,0.0,none
20210131,11,11,6,False,False,22,0,0.0,0.0,none
20210131,12,12,6,False,False,21,0,0.0,0.0,none
20210131,13,13,6,False,False,21,0,0.0,0.0,none
20210131,14,14,6,False,False,23,0,0.0,0.0,none
20210131,15,15,6,False,False,21,0,0.0,0.0,none
20210131,16,16,6,False,False,21,0,0.0,0.0,none
20210131,17,17,6,False,False,23,0,0.0,0.0,none
20210131,18,18,6,False,False,21,0,0.0,0.0,none
20210131,19,19,6,False,False,21,0,0.0,0.0,none
20210131,20,20,6,False,False,23,0,0.0,0.0,none
20210131,21,21,6,False,False,21,0,0.0,0.0,none
20210131,22,22,6,False,False,21,0,0.0,0.0,none
20210131,23,23,6,False,False,24,0,0.0,0.0,none
20210201,0,0,0,False,True,61,0,0.0,0.0,unfixed
20210201,1,1,0,False,True,99,0,0.0,0.0,unfixed
20210201,2,2,0,False,True,104,0,0.0,0.0,unfixed
20210201,3,3,0,False,True,103,0,0.0,0.0,unfixed
20210201,4,4,0,False,True,105,0,0.0,0.0,unfixed
20210201,5,5,0,False,True,90,0,0.0,0.0,unfixed
20210201,6,6,0,False,True,109,0,0.0,0.0,unfixed
20210201,7,7,0,False,True,122,0,0.0,25.5,dow_median
20210201,8,8,0,False,False,179,541,0.754532775,541.0,none
20210201,9,9,0,False,False,173,432,0.624277457,432.0,none
20210201,10,10,0,False,False,171,402,0.589442815,402.0,none
20210201,11,11,0,False,False,174,630,0.903873745,630.0,none
20210201,12,12,0,False,False,94,284,0.759358289,284.0,none
20210201,13,13,0,False,False,170,318,0.469026549,318.0,none
20210201,14,14,0,False,False,165,7437,11.30243161,7437.0,none
20210201,15,15,0,False,False,152,878,1.44645799,878.0,none
20210201,16,16,0,False,False,162,4585,7.075617284,4585.0,none
20210201,17,17,0,False,False,124,598,1.210526316,598.0,none
20210201,18,18,0,False,False,147,1777,3.032423208,1777.0,none
20210201,19,19,0,False,False,144,1913,3.332752613,1913.0,none
20210201,20,20,0,False,False,121,8,0.016563147,8.0,none
20210201,21,21,0,False,False,121,181,0.373966942,181.0,none
20210201,22,22,0,False,False,106,97,0.229314421,97.0,none
20210201,23,23,0,False,False,99,287,0.728426396,287.0,none
20210202,0,0,1,False,True,62,0,0.0,170.0,interp
20210202,1,1,1,False,False,102,53,0.129901961,53.0,none
20210202,2,2,1,False,False,109,127,0.291954023,127.0,none
20210202,3,3,1,False,False,104,32,0.077294686,32.0,none
20210202,4,4,1,False,False,100,69,0.172932331,69.0,none
20210202,5,5,1,False,False,85,5,0.014792899,5.0,none
20210202,6,6,1,False,False,103,500,1.219512195,500.0,none
20210202,7,7,1,False,False,132,711,1.346590909,711.0,none
20210202,8,8,1,False,False,172,789,1.145137881,789.0,none
20210202,9,9,1,False,False,177,1354,1.917847025,1354.0,none
20210202,10,10,1,False,False,173,847,1.225759768,847.0,none
20210202,11,11,1,False,False,168,535,0.798507463,535.0,none
20210202,12,12,1,False,False,103,25,0.060827251,25.0,none
20210202,13,13,1,False,False,182,2071,2.84869326,2071.0,none
20210202,14,14,1,False,False,177,1125,1.588983051,1125.0,none
20210202,15,15,1,False,False,156,978,1.572347267,978.0,none
20210202,16,16,1,False,False,167,6974,10.44011976,6974.0,none
20210202,17,17,1,False,False,136,340,0.623853211,340.0,none
20210202,18,18,1,False,False,152,869,1.433993399,869.0,none
20210202,19,19,1,False,False,128,2312,4.533333333,2312.0,none
20210202,20,20,1,False,False,113,1,0.002222222,1.0,none
20210202,21,21,1,False,False,111,177,0.397752809,177.0,none
20210202,22,22,1,False,False,101,184,0.457711443,184.0,none
20210202,23,23,1,False,False,96,50,0.130208333,50.0,none
20210203,0,0,2,False,False,66,7,0.026515152,7.0,none
20210203,1,1,2,False,False,105,487,1.15952381,487.0,none
20210203,2,2,2,False,False,113,119,0.264444444,119.0,none
20210203,3,3,2,False,False,105,499,1.185273159,499.0,none
20210203,4,4,2,False,False,106,28,0.066193853,28.0,none
20210203,5,5,2,False,False,91,37,0.101369863,37.0,none
20210203,6,6,2,False,False,112,212,0.473214286,212.0,none
20210203,7,7,2,False,False,129,873,1.69844358,873.0,none
20210203,8,8,2,False,False,170,234,0.343612335,234.0,none
20210203,9,9,2,False,False,170,297,0.437407953,297.0,none
20210203,10,10,2,False,False,156,931,1.496784566,931.0,none
20210203,11,11,2,False,False,162,850,1.311728395,850.0,none
20210203,12,12,2,False,False,102,110,0.270935961,110.0,none
20210203,13,13,2,False,False,158,693,1.096518987,693.0,none
20210203,14,14,2,False,False,159,1683,2.650393701,1683.0,none
20210203,15,15,2,False,False,151,1489,2.461157025,1489.0,none
20210203,16,16,2,False,False,160,849,1.3265625,849.0,none
20210203,17,17,2,False,False,132,508,0.960302457,508.0,none
20210203,18,18,2,False,False,132,666,1.261363636,666.0,none
20210203,19,19,2,False,False,115,3591,7.823529412,3591.0,none
20210203,20,20,2,False,False,122,32,0.065439673,32.0,none
20210203,21,21,2,False,False,123,18,0.036659878,18.0,none
20210203,22,22,2,False,False,113,306,0.678492239,306.0,none
20210203,23,23,2,False,False,105,17,0.040669856,17.0,none
20210204,0,0,3,False,False,68,231,0.852398524,231.0,none
20210204,1,1,3,False,False,108,132,0.305555556,132.0,none
20210204,2,2,3,False,False,110,40,0.091116173,40.0,none
20210204,3,3,3,False,False,107,630,1.478873239,630.0,none
20210204,4,4,3,False,False,109,155,0.356321839,155.0,none
20210204,5,5,3,False,False,90,116,0.32132964,116.0,none
20210204,6,6,3,False,False,109,322,0.740229885,322.0,none
20210204,7,7,3,False,False,128,469,0.914230019,469.0,none
20210204,8,8,3,False,False,156,793,1.2688,793.0,none
20210204,9,9,3,False,False,160,751,1.171606864,751.0,none
20210204,10,10,3,False,False,157,3151,5.033546326,3151.0,none
20210204,11,11,3,False,False,149,1159,1.94789916,1159.0,none
20210204,12,12,3,False,False,89,108,0.302521008,108.0,none
20210204,13,13,3,False,False,155,695,1.119162641,695.0,none
20210204,14,14,3,False,False,152,1221,2.008223684,1221.0,none
20210204,15,15,3,False,False,140,760,1.357142857,760.0,none
20210204,16,16,3,False,False,142,679,1.199646643,679.0,none
20210204,17,17,3,False,False,122,310,0.63394683,310.0,none
20210204,18,18,3,False,False,139,1043,1.872531418,1043.0,none
20210204,19,19,3,False,False,113,951,2.10864745,951.0,none
20210204,20,20,3,False,False,101,81,0.200992556,81.0,none
20210204,21,21,3,False,False,108,2,0.004618938,2.0,none
20210204,22,22,3,False,False,107,312,0.730679157,312.0,none
20210204,23,23,3,False,False,97,300,0.773195876,300.0,none
20210205,0,0,4,False,False,63,60,0.23715415,60.0,none
20210205,1,1,4,False,False,105,128,0.306220096,128.0,none
20210205,2,2,4,False,False,104,234,0.563855422,234.0,none
20210205,3,3,4,False,False,105,148,0.351543943,148.0,none
20210205,4,4,4,False,False,107,140,0.327868852,140.0,none
20210205,5,5,4,False,False,92,213,0.577235772,213.0,none
20210205,6,6,4,False,False,107,33,0.077464789,33.0,none
20210205,7,7,4,False,False,61,2623,10.75,2623.0,none
20210205,8,8,4,False,False,24,686,7.145833333,686.0,none
20210205,9,9,4,False,False,22,662,7.522727273,662.0,none
20210205,10,10,4,False,False,22,2737,31.10227273,2737.0,none
20210205,11,11,4,False,False,25,633,6.33,633.0,none
20210205,12,12,4,False,False,22,18,0.202247191,18.0,none
20210205,13,13,4,False,False,22,1901,21.35955056,1901.0,none
20210205,14,14,4,False,False,23,1826,20.28888889,1826.0,none
20210205,15,15,4,False,False,25,439,4.434343434,439.0,none
20210205,16,16,4,False,False,23,3627,39.85714286,3627.0,none
20210205,17,17,4,False,False,22,116,1.303370787,116.0,none
20210205,18,18,4,False,False,25,1063,10.73737374,1063.0,none
20210205,19,19,4,False,False,22,666,7.568181818,666.0,none
20210205,20,20,4,False,False,22,595,6.761363636,595.0,none
20210205,21,21,4,False,False,24,0,0.0,0.0,none
20210205,22,22,4,False,False,23,0,0.0,0.0,none
20210205,23,23,4,False,False,22,500,5.681818182,500.0,none
20210206,0,0,5,False,False,66,300,1.132075472,300.0,none
20210206,1,1,5,False,False,106,100,0.235849057,100.0,none
20210206,2,2,5,False,False,104,564,1.355769231,564.0,none
20210206,3,3,5,False,False,107,32,0.075117371,32.0,none
20210206,4,4,5,False,False,109,361,0.829885057,361.0,none
20210206,5,5,5,False,True,90,0,0.0,182.5,interp
20210206,6,6,5,False,False,102,4,0.009779951,4.0,none
20210206,7,7,5,False,False,71,1510,5.354609929,1510.0,none
20210206,8,8,5,False,False,23,0,0.0,0.0,none
20210206,9,9,5,False,False,25,0,0.0,0.0,none
20210206,10,10,5,False,False,26,0,0.0,0.0,none
20210206,11,11,5,False,False,26,0,0.0,0.0,none
20210206,12,12,5,False,False,25,0,0.0,0.0,none
20210206,13,13,5,False,False,23,0,0.0,0.0,none
20210206,14,14,5,False,False,22,0,0.0,0.0,none
20210206,15,15,5,False,False,23,0,0.0,0.0,none
20210206,16,16,5,False,False,25,0,0.0,0.0,none
20210206,17,17,5,False,False,23,0,0.0,0.0,none
20210206,18,18,5,False,False,22,0,0.0,0.0,none
20210206,19,19,5,False,False,25,0,0.0,0.0,none
20210206,20,20,5,False,False,23,0,0.0,0.0,none
20210206,21,21,5,False,False,23,0,0.0,0.0,none
20210206,22,22,5,False,False,23,0,0.0,0.0,none
20210206,23,23,5,False,False,24,0,0.0,0.0,none
20210207,0,0,6,False,False,23,0,0.0,0.0,none
20210207,1,1,6,False,False,22,0,0.0,0.0,none
20210207,2,2,6,False,False,25,0,0.0,0.0,none
20210207,3,3,6,False,False,22,0,0.0,0.0,none
20210207,4,4,6,False,False,23,0,0.0,0.0,none
20210207,5,5,6,False,False,22,0,0.0,0.0,none
20210207,6,6,6,False,False,24,0,0.0,0.0,none
20210207,7,7,6,False,False,22,0,0.0,0.0,none
20210207,8,8,6,False,False,22,0,0.0,0.0,none
20210207,9,9,6,False,False,24,0,0.0,0.0,none
20210207,10,10,6,False,False,22,0,0.0,0.0,none
20210207,11,11,6,False,False,22,0,0.0,0.0,none
20210207,12,12,6,False,False,24,0,0.0,0.0,none
20210207,13,13,6,False,False,23,0,0.0,0.0,none
20210207,14,14,6,False,False,22,0,0.0,0.0,none
20210207,15,15,6,False,False,22,0,0.0,0.0,none
20210207,16,16,6,False,False,25,0,0.0,0.0,none
20210207,17,17,6,False,False,22,0,0.0,0.0,none
20210207,18,18,6,False,False,22,0,0.0,0.0,none
20210207,19,19,6,False,False,24,0,0.0,0.0,none
20210207,20,20,6,False,False,22,0,0.0,0.0,none
20210207,21,21,6,False,False,23,0,0.0,0.0,none
20210207,22,22,6,False,False,23,0,0.0,0.0,none
20210207,23,23,6,False,False,24,0,0.0,0.0,none
20210208,0,0,0,False,True,63,0,0.0,0.0,unfixed
20210208,1,1,0,False,True,99,0,0.0,0.0,unfixed
20210208,2,2,0,False,True,103,0,0.0,0.0,unfixed
20210208,3,3,0,False,True,100,0,0.0,0.0,unfixed
20210208,4,4,0,False,True,105,0,0.0,0.0,unfixed
20210208,5,5,0,False,True,87,0,0.0,0.0,unfixed
20210208,6,6,0,False,True,98,0,0.0,0.0,unfixed
20210208,7,7,0,False,True,93,0,0.0,25.5,dow_median
20210208,8,8,0,False,False,154,669,1.086038961,669.0,none
20210208,9,9,0,False,False,160,538,0.839313573,538.0,none
20210208,10,10,0,False,False,142,785,1.382042254,785.0,none
20210208,11,11,0,False,False,164,2411,3.669710807,2411.0,none
20210208,12,12,0,False,False,103,120,0.291970803,120.0,none
20210208,13,13,0,False,False,165,909,1.379362671,909.0,none
20210208,14,14,0,False,False,166,2129,3.211161388,2129.0,none
20210208,15,15,0,False,False,161,1722,2.669767442,1722.0,none
20210208,16,16,0,False,False,158,3012,4.765822785,3012.0,none
20210208,17,17,0,False,False,136,273,0.500917431,273.0,none
20210208,18,18,0,False,False,154,992,1.61300813,992.0,none
20210208,19,19,0,False,False,142,2012,3.548500882,2012.0,none
20210208,20,20,0,False,False,129,33,0.06407767,33.0,none
20210208,21,21,0,False,False,121,37,0.07628866,37.0,none
20210208,22,22,0,False,True,107,0,0.0,51.0,interp
20210208,23,23,0,False,False,101,65,0.160493827,65.0,none
20210209,0,0,1,False,False,68,147,0.542435424,147.0,none
20210209,1,1,1,False,False,99,96,0.243037975,96.0,none
20210209,2,2,1,False,False,104,200,0.481927711,200.0,none
20210209,3,3,1,False,False,103,513,1.242130751,513.0,none
20210209,4,4,1,False,False,100,83,0.208542714,83.0,none
20210209,5,5,1,False,False,85,56,0.165680473,56.0,none
20210209,6,6,1,False,False,103,540,1.307506053,540.0,none
20210209,7,7,1,False,False,128,996,1.952941176,996.0,none
20210209,8,8,1,False,False,169,520,0.77037037,520.0,none
20210209,9,9,1,False,False,172,636,0.923076923,636.0,none
20210209,10,10,1,False,False,166,477,0.717293233,477.0,none
20210209,11,11,1,False,False,172,592,0.862973761,592.0,none
20210209,12,12,1,False,False,110,65,0.148063781,65.0,none
20210209,13,13,1,False,False,169,1161,1.714918759,1161.0,none
20210209,14,14,1,False,False,165,923,1.396369138,923.0,none
20210209,15,15,1,False,False,158,1319,2.090332805,1319.0,none
20210209,16,16,1,False,False,151,1198,1.986733002,1198.0,none
20210209,17,17,1,False,False,129,885,1.711798839,885.0,none
20210209,18,18,1,False,False,155,1801,2.914239482,1801.0,none
20210209,19,19,1,False,False,132,2578,4.901140684,2578.0,none
20210209,20,20,1,False,False,109,50,0.114416476,50.0,none
20210209,21,21,1,False,False,105,13,0.030952381,13.0,none
20210209,22,22,1,False,False,101,148,0.366336634,148.0,none
20210209,23,23,1,False,False,95,167,0.441798942,167.0,none
20210210,0,0,2,False,False,65,121,0.467181467,121.0,none
20210210,1,1,2,False,False,103,39,0.095121951,39.0,none
20210210,2,2,2,False,False,104,158,0.378896882,158.0,none
20210210,3,3,2,False,False,99,40,0.100755668,40.0,none
20210210,4,4,2,False,False,106,143,0.337264151,143.0,none
20210210,5,5,2,False,False,91,574,1.576923077,574.0,none
20210210,6,6,2,False,False,104,246,0.592771084,246.0,none
20210210,7,7,2,False,False,119,577,1.217299578,577.0,none
20210210,8,8,2,False,False,155,324,0.522580645,324.0,none
20210210,9,9,2,False,False,166,1812,2.728915663,1812.0,none
20210210,10,10,2,False,False,164,903,1.378625954,903.0,none
20210210,11,11,2,False,False,161,1468,2.283048212,1468.0,none
20210210,12,12,2,False,False,111,508,1.144144144,508.0,none
20210210,13,13,2,False,False,153,483,0.791803279,483.0,none
20210210,14,14,2,False,False,162,180,0.277349769,180.0,none
20210210,15,15,2,False,True,152,0,0.0,1070.0,dow_median
20210210,16,16,2,False,True,153,0,0.0,1460.0,dow_median
20210210,17,17,2,False,True,130,0,0.0,616.0,dow_median
20210210,18,18,2,False,True,122,0,0.0,1177.0,dow_median
20210210,19,19,2,False,True,123,0,0.0,2100.0,dow_median
20210210,20,20,2,False,True,133,0,0.0,81.0,dow_median
20210210,21,21,2,False,True,129,0,0.0,70.5,dow_median
20210210,22,22,2,False,True,118,0,0.0,112.0,dow_median
20210210,23,23,2,False,True,105,0,0.0,100.5,dow_median
20210211,0,0,3,False,True,70,0,0.0,209.0,dow_median
20210211,1,1,3,False,True,107,0,0.0,144.5,dow_median
20210211,2,2,3,False,True,104,0,0.0,112.0,dow_median
20210211,3,3,3,False,True,101,0,0.0,99.0,dow_median
20210211,4,4,3,False,True,111,0,0.0,118.0,dow_median
20210211,5,5,3,False,True,90,0,0.0,116.0,dow_median
20210211,6,6,3,False,True,105,0,0.0,173.5,dow_median
20210211,7,7,3,False,True,133,0,0.0,935.0,dow_median
20210211,8,8,3,False,True,168,0,0.0,598.0,dow_median
20210211,9,9,3,False,True,168,0,0.0,1096.0,dow_median
20210211,10,10,3,False,True,156,0,0.0,957.0,dow_median
20210211,11,11,3,False,True,168,0,0.0,1131.0,dow_median
20210211,12,12,3,False,True,104,0,0.0,150.0,dow_median
20210211,13,13,3,False,True,154,0,0.0,1315.0,dow_median
20210211,14,14,3,False,True,159,0,0.0,1221.0,dow_median
20210211,15,15,3,False,True,150,0,0.0,861.0,dow_median
20210211,16,16,3,False,True,157,0,0.0,1547.0,dow_median
20210211,17,17,3,False,True,136,0,0.0,512.0,dow_median
20210211,18,18,3,False,True,145,0,0.0,1531.0,dow_median
20210211,19,19,3,False,True,136,0,0.0,2126.0,dow_median
20210211,20,20,3,False,True,121,0,0.0,91.0,dow_median
20210211,21,21,3,False,True,109,0,0.0,79.5,dow_median
20210211,22,22,3,False,True,104,0,0.0,106.0,dow_median
20210211,23,23,3,False,True,100,0,0.0,92.0,dow_median
20210212,0,0,4,False,True,66,0,0.0,128.0,dow_median
20210212,1,1,4,False,True,106,0,0.0,102.5,dow_median
20210212,2,2,4,False,True,104,0,0.0,161.5,dow_median
20210212,3,3,4,False,True,107,0,0.0,148.0,dow_median
20210212,4,4,4,False,True,109,0,0.0,140.0,dow_median
20210212,5,5,4,False,True,90,0,0.0,73.0,dow_median
20210212,6,6,4,False,True,102,0,0.0,109.5,dow_median
20210212,7,7,4,False,True,71,0,0.0,1092.5,dow_median
20210212,8,8,4,False,False,23,0,0.0,0.0,none
20210212,9,9,4,False,False,25,0,0.0,0.0,none
20210212,10,10,4,False,False,26,0,0.0,0.0,none
20210212,11,11,4,False,False,26,0,0.0,0.0,none
20210212,12,12,4,False,False,25,0,0.0,0.0,none
20210212,13,13,4,False,False,23,0,0.0,0.0,none
20210212,14,14,4,False,False,22,0,0.0,0.0,none
20210212,15,15,4,False,False,23,0,0.0,0.0,none
20210212,16,16,4,False,False,25,0,0.0,0.0,none
20210212,17,17,4,False,False,23,0,0.0,0.0,none
20210212,18,18,4,False,False,22,0,0.0,0.0,none
20210212,19,19,4,False,False,25,0,0.0,0.0,none
20210212,20,20,4,False,False,23,0,0.0,0.0,none
20210212,21,21,4,False,False,23,0,0.0,0.0,none
20210212,22,22,4,False,False,23,0,0.0,0.0,none
20210212,23,23,4,False,False,24,0,0.0,0.0,none
20210213,0,0,5,False,True,66,0,0.0,118.0,dow_median
20210213,1,1,5,False,True,106,0,0.0,104.0,dow_median
20210213,2,2,5,False,True,104,0,0.0,117.0,dow_median
20210213,3,3,5,False,True,107,0,0.0,98.0,dow_median
20210213,4,4,5,False,True,109,0,0.0,81.0,dow_median
20210213,5,5,5,False,True,90,0,0.0,44.0,dow_median
20210213,6,6,5,False,True,102,0,0.0,140.0,dow_median
20210213,7,7,5,False,True,71,0,0.0,844.0,dow_median
20210213,8,8,5,False,False,23,0,0.0,0.0,none
20210213,9,9,5,False,False,25,0,0.0,0.0,none
20210213,10,10,5,False,False,26,0,0.0,0.0,none
20210213,11,11,5,False,False,26,0,0.0,0.0,none
20210213,12,12,5,False,False,25,0,0.0,0.0,none
20210213,13,13,5,False,False,23,0,0.0,0.0,none
20210213,14,14,5,False,False,22,0,0.0,0.0,none
20210213,15,15,5,False,False,23,0,0.0,0.0,none
20210213,16,16,5,False,False,25,0,0.0,0.0,none
20210213,17,17,5,False,False,23,0,0.0,0.0,none
20210213,18,18,5,False,False,22,0,0.0,0.0,none
20210213,19,19,5,False,False,25,0,0.0,0.0,none
20210213,20,20,5,False,False,23,0,0.0,0.0,none
20210213,21,21,5,False,False,23,0,0.0,0.0,none
20210213,22,22,5,False,False,23,0,0.0,0.0,none
20210213,23,23,5,False,False,24,0,0.0,0.0,none
20210214,0,0,6,False,False,23,0,0.0,0.0,none
20210214,1,1,6,False,False,22,0,0.0,0.0,none
20210214,2,2,6,False,False,25,0,0.0,0.0,none
20210214,3,3,6,False,False,22,0,0.0,0.0,none
20210214,4,4,6,False,False,23,0,0.0,0.0,none
20210214,5,5,6,False,False,22,0,0.0,0.0,none
20210214,6,6,6,False,False,24,0,0.0,0.0,none
20210214,7,7,6,False,False,22,0,0.0,0.0,none
20210214,8,8,6,False,False,22,0,0.0,0.0,none
20210214,9,9,6,False,False,24,0,0.0,0.0,none
20210214,10,10,6,False,False,22,0,0.0,0.0,none
20210214,11,11,6,False,False,22,0,0.0,0.0,none
20210214,12,12,6,False,False,24,0,0.0,0.0,none
20210214,13,13,6,False,False,23,0,0.0,0.0,none
20210214,14,14,6,False,False,22,0,0.0,0.0,none
20210214,15,15,6,False,False,22,0,0.0,0.0,none
20210214,16,16,6,False,False,25,0,0.0,0.0,none
20210214,17,17,6,False,False,22,0,0.0,0.0,none
20210214,18,18,6,False,False,22,0,0.0,0.0,none
20210214,19,19,6,False,False,24,0,0.0,0.0,none
20210214,20,20,6,False,False,22,0,0.0,0.0,none
20210214,21,21,6,False,False,23,0,0.0,0.0,none
20210214,22,22,6,False,False,23,0,0.0,0.0,none
20210214,23,23,6,False,False,24,0,0.0,0.0,none
20210215,0,0,0,False,True,76,0,0.0,0.0,unfixed
20210215,1,1,0,False,True,110,0,0.0,0.0,unfixed
20210215,2,2,0,False,True,117,0,0.0,0.0,unfixed
20210215,3,3,0,False,True,116,0,0.0,0.0,unfixed
20210215,4,4,0,False,True,110,0,0.0,0.0,unfixed
20210215,5,5,0,False,True,97,0,0.0,0.0,unfixed
20210215,6,6,0,False,True,118,0,0.0,0.0,unfixed
20210215,7,7,0,False,True,132,0,0.0,25.5,dow_median
20210215,8,8,0,False,False,188,635,0.845539281,635.0,none
20210215,9,9,0,False,False,186,1362,1.833109017,1362.0,none
20210215,10,10,0,False,False,164,825,1.255707763,825.0,none
20210215,11,11,0,False,False,173,2724,3.930735931,2724.0,none
20210215,12,12,0,False,True,112,0,0.0,2750.0,interp
20210215,13,13,0,False,False,171,2776,4.052554745,2776.0,none
20210215,14,14,0,False,False,177,2004,2.830508475,2004.0,none
20210215,15,15,0,False,False,163,154,0.236196319,154.0,none
20210215,16,16,0,False,False,170,903,1.329896907,903.0,none
20210215,17,17,0,False,False,134,905,1.694756554,905.0,none
20210215,18,18,0,False,False,161,2247,3.48372093,2247.0,none
20210215,19,19,0,False,False,156,478,0.768488746,478.0,none
20210215,20,20,0,False,False,128,51,0.099804305,51.0,none
20210215,21,21,0,False,False,127,213,0.419291339,213.0,none
20210215,22,22,0,False,False,115,98,0.213973799,98.0,none
20210215,23,23,0,False,False,108,452,1.048723898,452.0,none
20210216,0,0,1,False,False,73,250,0.856164384,250.0,none
20210216,1,1,1,False,False,111,312,0.702702703,312.0,none
20210216,2,2,1,False,False,114,158,0.346491228,158.0,none
20210216,3,3,1,False,False,112,124,0.278026906,124.0,none
20210216,4,4,1,False,False,112,48,0.107142857,48.0,none
20210216,5,5,1,False,False,92,204,0.555858311,204.0,none
20210216,6,6,1,False,False,115,109,0.237472767,109.0,none
20210216,7,7,1,False,False,130,2149,4.124760077,2149.0,none
20210216,8,8,1,False,False,177,453,0.639830508,453.0,none
20210216,9,9,1,False,False,180,518,0.721448468,518.0,none
20210216,10,10,1,False,False,178,803,1.127808989,803.0,none
20210216,11,11,1,False,False,176,714,1.015647226,714.0,none
20210216,12,12,1,False,False,109,4,0.009195402,4.0,none
20210216,13,13,1,False,False,169,352,0.520710059,352.0,none
20210216,14,14,1,False,False,171,3995,5.857771261,3995.0,none
20210216,15,15,1,False,False,163,2195,3.366564417,2195.0,none
20210216,16,16,1,False,False,168,2786,4.139673105,2786.0,none
20210216,17,17,1,False,False,154,82,0.133333333,82.0,none
20210216,18,18,1,False,False,168,757,1.128166915,757.0,none
20210216,19,19,1,False,False,139,2939,5.285971223,2939.0,none
20210216,20,20,1,False,False,114,6,0.013186813,6.0,none
20210216,21,21,1,False,False,118,136,0.289361702,136.0,none
20210216,22,22,1,False,False,103,65,0.158536585,65.0,none
20210216,23,23,1,False,False,106,107,0.253554502,107.0,none
20210217,0,0,2,False,False,72,331,1.153310105,331.0,none
20210217,1,1,2,False,False,107,170,0.399061033,170.0,none
20210217,2,2,2,False,False,112,240,0.534521158,240.0,none
20210217,3,3,2,False,False,116,82,0.176344086,82.0,none
20210217,4,4,2,False,False,113,265,0.588888889,265.0,none
20210217,5,5,2,False,False,97,23,0.059125964,23.0,none
20210217,6,6,2,False,False,121,583,1.209543568,583.0,none
20210217,7,7,2,False,False,141,1612,2.858156028,1612.0,none
20210217,8,8,2,False,False,190,479,0.629434954,479.0,none
20210217,9,9,2,False,False,180,1759,2.443055556,1759.0,none
20210217,10,10,2,False,False,166,1510,2.274096386,1510.0,none
20210217,11,11,2,False,False,183,792,1.081967213,792.0,none
20210217,12,12,2,False,False,103,269,0.652912621,269.0,none
20210217,13,13,2,False,False,183,819,1.120383037,819.0,none
20210217,14,14,2,False,False,179,1272,1.779020979,1272.0,none
20210217,15,15,2,False,False,170,3267,4.811487482,3267.0,none
20210217,16,16,2,False,False,169,1287,1.909495549,1287.0,none
20210217,17,17,2,False,False,138,2402,4.351449275,2402.0,none
20210217,18,18,2,False,False,170,382,0.560939794,382.0,none
20210217,19,19,2,False,False,159,1510,2.374213836,1510.0,none
20210217,20,20,2,False,False,139,117,0.211191336,117.0,none
20210217,21,21,2,False,False,127,15,0.029585799,15.0,none
20210217,22,22,2,False,False,125,292,0.584,292.0,none
20210217,23,23,2,False,False,111,150,0.337837838,150.0,none
20210218,0,0,3,False,False,80,122,0.38125,122.0,none
20210218,1,1,3,False,False,112,287,0.642058166,287.0,none
20210218,2,2,3,False,False,115,28,0.060869565,28.0,none
20210218,3,3,3,False,False,114,300,0.657894737,300.0,none
20210218,4,4,3,False,False,112,42,0.094170404,42.0,none
20210218,5,5,3,False,True,102,0,0.0,484.0,interp
20210218,6,6,3,False,True,121,0,0.0,926.0,interp
20210218,7,7,3,False,False,133,1368,2.571428571,1368.0,none
20210218,8,8,3,False,False,162,197,0.30495356,197.0,none
20210218,9,9,3,False,False,171,1493,2.18914956,1493.0,none
20210218,10,10,3,False,False,165,801,1.215477997,801.0,none
20210218,11,11,3,False,False,177,772,1.088857546,772.0,none
20210218,12,12,3,False,False,102,74,0.18226601,74.0,none
20210218,13,13,3,False,False,174,768,1.101865136,768.0,none
20210218,14,14,3,False,False,164,2874,4.394495413,2874.0,none
20210218,15,15,3,False,False,156,260,0.418006431,260.0,none
20210218,16,16,3,False,False,162,703,1.086553323,703.0,none
20210218,17,17,3,False,False,148,1073,1.818644068,1073.0,none
20210218,18,18,3,False,False,150,1436,2.389351082,1436.0,none
20210218,19,19,3,False,False,138,3139,5.707272727,3139.0,none
20210218,20,20,3,False,True,117,0,0.0,1681.5,interp
20210218,21,21,3,False,False,114,224,0.49339207,224.0,none
20210218,22,22,3,False,False,114,124,0.271929825,124.0,none
20210218,23,23,3,False,False,106,98,0.230588235,98.0,none
20210219,0,0,4,False,False,67,132,0.494382022,132.0,none
20210219,1,1,4,False,False,110,490,1.111111111,490.0,none
20210219,2,2,4,False,False,115,244,0.530434783,244.0,none
20210219,3,3,4,False,False,100,376,0.944723618,376.0,none
20210219,4,4,4,False,False,109,251,0.574370709,251.0,none
20210219,5,5,4,False,False,88,6,0.016997167,6.0,none
20210219,6,6,4,False,False,103,123,0.299270073,123.0,none
20210219,7,7,4,False,False,57,1902,8.305676856,1902.0,none
20210219,8,8,4,False,False,23,994,10.92307692,994.0,none
20210219,9,9,4,False,False,22,800,9.090909091,800.0,none
20210219,10,10,4,False,False,22,4258,48.38636364,4258.0,none
20210219,11,11,4,False,False,24,3369,35.09375,3369.0,none
20210219,12,12,4,False,False,22,320,3.636363636,320.0,none
20210219,13,13,4,False,False,22,1334,15.33333333,1334.0,none
20210219,14,14,4,False,False,25,503,5.132653061,503.0,none
20210219,15,15,4,False,False,22,184,2.06741573,184.0,none
20210219,16,16,4,False,False,22,1306,14.84090909,1306.0,none
20210219,17,17,4,False,False,23,322,3.577777778,322.0,none
20210219,18,18,4,False,False,24,2370,24.43298969,2370.0,none
20210219,19,19,4,False,False,22,931,10.57954545,931.0,none
20210219,20,20,4,False,False,22,62,0.704545455,62.0,none
20210219,21,21,4,False,False,24,124,1.319148936,124.0,none
20210219,22,22,4,False,False,23,330,3.586956522,330.0,none
20210219,23,23,4,False,False,22,55,0.625,55.0,none
20210220,0,0,5,False,False,66,304,1.147169811,304.0,none
20210220,1,1,5,False,False,106,174,0.410377358,174.0,none
20210220,2,2,5,False,False,104,241,0.579326923,241.0,none
20210220,3,3,5,False,False,107,162,0.38028169,162.0,none
20210220,4,4,5,False,False,109,81,0.186206897,81.0,none
20210220,5,5,5,False,False,90,18,0.05,18.0,none
20210220,6,6,5,False,False,102,70,0.171149144,70.0,none
20210220,7,7,5,False,False,71,1378,4.886524823,1378.0,none
20210220,8,8,5,False,False,23,0,0.0,0.0,none
20210220,9,9,5,False,False,25,0,0.0,0.0,none
20210220,10,10,5,False,False,26,0,0.0,0.0,none
20210220,11,11,5,False,False,26,0,0.0,0.0,none
20210220,12,12,5,False,False,25,0,0.0,0.0,none
20210220,13,13,5,False,False,23,0,0.0,0.0,none
20210220,14,14,5,False,False,22,0,0.0,0.0,none
20210220,15,15,5,False,False,23,0,0.0,0.0,none
20210220,16,16,5,False,False,25,0,0.0,0.0,none
20210220,17,17,5,False,False,23,0,0.0,0.0,none
20210220,18,18,5,False,False,22,0,0.0,0.0,none
20210220,19,19,5,False,False,25,0,0.0,0.0,none
20210220,20,20,5,False,False,23,0,0.0,0.0,none
20210220,21,21,5,False,False,23,0,0.0,0.0,none
20210220,22,22,5,False,False,23,0,0.0,0.0,none
20210220,23,23,5,False,False,24,0,0.0,0.0,none
20210221,0,0,6,False,False,23,0,0.0,0.0,none
20210221,1,1,6,False,False,22,0,0.0,0.0,none
20210221,2,2,6,False,False,25,0,0.0,0.0,none
20210221,3,3,6,False,False,22,0,0.0,0.0,none
20210221,4,4,6,False,False,23,0,0.0,0.0,none
20210221,5,5,6,False,False,22,0,0.0,0.0,none
20210221,6,6,6,False,False,24,0,0.0,0.0,none
20210221,7,7,6,False,False,22,0,0.0,0.0,none
20210221,8,8,6,False,False,22,0,0.0,0.0,none
20210221,9,9,6,False,False,24,0,0.0,0.0,none
20210221,10,10,6,False,False,22,0,0.0,0.0,none
20210221,11,11,6,False,False,22,0,0.0,0.0,none
20210221,12,12,6,False,False,24,0,0.0,0.0,none
20210221,13,13,6,False,False,23,0,0.0,0.0,none
20210221,14,14,6,False,False,22,0,0.0,0.0,none
20210221,15,15,6,False,False,22,0,0.0,0.0,none
20210221,16,16,6,False,False,25,0,0.0,0.0,none
20210221,17,17,6,False,False,22,0,0.0,0.0,none
20210221,18,18,6,False,False,22,0,0.0,0.0,none
20210221,19,19,6,False,False,24,0,0.0,0.0,none
20210221,20,20,6,False,False,22,0,0.0,0.0,none
20210221,21,21,6,False,False,23,0,0.0,0.0,none
20210221,22,22,6,False,False,23,0,0.0,0.0,none
20210221,23,23,6,False,False,24,0,0.0,0.0,none
20210222,0,0,0,False,True,71,0,0.0,0.0,unfixed
20210222,1,1,0,False,True,108,0,0.0,0.0,unfixed
20210222,2,2,0,False,True,113,0,0.0,0.0,unfixed
20210222,3,3,0,False,True,113,0,0.0,0.0,unfixed
20210222,4,4,0,False,True,117,0,0.0,0.0,unfixed
20210222,5,5,0,False,True,94,0,0.0,0.0,unfixed
20210222,6,6,0,False,True,114,0,0.0,0.0,unfixed
20210222,7,7,0,False,True,139,0,0.0,25.5,dow_median
20210222,8,8,0,False,False,171,820,1.198830409,820.0,none
20210222,9,9,0,False,False,167,976,1.465465465,976.0,none
20210222,10,10,0,False,False,172,873,1.267053701,873.0,none
20210222,11,11,0,False,False,172,2168,3.14658926,2168.0,none
20210222,12,12,0,False,False,111,84,0.189616253,84.0,none
20210222,13,13,0,False,False,166,773,1.162406015,773.0,none
20210222,14,14,0,False,False,157,1146,1.830670927,1146.0,none
20210222,15,15,0,False,False,156,1275,2.04,1275.0,none
20210222,16,16,0,False,False,160,5650,8.841940532,5650.0,none
20210222,17,17,0,False,False,120,354,0.739039666,354.0,none
20210222,18,18,0,False,False,153,1115,1.827868852,1115.0,none
20210222,19,19,0,False,False,156,4364,7.004815409,4364.0,none
20210222,20,20,0,False,False,133,1,0.001886792,1.0,none
20210222,21,21,0,False,False,126,256,0.509960159,256.0,none
20210222,22,22,0,False,False,114,214,0.471365639,214.0,none
20210222,23,23,0,False,False,113,204,0.450331126,204.0,none
20210223,0,0,1,False,False,69,148,0.536231884,148.0,none
20210223,1,1,1,False,False,103,66,0.16097561,66.0,none
20210223,2,2,1,False,False,120,222,0.464435146,222.0,none
20210223,3,3,1,False,False,103,140,0.339805825,140.0,none
20210223,4,4,1,False,False,112,68,0.15212528,68.0,none
20210223,5,5,1,False,False,95,149,0.391076115,149.0,none
20210223,6,6,1,False,False,117,342,0.732334047,342.0,none
20210223,7,7,1,False,False,140,693,1.235294118,693.0,none
20210223,8,8,1,False,False,163,1560,2.4,1560.0,none
20210223,9,9,1,False,False,160,727,1.13771518,727.0,none
20210223,10,10,1,False,False,148,1757,2.967905405,1757.0,none
20210223,11,11,1,False,False,156,806,1.293739968,806.0,none
20210223,12,12,1,False,False,93,436,1.172043011,436.0,none
20210223,13,13,1,False,False,153,1468,2.394779772,1468.0,none
20210223,14,14,1,False,False,151,2610,4.321192053,2610.0,none
20210223,15,15,1,False,False,150,458,0.763333333,458.0,none
20210223,16,16,1,False,False,160,3119,4.888714734,3119.0,none
20210223,17,17,1,False,False,128,747,1.458984375,747.0,none
20210223,18,18,1,False,False,162,1410,2.182662539,1410.0,none
20210223,19,19,1,False,False,137,2750,5.027422303,2750.0,none
20210223,20,20,1,False,False,128,150,0.294117647,150.0,none
20210223,21,21,1,False,False,126,108,0.21471173,108.0,none
20210223,22,22,1,False,False,114,98,0.214912281,98.0,none
20210223,23,23,1,False,False,110,17,0.038636364,17.0,none
20210224,0,0,2,False,True,70,0,0.0,13.5,interp
20210224,1,1,2,False,False,111,10,0.022522523,10.0,none
20210224,2,2,2,False,False,118,207,0.438559322,207.0,none
20210224,3,3,2,False,False,117,30,0.064239829,30.0,none
20210224,4,4,2,False,False,116,506,1.088172043,506.0,none
20210224,5,5,2,False,False,101,112,0.277227723,112.0,none
20210224,6,6,2,False,False,118,336,0.713375796,336.0,none
20210224,7,7,2,False,False,149,1196,2.003350084,1196.0,none
20210224,8,8,2,False,False,182,711,0.976648352,711.0,none
20210224,9,9,2,False,False,162,680,1.051004637,680.0,none
20210224,10,10,2,False,False,154,1431,2.323051948,1431.0,none
20210224,11,11,2,False,False,164,755,1.154434251,755.0,none
20210224,12,12,2,False,False,105,24,0.057007126,24.0,none
20210224,13,13,2,False,False,171,1761,2.582111437,1761.0,none
20210224,14,14,2,False,False,163,814,1.246554364,814.0,none
20210224,15,15,2,False,False,150,678,1.1281198,678.0,none
20210224,16,16,2,False,False,162,1841,2.836671803,1841.0,none
20210224,17,17,2,False,False,135,585,1.085343228,585.0,none
20210224,18,18,2,False,False,150,734,1.225375626,734.0,none
20210224,19,19,2,False,False,159,2359,3.703296703,2359.0,none
20210224,20,20,2,False,False,136,4,0.007380074,4.0,none
20210224,21,21,2,False,False,131,1,0.001908397,1.0,none
20210224,22,22,2,False,False,121,200,0.412371134,200.0,none
20210224,23,23,2,False,False,115,4,0.008714597,4.0,none
20210225,0,0,3,False,True,71,0,0.0,12.5,interp
20210225,1,1,3,False,False,119,21,0.044117647,21.0,none
20210225,2,2,3,False,False,117,47,0.10042735,47.0,none
20210225,3,3,3,False,True,119,0,0.0,84.5,interp
20210225,4,4,3,False,False,118,122,0.257928118,122.0,none
20210225,5,5,3,False,False,106,840,1.981132075,840.0,none
20210225,6,6,3,False,True,114,0,0.0,1339.0,interp
20210225,7,7,3,False,False,135,1838,3.403703704,1838.0,none
20210225,8,8,3,False,False,156,598,0.959871589,598.0,none
20210225,9,9,3,False,False,170,1265,1.863033873,1265.0,none
20210225,10,10,3,False,False,172,1117,1.625909753,1117.0,none
20210225,11,11,3,False,False,180,3784,5.248266297,3784.0,none
20210225,12,12,3,False,False,122,144,0.295687885,144.0,none
20210225,13,13,3,False,False,179,1573,2.193863319,1573.0,none
20210225,14,14,3,False,False,177,887,1.252824859,887.0,none
20210225,15,15,3,False,False,175,599,0.858166189,599.0,none
20210225,16,16,3,False,False,166,1763,2.65112782,1763.0,none
20210225,17,17,3,False,False,141,1389,2.462765957,1389.0,none
20210225,18,18,3,False,False,142,2192,3.872791519,2192.0,none
20210225,19,19,3,False,False,110,967,2.192743764,967.0,none
20210225,20,20,3,False,False,109,124,0.285057471,124.0,none
20210225,21,21,3,False,False,116,156,0.335483871,156.0,none
20210225,22,22,3,False,False,123,113,0.229674797,113.0,none
20210225,23,23,3,False,False,102,32,0.078624079,32.0,none
20210226,0,0,4,False,False,71,128,0.450704225,128.0,none
20210226,1,1,4,False,False,116,97,0.20950324,97.0,none
20210226,2,2,4,False,False,111,292,0.657657658,292.0,none
20210226,3,3,4,False,False,109,18,0.041189931,18.0,none
20210226,4,4,4,False,False,125,234,0.467065868,234.0,none
20210226,5,5,4,False,False,97,1,0.002570694,1.0,none
20210226,6,6,4,False,False,118,461,0.976694915,461.0,none
20210226,7,7,4,False,False,71,869,3.070671378,869.0,none
20210226,8,8,4,False,False,23,1037,11.15053763,1037.0,none
20210226,9,9,4,False,False,23,761,8.27173913,761.0,none
20210226,10,10,4,False,False,26,474,4.601941748,474.0,none
20210226,11,11,4,False,False,24,2107,22.17894737,2107.0,none
20210226,12,12,4,False,False,24,0,0.0,0.0,none
20210226,13,13,4,False,False,25,1298,12.85148515,1298.0,none
20210226,14,14,4,False,False,24,626,6.589473684,626.0,none
20210226,15,15,4,False,False,23,307,3.301075269,307.0,none
20210226,16,16,4,False,False,23,2479,26.65591398,2479.0,none
20210226,17,17,4,False,False,26,2440,23.68932039,2440.0,none
20210226,18,18,4,False,False,24,1889,19.88421053,1889.0,none
20210226,19,19,4,False,False,24,883,9.294736842,883.0,none
20210226,20,20,4,False,False,25,58,0.58,58.0,none
20210226,21,21,4,False,False,24,132,1.404255319,132.0,none
20210226,22,22,4,False,False,24,139,1.463157895,139.0,none
20210226,23,23,4,False,False,26,206,2.019607843,206.0,none
20210227,0,0,5,False,False,66,100,0.377358491,100.0,none
20210227,1,1,5,False,False,106,28,0.066037736,28.0,none
20210227,2,2,5,False,False,104,2,0.004807692,2.0,none
20210227,3,3,5,False,False,107,98,0.230046948,98.0,none
20210227,4,4,5,False,False,109,114,0.262068966,114.0,none
20210227,5,5,5,False,False,90,48,0.133333333,48.0,none
20210227,6,6,5,False,False,102,30,0.073349633,30.0,none
20210227,7,7,5,False,False,71,1939,6.875886525,1939.0,none
20210227,8,8,5,False,False,23,6,0.065934066,6.0,none
20210227,9,9,5,False,False,25,0,0.0,0.0,none
20210227,10,10,5,False,False,26,0,0.0,0.0,none
20210227,11,11,5,False,False,26,0,0.0,0.0,none
20210227,12,12,5,False,False,25,0,0.0,0.0,none
20210227,13,13,5,False,False,23,0,0.0,0.0,none
20210227,14,14,5,False,False,22,0,0.0,0.0,none
20210227,15,15,5,False,False,23,0,0.0,0.0,none
20210227,16,16,5,False,False,25,0,0.0,0.0,none
20210227,17,17,5,False,False,23,0,0.0,0.0,none
20210227,18,18,5,False,False,22,0,0.0,0.0,none
20210227,19,19,5,False,False,25,0,0.0,0.0,none
20210227,20,20,5,False,False,23,0,0.0,0.0,none
20210227,21,21,5,False,False,23,0,0.0,0.0,none
20210227,22,22,5,False,False,23,0,0.0,0.0,none
20210227,23,23,5,False,False,24,0,0.0,0.0,none
20210228,0,0,6,False,False,23,0,0.0,0.0,none
20210228,1,1,6,False,False,22,0,0.0,0.0,none
20210228,2,2,6,False,False,25,0,0.0,0.0,none
20210228,3,3,6,False,False,22,0,0.0,0.0,none
20210228,4,4,6,False,False,23,0,0.0,0.0,none
20210228,5,5,6,False,False,22,0,0.0,0.0,none
20210228,6,6,6,False,False,24,0,0.0,0.0,none
20210228,7,7,6,False,False,22,0,0.0,0.0,none
20210228,8,8,6,False,False,22,0,0.0,0.0,none
20210228,9,9,6,False,False,24,0,0.0,0.0,none
20210228,10,10,6,False,False,22,0,0.0,0.0,none
20210228,11,11,6,False,False,22,0,0.0,0.0,none
20210228,12,12,6,False,False,24,0,0.0,0.0,none
20210228,13,13,6,False,False,23,0,0.0,0.0,none
20210228,14,14,6,False,False,22,0,0.0,0.0,none
20210228,15,15,6,False,False,22,0,0.0,0.0,none
20210228,16,16,6,False,False,25,0,0.0,0.0,none
20210228,17,17,6,False,False,22,0,0.0,0.0,none
20210228,18,18,6,False,False,22,0,0.0,0.0,none
20210228,19,19,6,False,False,24,0,0.0,0.0,none
20210228,20,20,6,False,False,22,0,0.0,0.0,none
20210228,21,21,6,False,False,23,0,0.0,0.0,none
20210228,22,22,6,False,False,23,0,0.0,0.0,none
20210228,23,23,6,False,False,24,0,0.0,0.0,none
20210301,0,0,0,False,True,61,0,0.0,0.0,unfixed
20210301,1,1,0,False,True,99,0,0.0,0.0,unfixed
20210301,2,2,0,False,True,104,0,0.0,0.0,unfixed
20210301,3,3,0,False,True,103,0,0.0,0.0,unfixed
20210301,4,4,0,False,True,105,0,0.0,0.0,unfixed
20210301,5,5,0,False,True,90,0,0.0,0.0,unfixed
20210301,6,6,0,False,True,109,0,0.0,0.0,unfixed
20210301,7,7,0,False,True,122,0,0.0,25.5,dow_median
20210301,8,8,0,False,True,179,0,0.0,669.0,dow_median
20210301,9,9,0,False,True,173,0,0.0,901.0,dow_median
20210301,10,10,0,False,True,171,0,0.0,825.0,dow_median
20210301,11,11,0,False,True,174,0,0.0,1472.0,dow_median
20210301,12,12,0,False,True,94,0,0.0,194.0,dow_median
20210301,13,13,0,False,True,170,0,0.0,919.0,dow_median
20210301,14,14,0,False,True,165,0,0.0,1816.0,dow_median
20210301,15,15,0,False,True,152,0,0.0,1087.0,dow_median
20210301,16,16,0,False,True,162,0,0.0,1490.0,dow_median
20210301,17,17,0,False,True,124,0,0.0,694.0,dow_median
20210301,18,18,0,False,True,147,0,0.0,1047.0,dow_median
20210301,19,19,0,False,True,144,0,0.0,2095.0,dow_median
20210301,20,20,0,False,True,121,0,0.0,36.0,dow_median
20210301,21,21,0,False,True,121,0,0.0,93.0,dow_median
20210301,22,22,0,False,True,106,0,0.0,92.0,dow_median
20210301,23,23,0,False,True,99,0,0.0,67.0,dow_median
20210302,0,0,1,False,True,62,0,0.0,180.0,dow_median
20210302,1,1,1,False,True,102,0,0.0,91.0,dow_median
20210302,2,2,1,False,True,109,0,0.0,200.0,dow_median
20210302,3,3,1,False,True,104,0,0.0,102.0,dow_median
20210302,4,4,1,False,True,100,0,0.0,88.0,dow_median
20210302,5,5,1,False,True,85,0,0.0,121.0,dow_median
20210302,6,6,1,False,True,103,0,0.0,169.5,dow_median
20210302,7,7,1,False,False,132,25,0.047348485,25.0,none
20210302,8,8,1,False,False,172,375,0.544267054,375.0,none
20210302,9,9,1,False,False,177,660,0.934844193,660.0,none
20210302,10,10,1,False,False,173,527,0.762662808,527.0,none
20210302,11,11,1,False,False,168,703,1.049253731,703.0,none
20210302,12,12,1,False,False,103,305,0.742092457,305.0,none
20210302,13,13,1,False,False,182,869,1.195323246,869.0,none
20210302,14,14,1,False,False,177,884,1.248587571,884.0,none
20210302,15,15,1,False,False,156,1629,2.618971061,1629.0,none
20210302,16,16,1,False,False,167,8835,13.2260479,8835.0,none
20210302,17,17,1,False,False,136,795,1.458715596,795.0,none
20210302,18,18,1,False,False,152,338,0.557755776,338.0,none
20210302,19,19,1,False,False,128,1898,3.721568627,1898.0,none
20210302,20,20,1,False,False,113,64,0.142222222,64.0,none
20210302,21,21,1,False,False,111,67,0.150561798,67.0,none
20210302,22,22,1,False,False,101,98,0.243781095,98.0,none
20210302,23,23,1,False,False,96,195,0.5078125,195.0,none
20210303,0,0,2,False,False,66,56,0.212121212,56.0,none
20210303,1,1,2,False,False,105,436,1.038095238,436.0,none
20210303,2,2,2,False,False,113,56,0.124444444,56.0,none
20210303,3,3,2,False,False,105,30,0.071258907,30.0,none
20210303,4,4,2,False,False,106,26,0.061465721,26.0,none
20210303,5,5,2,False,False,91,430,1.178082192,430.0,none
20210303,6,6,2,False,False,112,98,0.21875,98.0,none
20210303,7,7,2,False,False,129,1251,2.43385214,1251.0,none
20210303,8,8,2,False,False,170,321,0.471365639,321.0,none
20210303,9,9,2,False,False,170,1038,1.528718704,1038.0,none
20210303,10,10,2,False,False,156,697,1.120578778,697.0,none
20210303,11,11,2,False,False,162,1264,1.950617284,1264.0,none
20210303,12,12,2,False,False,102,333,0.820197044,333.0,none
20210303,13,13,2,False,False,158,654,1.034810127,654.0,none
20210303,14,14,2,False,False,159,2720,4.283464567,2720.0,none
20210303,15,15,2,False,False,151,365,0.603305785,365.0,none
20210303,16,16,2,False,False,160,2492,3.89375,2492.0,none
20210303,17,17,2,False,False,132,1141,2.156899811,1141.0,none
20210303,18,18,2,False,False,132,184,0.348484848,184.0,none
20210303,19,19,2,False,False,115,3330,7.254901961,3330.0,none
20210303,20,20,2,False,False,122,190,0.388548057,190.0,none
20210303,21,21,2,False,False,123,72,0.146639511,72.0,none
20210303,22,22,2,False,False,113,36,0.079822616,36.0,none
20210303,23,23,2,False,True,105,0,0.0,272.0,interp
20210304,0,0,3,False,False,68,508,1.874538745,508.0,none
20210304,1,1,3,False,False,108,15,0.034722222,15.0,none
20210304,2,2,3,False,False,110,10,0.022779043,10.0,none
20210304,3,3,3,False,False,107,450,1.056338028,450.0,none
20210304,4,4,3,False,False,109,148,0.340229885,148.0,none
20210304,5,5,3,False,False,90,26,0.072022161,26.0,none
20210304,6,6,3,False,False,109,16,0.036781609,16.0,none
20210304,7,7,3,False,False,128,1771,3.452241715,1771.0,none
20210304,8,8,3,False,False,156,469,0.7504,469.0,none
20210304,9,9,3,False,False,160,1343,2.095163807,1343.0,none
20210304,10,10,3,False,False,157,790,1.261980831,790.0,none
20210304,11,11,3,False,False,149,1291,2.169747899,1291.0,none
20210304,12,12,3,False,True,89,0,0.0,1097.0,interp
20210304,13,13,3,False,False,155,903,1.45410628,903.0,none
20210304,14,14,3,False,False,152,757,1.245065789,757.0,none
20210304,15,15,3,False,False,140,976,1.742857143,976.0,none
20210304,16,16,3,False,False,142,1605,2.835689046,1605.0,none
20210304,17,17,3,False,False,122,251,0.513292434,251.0,none
20210304,18,18,3,False,False,139,615,1.104129264,615.0,none
20210304,19,19,3,False,False,113,2126,4.713968958,2126.0,none
20210304,20,20,3,False,False,101,1,0.00248139,1.0,none
20210304,21,21,3,False,False,108,171,0.394919169,171.0,none
20210304,22,22,3,False,False,107,16,0.037470726,16.0,none
20210304,23,23,3,False,False,97,242,0.62371134,242.0,none
20210305,0,0,4,False,False,24,0,0.0,0.0,none
20210305,1,1,4,False,False,21,0,0.0,0.0,none
20210305,2,2,4,False,False,21,0,0.0,0.0,none
20210305,3,3,4,False,False,23,0,0.0,0.0,none
20210305,4,4,4,False,False,23,0,0.0,0.0,none
20210305,5,5,4,False,False,21,0,0.0,0.0,none
20210305,6,6,4,False,False,21,0,0.0,0.0,none
20210305,7,7,4,False,False,24,0,0.0,0.0,none
20210305,8,8,4,False,False,21,0,0.0,0.0,none
20210305,9,9,4,False,False,21,0,0.0,0.0,none
20210305,10,10,4,False,False,23,0,0.0,0.0,none
20210305,11,11,4,False,False,22,0,0.0,0.0,none
20210305,12,12,4,False,False,21,0,0.0,0.0,none
20210305,13,13,4,False,False,21,0,0.0,0.0,none
20210305,14,14,4,False,False,23,0,0.0,0.0,none
20210305,15,15,4,False,False,21,0,0.0,0.0,none
20210305,16,16,4,False,False,21,0,0.0,0.0,none
20210305,17,17,4,False,False,23,0,0.0,0.0,none
20210305,18,18,4,False,False,21,0,0.0,0.0,none
20210305,19,19,4,False,False,21,0,0.0,0.0,none
20210305,20,20,4,False,False,23,0,0.0,0.0,none
20210305,21,21,4,False,False,21,0,0.0,0.0,none
20210305,22,22,4,False,False,21,0,0.0,0.0,none
20210305,23,23,4,False,False,24,0,0.0,0.0,none
20210306,0,0,5,False,False,63,36,0.14229249,36.0,none
20210306,1,1,5,False,False,105,71,0.169856459,71.0,none
20210306,2,2,5,False,False,104,290,0.698795181,290.0,none
20210306,3,3,5,False,False,105,120,0.285035629,120.0,none
20210306,4,4,5,False,False,107,4,0.009367681,4.0,none
20210306,5,5,5,False,False,92,160,0.433604336,160.0,none
20210306,6,6,5,False,False,107,213,0.5,213.0,none
20210306,7,7,5,False,False,61,1468,6.016393443,1468.0,none
20210306,8,8,5,False,False,24,0,0.0,0.0,none
20210306,9,9,5,False,False,22,0,0.0,0.0,none
20210306,10,10,5,False,False,22,0,0.0,0.0,none
20210306,11,11,5,False,False,25,0,0.0,0.0,none
20210306,12,12,5,False,False,22,0,0.0,0.0,none
20210306,13,13,5,False,False,22,0,0.0,0.0,none
20210306,14,14,5,False,False,23,0,0.0,0.0,none
20210306,15,15,5,False,False,25,0,0.0,0.0,none
20210306,16,16,5,False,False,23,0,0.0,0.0,none
20210306,17,17,5,False,False,22,0,0.0,0.0,none
20210306,18,18,5,False,False,25,0,0.0,0.0,none
20210306,19,19,5,False,False,22,0,0.0,0.0,none
20210306,20,20,5,False,False,22,0,0.0,0.0,none
20210306,21,21,5,False,False,24,0,0.0,0.0,none
20210306,22,22,5,False,False,23,0,0.0,0.0,none
20210306,23,23,5,False,False,22,0,0.0,0.0,none
20210307,0,0,6,False,False,23,0,0.0,0.0,none
20210307,1,1,6,False,False,23,0,0.0,0.0,none
20210307,2,2,6,False,False,22,0,0.0,0.0,none
20210307,3,3,6,False,False,22,0,0.0,0.0,none
20210307,4,4,6,False,False,24,0,0.0,0.0,none
20210307,5,5,6,False,False,22,0,0.0,0.0,none
20210307,6,6,6,False,False,22,0,0.0,0.0,none
20210307,7,7,6,False,True,56,0,0.0,0.0,unfixed
20210307,8,8,6,False,True,171,0,0.0,0.0,unfixed
20210307,9,9,6,False,True,166,0,0.0,0.0,unfixed
20210307,10,10,6,False,True,161,0,0.0,0.0,unfixed
20210307,11,11,6,False,True,168,0,0.0,0.0,unfixed
20210307,12,12,6,False,True,115,0,0.0,0.0,unfixed
20210307,13,13,6,False,True,175,0,0.0,0.0,unfixed
20210307,14,14,6,False,True,175,0,0.0,0.0,unfixed
20210307,15,15,6,False,True,163,0,0.0,0.0,unfixed
20210307,16,16,6,False,True,165,0,0.0,0.0,unfixed
20210307,17,17,6,False,True,136,0,0.0,0.0,unfixed
20210307,18,18,6,False,True,152,0,0.0,0.0,unfixed
20210307,19,19,6,False,True,130,0,0.0,0.0,unfixed
20210307,20,20,6,False,True,108,0,0.0,0.0,unfixed
20210307,21,21,6,False,True,111,0,0.0,0.0,unfixed
20210307,22,22,6,False,True,95,0,0.0,0.0,unfixed
20210307,23,23,6,False,True,98,0,0.0,0.0,unfixed
20210308,0,0,0,False,True,63,0,0.0,0.0,unfixed
20210308,1,1,0,False,True,99,0,0.0,0.0,unfixed
20210308,2,2,0,False,True,103,0,0.0,0.0,unfixed
20210308,3,3,0,False,True,100,0,0.0,0.0,unfixed
20210308,4,4,0,False,True,105,0,0.0,0.0,unfixed
20210308,5,5,0,False,True,87,0,0.0,0.0,unfixed
20210308,6,6,0,False,True,98,0,0.0,0.0,unfixed
20210308,7,7,0,False,True,93,0,0.0,25.5,dow_median
20210308,8,8,0,False,False,154,369,0.599025974,369.0,none
20210308,9,9,0,False,False,160,434,0.677067083,434.0,none
20210308,10,10,0,False,False,142,286,0.503521127,286.0,none
20210308,11,11,0,False,False,164,1740,2.648401826,1740.0,none
20210308,12,12,0,False,False,103,120,0.291970803,120.0,none
20210308,13,13,0,False,False,165,1771,2.687405159,1771.0,none
20210308,14,14,0,False,False,166,1976,2.980392157,1976.0,none
20210308,15,15,0,False,False,161,1024,1.587596899,1024.0,none
20210308,16,16,0,False,False,158,1002,1.585443038,1002.0,none
20210308,17,17,0,False,False,136,736,1.350458716,736.0,none
20210308,18,18,0,False,False,154,1891,3.074796748,1891.0,none
20210308,19,19,0,False,False,142,2879,5.077601411,2879.0,none
20210308,20,20,0,False,False,129,10,0.019417476,10.0,none
20210308,21,21,0,False,False,121,15,0.030927835,15.0,none
20210308,22,22,0,False,False,107,95,0.221962617,95.0,none
20210308,23,23,0,False,False,101,14,0.034567901,14.0,none
20210309,0,0,1,False,True,68,0,0.0,34.0,interp
20210309,1,1,1,False,False,99,54,0.136708861,54.0,none
20210309,2,2,1,False,False,104,192,0.462650602,192.0,none
20210309,3,3,1,False,False,103,70,0.169491525,70.0,none
20210309,4,4,1,False,False,100,30,0.075376884,30.0,none
20210309,5,5,1,False,False,85,84,0.24852071,84.0,none
20210309,6,6,1,False,False,103,244,0.590799031,244.0,none
20210309,7,7,1,False,False,128,825,1.617647059,825.0,none
20210309,8,8,1,False,False,169,552,0.817777778,552.0,none
20210309,9,9,1,False,False,172,727,1.055152395,727.0,none
20210309,10,10,1,False,False,166,688,1.034586466,688.0,none
20210309,11,11,1,False,False,172,1359,1.981049563,1359.0,none
20210309,12,12,1,False,False,110,20,0.045558087,20.0,none
20210309,13,13,1,False,False,169,851,1.257016248,851.0,none
20210309,14,14,1,False,False,165,5260,7.957639939,5260.0,none
20210309,15,15,1,False,False,158,835,1.323296355,835.0,none
20210309,16,16,1,False,False,151,1622,2.689883914,1622.0,none
20210309,17,17,1,False,False,129,114,0.220502901,114.0,none
20210309,18,18,1,False,False,155,1264,2.045307443,1264.0,none
20210309,19,19,1,False,False,132,2191,4.16539924,2191.0,none
20210309,20,20,1,False,False,109,59,0.135011442,59.0,none
20210309,21,21,1,False,False,105,209,0.497619048,209.0,none
20210309,22,22,1,False,False,101,194,0.48019802,194.0,none
20210309,23,23,1,False,False,95,48,0.126984127,48.0,none
20210310,0,0,2,False,True,65,0,0.0,144.0,interp
20210310,1,1,2,False,False,103,240,0.585365854,240.0,none
20210310,2,2,2,False,False,104,418,1.002398082,418.0,none
20210310,3,3,2,False,True,99,0,0.0,249.5,interp
20210310,4,4,2,False,False,106,81,0.191037736,81.0,none
20210310,5,5,2,False,False,91,10,0.027472527,10.0,none
20210310,6,6,2,False,False,104,194,0.46746988,194.0,none
20210310,7,7,2,False,False,119,830,1.751054852,830.0,none
20210310,8,8,2,False,False,155,115,0.185483871,115.0,none
20210310,9,9,2,False,False,166,1503,2.263554217,1503.0,none
20210310,10,10,2,False,False,164,918,1.401526718,918.0,none
20210310,11,11,2,False,False,161,1057,1.643856921,1057.0,none
20210310,12,12,2,False,False,111,40,0.09009009,40.0,none
20210310,13,13,2,False,False,153,802,1.314754098,802.0,none
20210310,14,14,2,False,False,162,1522,2.345146379,1522.0,none
20210310,15,15,2,False,False,152,1007,1.653530378,1007.0,none
20210310,16,16,2,False,False,153,231,0.378688525,231.0,none
20210310,17,17,2,False,False,130,1283,2.472061657,1283.0,none
20210310,18,18,2,False,False,122,854,1.746421268,854.0,none
20210310,19,19,2,False,False,123,2332,4.730223124,2332.0,none
20210310,20,20,2,False,False,133,14,0.026266417,14.0,none
20210310,21,21,2,False,False,129,8,0.015503876,8.0,none
20210310,22,22,2,False,False,118,60,0.127659574,60.0,none
20210310,23,23,2,False,True,105,0,0.0,272.66666666666663,interp
20210311,0,0,3,False,True,70,0,0.0,485.3333333333333,interp
20210311,1,1,3,False,False,107,698,1.630841121,698.0,none
20210311,2,2,3,False,False,104,102,0.244604317,102.0,none
20210311,3,3,3,False,False,101,97,0.24009901,97.0,none
20210311,4,4,3,False,False,111,200,0.449438202,200.0,none
20210311,5,5,3,False,False,90,18,0.050139276,18.0,none
20210311,6,6,3,False,False,105,1240,2.945368171,1240.0,none
20210311,7,7,3,False,False,133,336,0.631578947,336.0,none
20210311,8,8,3,False,False,168,875,1.305970149,875.0,none
20210311,9,9,3,False,False,168,1337,1.989583333,1337.0,none
20210311,10,10,3,False,False,156,1430,2.291666667,1430.0,none
20210311,11,11,3,False,False,168,3577,5.330849478,3577.0,none
20210311,12,12,3,False,False,104,109,0.262019231,109.0,none
20210311,13,13,3,False,False,154,463,0.754071661,463.0,none
20210311,14,14,3,False,False,159,643,1.014195584,643.0,none
20210311,15,15,3,False,False,150,577,0.964882943,577.0,none
20210311,16,16,3,False,False,157,720,1.148325359,720.0,none
20210311,17,17,3,False,False,136,532,0.979742173,532.0,none
20210311,18,18,3,False,False,145,1032,1.78238342,1032.0,none
20210311,19,19,3,False,False,136,3434,6.3125,3434.0,none
20210311,20,20,3,False,False,121,1,0.002070393,1.0,none
20210311,21,21,3,False,False,109,392,0.897025172,392.0,none
20210311,22,22,3,False,False,104,20,0.048076923,20.0,none
20210311,23,23,3,False,False,100,66,0.165413534,66.0,none
20210312,0,0,4,False,False,24,0,0.0,0.0,none
20210312,1,1,4,False,False,21,0,0.0,0.0,none
20210312,2,2,4,False,False,21,0,0.0,0.0,none
20210312,3,3,4,False,False,23,0,0.0,0.0,none
20210312,4,4,4,False,False,23,0,0.0,0.0,none
20210312,5,5,4,False,False,21,0,0.0,0.0,none
20210312,6,6,4,False,False,21,0,0.0,0.0,none
20210312,7,7,4,False,False,24,0,0.0,0.0,none
20210312,8,8,4,False,False,21,0,0.0,0.0,none
20210312,9,9,4,False,False,21,0,0.0,0.0,none
20210312,10,10,4,False,False,23,0,0.0,0.0,none
20210312,11,11,4,False,False,22,0,0.0,0.0,none
20210312,12,12,4,False,False,21,0,0.0,0.0,none
20210312,13,13,4,False,False,21,0,0.0,0.0,none
20210312,14,14,4,False,False,23,0,0.0,0.0,none
20210312,15,15,4,False,False,21,0,0.0,0.0,none
20210312,16,16,4,False,False,21,0,0.0,0.0,none
20210312,17,17,4,False,False,23,0,0.0,0.0,none
20210312,18,18,4,False,False,21,0,0.0,0.0,none
20210312,19,19,4,False,False,21,0,0.0,0.0,none
20210312,20,20,4,False,False,23,0,0.0,0.0,none
20210312,21,21,4,False,False,21,0,0.0,0.0,none
20210312,22,22,4,False,False,21,0,0.0,0.0,none
20210312,23,23,4,False,False,24,0,0.0,0.0,none
20210313,0,0,5,False,True,63,0,0.0,118.0,dow_median
20210313,1,1,5,False,False,105,95,0.227272727,95.0,none
20210313,2,2,5,False,False,104,120,0.289156627,120.0,none
20210313,3,3,5,False,False,105,76,0.180522565,76.0,none
20210313,4,4,5,False,False,107,20,0.046838407,20.0,none
20210313,5,5,5,False,False,92,22,0.059620596,22.0,none
20210313,6,6,5,False,False,107,107,0.251173709,107.0,none
20210313,7,7,5,False,False,61,1164,4.770491803,1164.0,none
20210313,8,8,5,False,False,24,2,0.020833333,2.0,none
20210313,9,9,5,False,False,22,0,0.0,0.0,none
20210313,10,10,5,False,False,22,0,0.0,0.0,none
20210313,11,11,5,False,False,25,0,0.0,0.0,none
20210313,12,12,5,False,False,22,0,0.0,0.0,none
20210313,13,13,5,False,False,22,0,0.0,0.0,none
20210313,14,14,5,False,False,23,0,0.0,0.0,none
20210313,15,15,5,False,False,25,0,0.0,0.0,none
20210313,16,16,5,False,False,23,0,0.0,0.0,none
20210313,17,17,5,False,False,22,0,0.0,0.0,none
20210313,18,18,5,False,False,25,0,0.0,0.0,none
20210313,19,19,5,False,False,22,0,0.0,0.0,none
20210313,20,20,5,False,False,22,4,0.045454545,4.0,none
20210313,21,21,5,False,False,24,0,0.0,0.0,none
20210313,22,22,5,False,False,23,0,0.0,0.0,none
20210313,23,23,5,False,False,22,0,0.0,0.0,none
20210314,0,0,6,False,False,22,0,0.0,0.0,none
20210314,1,1,6,False,False,22,0,0.0,0.0,none
20210314,2,2,6,False,False,24,0,0.0,0.0,none
20210314,3,3,6,False,False,22,0,0.0,0.0,none
20210314,4,4,6,False,False,23,0,0.0,0.0,none
20210314,5,5,6,False,False,24,0,0.0,0.0,none
20210314,6,6,6,False,False,23,0,0.0,0.0,none
20210314,7,7,6,False,True,62,0,0.0,0.0,unfixed
20210314,8,8,6,False,True,183,0,0.0,0.0,unfixed
20210314,9,9,6,False,True,178,0,0.0,0.0,unfixed
20210314,10,10,6,False,True,171,0,0.0,0.0,unfixed
20210314,11,11,6,False,True,181,0,0.0,0.0,unfixed
20210314,12,12,6,False,True,119,0,0.0,0.0,unfixed
20210314,13,13,6,False,True,186,0,0.0,0.0,unfixed
20210314,14,14,6,False,True,177,0,0.0,0.0,unfixed
20210314,15,15,6,False,True,178,0,0.0,0.0,unfixed
20210314,16,16,6,False,True,171,0,0.0,0.0,unfixed
20210314,17,17,6,False,True,146,0,0.0,0.0,unfixed
20210314,18,18,6,False,True,173,0,0.0,0.0,unfixed
20210314,19,19,6,False,True,150,0,0.0,0.0,unfixed
20210314,20,20,6,False,True,119,0,0.0,0.0,unfixed
20210314,21,21,6,False,True,123,0,0.0,0.0,unfixed
20210314,22,22,6,False,True,112,0,0.0,0.0,unfixed
20210314,23,23,6,False,True,107,0,0.0,0.0,unfixed
20210315,0,0,0,False,True,76,0,0.0,0.0,unfixed
20210315,1,1,0,False,True,110,0,0.0,0.0,unfixed
20210315,2,2,0,False,True,117,0,0.0,0.0,unfixed
20210315,3,3,0,False,True,116,0,0.0,0.0,unfixed
20210315,4,4,0,False,True,110,0,0.0,0.0,unfixed
20210315,5,5,0,False,True,97,0,0.0,0.0,unfixed
20210315,6,6,0,False,True,118,0,0.0,0.0,unfixed
20210315,7,7,0,False,True,132,0,0.0,25.5,dow_median
20210315,8,8,0,False,False,188,1007,1.340878828,1007.0,none
20210315,9,9,0,False,False,186,1074,1.445491252,1074.0,none
20210315,10,10,0,False,False,164,686,1.04414003,686.0,none
20210315,11,11,0,False,False,173,1661,2.396825397,1661.0,none
20210315,12,12,0,False,False,112,5207,11.64876957,5207.0,none
20210315,13,13,0,False,False,171,1059,1.545985401,1059.0,none
20210315,14,14,0,False,False,177,635,0.896892655,635.0,none
20210315,15,15,0,False,False,163,564,0.865030675,564.0,none
20210315,16,16,0,False,False,170,1163,1.71281296,1163.0,none
20210315,17,17,0,False,False,134,387,0.724719101,387.0,none
20210315,18,18,0,False,False,161,1401,2.172093023,1401.0,none
20210315,19,19,0,False,False,156,1123,1.805466238,1123.0,none
20210315,20,20,0,False,False,128,13,0.025440313,13.0,none
20210315,21,21,0,False,False,127,19,0.037401575,19.0,none
20210315,22,22,0,False,False,115,336,0.733624454,336.0,none
20210315,23,23,0,False,False,108,38,0.088167053,38.0,none
20210316,0,0,1,False,False,73,42,0.143835616,42.0,none
20210316,1,1,1,False,False,111,570,1.283783784,570.0,none
20210316,2,2,1,False,False,114,472,1.035087719,472.0,none
20210316,3,3,1,False,False,112,243,0.544843049,243.0,none
20210316,4,4,1,False,False,112,246,0.549107143,246.0,none
20210316,5,5,1,False,False,92,904,2.463215259,904.0,none
20210316,6,6,1,False,False,115,53,0.11546841,53.0,none
20210316,7,7,1,False,False,130,546,1.047984645,546.0,none
20210316,8,8,1,False,False,177,931,1.314971751,931.0,none
20210316,9,9,1,False,False,180,818,1.139275766,818.0,none
20210316,10,10,1,False,False,178,951,1.335674157,951.0,none
20210316,11,11,1,False,False,176,1316,1.87197724,1316.0,none
20210316,12,12,1,False,False,109,1512,3.475862069,1512.0,none
20210316,13,13,1,False,False,169,1250,1.849112426,1250.0,none
20210316,14,14,1,False,False,171,891,1.306451613,891.0,none
20210316,15,15,1,False,False,163,1848,2.834355828,1848.0,none
20210316,16,16,1,False,False,168,1117,1.659732541,1117.0,none
20210316,17,17,1,False,False,154,486,0.790243902,486.0,none
20210316,18,18,1,False,False,168,2767,4.123695976,2767.0,none
20210316,19,19,1,False,False,139,2234,4.017985612,2234.0,none
20210316,20,20,1,False,False,114,61,0.134065934,61.0,none
20210316,21,21,1,False,False,118,12,0.025531915,12.0,none
20210316,22,22,1,False,False,103,15,0.036585366,15.0,none
20210316,23,23,1,False,False,106,156,0.369668246,156.0,none
20210317,0,0,2,False,False,72,96,0.334494774,96.0,none
20210317,1,1,2,False,False,107,162,0.38028169,162.0,none
20210317,2,2,2,False,False,112,116,0.258351893,116.0,none
20210317,3,3,2,False,False,116,213,0.458064516,213.0,none
20210317,4,4,2,False,False,113,118,0.262222222,118.0,none
20210317,5,5,2,False,False,97,9,0.023136247,9.0,none
20210317,6,6,2,False,False,121,567,1.176348548,567.0,none
20210317,7,7,2,False,False,141,334,0.592198582,334.0,none
20210317,8,8,2,False,False,190,258,0.339027595,258.0,none
20210317,9,9,2,False,False,180,561,0.779166667,561.0,none
20210317,10,10,2,False,False,166,512,0.771084337,512.0,none
20210317,11,11,2,False,False,183,1685,2.301912568,1685.0,none
20210317,12,12,2,False,True,103,0,0.0,1386.5,interp
20210317,13,13,2,False,False,183,1088,1.488372093,1088.0,none
20210317,14,14,2,False,False,179,636,0.88951049,636.0,none
20210317,15,15,2,False,False,170,4218,6.212076583,4218.0,none
20210317,16,16,2,False,False,169,1929,2.862017804,1929.0,none
20210317,17,17,2,False,False,138,970,1.757246377,970.0,none
20210317,18,18,2,False,False,170,1414,2.076358297,1414.0,none
20210317,19,19,2,False,False,159,516,0.811320755,516.0,none
20210317,20,20,2,False,False,139,81,0.146209386,81.0,none
20210317,21,21,2,False,False,127,159,0.313609467,159.0,none
20210317,22,22,2,False,False,125,93,0.186,93.0,none
20210317,23,23,2,False,False,111,72,0.162162162,72.0,none
20210318,0,0,3,False,False,80,160,0.5,160.0,none
20210318,1,1,3,False,False,112,108,0.241610738,108.0,none
20210318,2,2,3,False,False,115,260,0.565217391,260.0,none
20210318,3,3,3,False,False,114,128,0.280701754,128.0,none
20210318,4,4,3,False,False,112,22,0.049327354,22.0,none
20210318,5,5,3,False,False,102,335,0.825123153,335.0,none
20210318,6,6,3,False,False,121,244,0.506224066,244.0,none
20210318,7,7,3,False,False,133,453,0.851503759,453.0,none
20210318,8,8,3,False,False,162,309,0.478328173,309.0,none
20210318,9,9,3,False,False,171,2626,3.850439883,2626.0,none
20210318,10,10,3,False,False,165,597,0.905918058,597.0,none
20210318,11,11,3,False,False,177,644,0.90832158,644.0,none
20210318,12,12,3,False,False,102,203,0.5,203.0,none
20210318,13,13,3,False,False,174,3045,4.368723099,3045.0,none
20210318,14,14,3,False,False,164,1120,1.712538226,1120.0,none
20210318,15,15,3,False,False,156,225,0.361736334,225.0,none
20210318,16,16,3,False,False,162,1290,1.99381762,1290.0,none
20210318,17,17,3,False,False,148,224,0.379661017,224.0,none
20210318,18,18,3,False,False,150,2472,4.113144759,2472.0,none
20210318,19,19,3,False,False,138,932,1.694545455,932.0,none
20210318,20,20,3,False,True,117,0,0.0,681.5,interp
20210318,21,21,3,False,False,114,431,0.949339207,431.0,none
20210318,22,22,3,False,False,114,104,0.228070175,104.0,none
20210318,23,23,3,False,False,106,7,0.016470588,7.0,none
20210319,0,0,4,False,False,24,0,0.0,0.0,none
20210319,1,1,4,False,False,21,0,0.0,0.0,none
20210319,2,2,4,False,False,21,0,0.0,0.0,none
20210319,3,3,4,False,False,23,0,0.0,0.0,none
20210319,4,4,4,False,False,23,0,0.0,0.0,none
20210319,5,5,4,False,False,21,0,0.0,0.0,none
20210319,6,6,4,False,False,21,0,0.0,0.0,none
20210319,7,7,4,False,False,24,0,0.0,0.0,none
20210319,8,8,4,False,False,21,0,0.0,0.0,none
20210319,9,9,4,False,False,21,0,0.0,0.0,none
20210319,10,10,4,False,False,23,0,0.0,0.0,none
20210319,11,11,4,False,False,22,0,0.0,0.0,none
20210319,12,12,4,False,False,21,0,0.0,0.0,none
20210319,13,13,4,False,False,21,0,0.0,0.0,none
20210319,14,14,4,False,False,23,0,0.0,0.0,none
20210319,15,15,4,False,False,21,0,0.0,0.0,none
20210319,16,16,4,False,False,21,0,0.0,0.0,none
20210319,17,17,4,False,False,23,0,0.0,0.0,none
20210319,18,18,4,False,False,21,0,0.0,0.0,none
20210319,19,19,4,False,False,21,0,0.0,0.0,none
20210319,20,20,4,False,False,23,0,0.0,0.0,none
20210319,21,21,4,False,False,21,0,0.0,0.0,none
20210319,22,22,4,False,False,21,0,0.0,0.0,none
20210319,23,23,4,False,False,24,0,0.0,0.0,none
20210320,0,0,5,False,False,63,24,0.09486166,24.0,none
20210320,1,1,5,False,False,105,108,0.258373206,108.0,none
20210320,2,2,5,False,True,104,0,0.0,150.0,interp
20210320,3,3,5,False,False,105,192,0.456057007,192.0,none
20210320,4,4,5,False,False,107,24,0.056206089,24.0,none
20210320,5,5,5,False,False,92,56,0.151761518,56.0,none
20210320,6,6,5,False,False,107,220,0.516431925,220.0,none
20210320,7,7,5,False,False,61,673,2.758196721,673.0,none
20210320,8,8,5,False,False,24,0,0.0,0.0,none
20210320,9,9,5,False,False,22,0,0.0,0.0,none
20210320,10,10,5,False,False,22,0,0.0,0.0,none
20210320,11,11,5,False,False,25,0,0.0,0.0,none
20210320,12,12,5,False,False,22,0,0.0,0.0,none
20210320,13,13,5,False,False,22,0,0.0,0.0,none
20210320,14,14,5,False,False,23,0,0.0,0.0,none
20210320,15,15,5,False,False,25,0,0.0,0.0,none
20210320,16,16,5,False,False,23,0,0.0,0.0,none
20210320,17,17,5,False,False,22,0,0.0,0.0,none
20210320,18,18,5,False,False,25,0,0.0,0.0,none
20210320,19,19,5,False,False,22,0,0.0,0.0,none
20210320,20,20,5,False,False,22,0,0.0,0.0,none
20210320,21,21,5,False,False,24,0,0.0,0.0,none
20210320,22,22,5,False,False,23,0,0.0,0.0,none
20210320,23,23,5,False,False,22,0,0.0,0.0,none
20210321,0,0,6,False,False,23,0,0.0,0.0,none
20210321,1,1,6,False,False,24,0,0.0,0.0,none
20210321,2,2,6,False,False,22,0,0.0,0.0,none
20210321,3,3,6,False,False,23,0,0.0,0.0,none
20210321,4,4,6,False,False,25,0,0.0,0.0,none
20210321,5,5,6,False,False,22,0,0.0,0.0,none
20210321,6,6,6,False,False,22,0,0.0,0.0,none
20210321,7,7,6,False,False,24,0,0.0,0.0,none
20210321,8,8,6,False,True,190,0,0.0,0.0,unfixed
20210321,9,9,6,False,True,189,0,0.0,0.0,unfixed
20210321,10,10,6,False,True,185,0,0.0,0.0,unfixed
20210321,11,11,6,False,True,181,0,0.0,0.0,unfixed
20210321,12,12,6,False,True,115,0,0.0,0.0,unfixed
20210321,13,13,6,False,True,190,0,0.0,0.0,unfixed
20210321,14,14,6,False,True,189,0,0.0,0.0,unfixed
20210321,15,15,6,False,True,169,0,0.0,0.0,unfixed
20210321,16,16,6,False,True,160,0,0.0,0.0,unfixed
20210321,17,17,6,False,True,134,0,0.0,0.0,unfixed
20210321,18,18,6,False,True,156,0,0.0,0.0,unfixed
20210321,19,19,6,False,True,143,0,0.0,0.0,unfixed
20210321,20,20,6,False,True,127,0,0.0,0.0,unfixed
20210321,21,21,6,False,True,127,0,0.0,0.0,unfixed
20210321,22,22,6,False,True,114,0,0.0,0.0,unfixed
20210321,23,23,6,False,True,112,0,0.0,0.0,unfixed
20210322,0,0,0,False,True,71,0,0.0,0.0,unfixed
20210322,1,1,0,False,True,108,0,0.0,0.0,unfixed
20210322,2,2,0,False,True,113,0,0.0,0.0,unfixed
20210322,3,3,0,False,True,113,0,0.0,0.0,unfixed
20210322,4,4,0,False,True,117,0,0.0,0.0,unfixed
20210322,5,5,0,False,True,94,0,0.0,0.0,unfixed
20210322,6,6,0,False,True,114,0,0.0,0.0,unfixed
20210322,7,7,0,False,True,139,0,0.0,25.5,dow_median
20210322,8,8,0,False,False,171,855,1.25,855.0,none
20210322,9,9,0,False,False,167,710,1.066066066,710.0,none
20210322,10,10,0,False,False,172,2924,4.24383164,2924.0,none
20210322,11,11,0,False,False,172,1318,1.912917271,1318.0,none
20210322,12,12,0,False,False,111,1133,2.557562077,1133.0,none
20210322,13,13,0,False,False,166,781,1.17443609,781.0,none
20210322,14,14,0,False,False,157,3513,5.611821086,3513.0,none
20210322,15,15,0,False,False,156,1272,2.0352,1272.0,none
20210322,16,16,0,False,False,160,1557,2.436619718,1557.0,none
20210322,17,17,0,False,False,120,1143,2.386221294,1143.0,none
20210322,18,18,0,False,False,153,2718,4.455737705,2718.0,none
20210322,19,19,0,False,False,156,2545,4.085072231,2545.0,none
20210322,20,20,0,False,False,133,221,0.416981132,221.0,none
20210322,21,21,0,False,False,126,101,0.201195219,101.0,none
20210322,22,22,0,False,False,114,41,0.09030837,41.0,none
20210322,23,23,0,False,False,113,37,0.081677704,37.0,none
20210323,0,0,1,False,False,69,74,0.268115942,74.0,none
20210323,1,1,1,False,False,103,166,0.404878049,166.0,none
20210323,2,2,1,False,False,120,115,0.240585774,115.0,none
20210323,3,3,1,False,False,103,65,0.15776699,65.0,none
20210323,4,4,1,False,False,112,195,0.436241611,195.0,none
20210323,5,5,1,False,False,95,154,0.404199475,154.0,none
20210323,6,6,1,False,False,117,24,0.051391863,24.0,none
20210323,7,7,1,False,False,140,783,1.395721925,783.0,none
20210323,8,8,1,False,False,163,429,0.66,429.0,none
20210323,9,9,1,False,False,160,1010,1.580594679,1010.0,none
20210323,10,10,1,False,False,148,170,0.287162162,170.0,none
20210323,11,11,1,False,False,156,2543,4.081861958,2543.0,none
20210323,12,12,1,False,False,93,141,0.379032258,141.0,none
20210323,13,13,1,False,False,153,1052,1.716150082,1052.0,none
20210323,14,14,1,False,False,151,9830,16.27483444,9830.0,none
20210323,15,15,1,False,False,150,553,0.921666667,553.0,none
20210323,16,16,1,False,False,160,1358,2.128526646,1358.0,none
20210323,17,17,1,False,False,128,926,1.80859375,926.0,none
20210323,18,18,1,False,False,162,1369,2.119195046,1369.0,none
20210323,19,19,1,False,False,137,40,0.073126143,40.0,none
20210323,20,20,1,False,False,128,1,0.001960784,1.0,none
20210323,21,21,1,False,False,126,8,0.015904573,8.0,none
20210323,22,22,1,False,False,114,395,0.86622807,395.0,none
20210323,23,23,1,False,False,110,17,0.038636364,17.0,none
20210324,0,0,2,False,False,70,136,0.483985765,136.0,none
20210324,1,1,2,False,False,111,54,0.121621622,54.0,none
20210324,2,2,2,False,False,118,157,0.332627119,157.0,none
20210324,3,3,2,False,False,117,154,0.329764454,154.0,none
20210324,4,4,2,False,False,116,36,0.077419355,36.0,none
20210324,5,5,2,False,False,101,226,0.559405941,226.0,none
20210324,6,6,2,False,True,118,0,0.0,597.5,interp
20210324,7,7,2,False,False,149,969,1.623115578,969.0,none
20210324,8,8,2,False,False,182,524,0.71978022,524.0,none
20210324,9,9,2,False,False,162,1343,2.075734158,1343.0,none
20210324,10,10,2,False,False,154,742,1.204545455,742.0,none
20210324,11,11,2,False,False,164,536,0.819571865,536.0,none
20210324,12,12,2,False,False,105,89,0.211401425,89.0,none
20210324,13,13,2,False,False,171,1998,2.929618768,1998.0,none
20210324,14,14,2,False,False,163,2394,3.666156202,2394.0,none
20210324,15,15,2,False,False,150,1070,1.780366057,1070.0,none
20210324,16,16,2,False,False,162,1332,2.05238829,1332.0,none
20210324,17,17,2,False,False,135,335,0.621521336,335.0,none
20210324,18,18,2,False,False,150,1729,2.886477462,1729.0,none
20210324,19,19,2,False,False,159,1932,3.032967033,1932.0,none
20210324,20,20,2,False,True,136,0,0.0,1133.5,interp
20210324,21,21,2,False,False,131,335,0.639312977,335.0,none
20210324,22,22,2,False,True,121,0,0.0,264.0,interp
20210324,23,23,2,False,False,115,193,0.420479303,193.0,none
20210325,0,0,3,False,True,71,0,0.0,179.5,interp
20210325,1,1,3,False,False,119,166,0.348739496,166.0,none
20210325,2,2,3,False,False,117,21,0.044871795,21.0,none
20210325,3,3,3,False,False,119,9,0.018867925,9.0,none
20210325,4,4,3,False,False,118,458,0.968287526,458.0,none
20210325,5,5,3,False,True,106,0,0.0,275.5,interp
20210325,6,6,3,False,False,114,93,0.203501094,93.0,none
20210325,7,7,3,False,False,135,916,1.696296296,916.0,none
20210325,8,8,3,False,False,156,615,0.987158909,615.0,none
20210325,9,9,3,False,False,170,866,1.275405007,866.0,none
20210325,10,10,3,False,False,172,1223,1.780203785,1223.0,none
20210325,11,11,3,False,False,180,727,1.008321775,727.0,none
20210325,12,12,3,False,True,122,0,0.0,1024.5,interp
20210325,13,13,3,False,False,179,1322,1.843793584,1322.0,none
20210325,14,14,3,False,False,177,6064,8.564971751,6064.0,none
20210325,15,15,3,False,False,175,2397,3.434097421,2397.0,none
20210325,16,16,3,False,False,166,635,0.954887218,635.0,none
20210325,17,17,3,False,False,141,396,0.70212766,396.0,none
20210325,18,18,3,False,False,142,1411,2.492932862,1411.0,none
20210325,19,19,3,False,False,110,986,2.235827664,986.0,none
20210325,20,20,3,False,False,109,1,0.002298851,1.0,none
20210325,21,21,3,False,False,116,125,0.268817204,125.0,none
20210325,22,22,3,False,False,123,378,0.768292683,378.0,none
20210325,23,23,3,False,False,102,58,0.142506143,58.0,none
20210326,0,0,4,False,False,24,0,0.0,0.0,none
20210326,1,1,4,False,False,21,0,0.0,0.0,none
20210326,2,2,4,False,False,21,0,0.0,0.0,none
20210326,3,3,4,False,False,23,0,0.0,0.0,none
20210326,4,4,4,False,False,23,0,0.0,0.0,none
20210326,5,5,4,False,False,21,0,0.0,0.0,none
20210326,6,6,4,False,False,21,0,0.0,0.0,none
20210326,7,7,4,False,False,24,0,0.0,0.0,none
20210326,8,8,4,False,False,21,0,0.0,0.0,none
20210326,9,9,4,False,False,21,0,0.0,0.0,none
20210326,10,10,4,False,False,23,0,0.0,0.0,none
20210326,11,11,4,False,False,22,0,0.0,0.0,none
20210326,12,12,4,False,False,21,0,0.0,0.0,none
20210326,13,13,4,False,False,21,0,0.0,0.0,none
20210326,14,14,4,False,False,23,0,0.0,0.0,none
20210326,15,15,4,False,False,21,0,0.0,0.0,none
20210326,16,16,4,False,False,21,0,0.0,0.0,none
20210326,17,17,4,False,False,23,0,0.0,0.0,none
20210326,18,18,4,False,False,21,0,0.0,0.0,none
20210326,19,19,4,False,False,21,0,0.0,0.0,none
20210326,20,20,4,False,False,23,0,0.0,0.0,none
20210326,21,21,4,False,False,21,0,0.0,0.0,none
20210326,22,22,4,False,False,21,0,0.0,0.0,none
20210326,23,23,4,False,False,24,0,0.0,0.0,none
20210327,0,0,5,False,True,63,0,0.0,118.0,dow_median
20210327,1,1,5,False,False,105,390,0.933014354,390.0,none
20210327,2,2,5,False,False,104,60,0.144578313,60.0,none
20210327,3,3,5,False,False,105,4,0.009501188,4.0,none
20210327,4,4,5,False,False,107,678,1.587822014,678.0,none
20210327,5,5,5,False,False,92,44,0.119241192,44.0,none
20210327,6,6,5,False,False,107,31,0.072769953,31.0,none
20210327,7,7,5,False,False,61,760,3.114754098,760.0,none
20210327,8,8,5,False,False,24,0,0.0,0.0,none
20210327,9,9,5,False,False,22,0,0.0,0.0,none
20210327,10,10,5,False,False,22,0,0.0,0.0,none
20210327,11,11,5,False,False,25,0,0.0,0.0,none
20210327,12,12,5,False,False,22,0,0.0,0.0,none
20210327,13,13,5,False,False,22,0,0.0,0.0,none
20210327,14,14,5,False,False,23,0,0.0,0.0,none
20210327,15,15,5,False,False,25,0,0.0,0.0,none
20210327,16,16,5,False,False,23,0,0.0,0.0,none
20210327,17,17,5,False,False,22,0,0.0,0.0,none
20210327,18,18,5,False,False,25,0,0.0,0.0,none
20210327,19,19,5,False,False,22,0,0.0,0.0,none
20210327,20,20,5,False,False,22,0,0.0,0.0,none
20210327,21,21,5,False,False,24,0,0.0,0.0,none
20210327,22,22,5,False,False,23,0,0.0,0.0,none
20210327,23,23,5,False,False,22,0,0.0,0.0,none
20210328,0,0,6,False,False,24,0,0.0,0.0,none
20210328,1,1,6,False,False,26,0,0.0,0.0,none
20210328,2,2,6,False,False,22,0,0.0,0.0,none
20210328,3,3,6,False,False,24,0,0.0,0.0,none
20210328,4,4,6,False,False,26,0,0.0,0.0,none
20210328,5,5,6,False,False,22,0,0.0,0.0,none
20210328,6,6,6,False,False,23,0,0.0,0.0,none
20210328,7,7,6,False,False,24,0,0.0,0.0,none
20210328,8,8,6,False,True,175,0,0.0,0.0,unfixed
20210328,9,9,6,False,True,178,0,0.0,0.0,unfixed
20210328,10,10,6,False,True,167,0,0.0,0.0,unfixed
20210328,11,11,6,False,True,183,0,0.0,0.0,unfixed
20210328,12,12,6,False,True,121,0,0.0,0.0,unfixed
20210328,13,13,6,False,True,185,0,0.0,0.0,unfixed
20210328,14,14,6,False,True,180,0,0.0,0.0,unfixed
20210328,15,15,6,False,True,182,0,0.0,0.0,unfixed
20210328,16,16,6,False,True,168,0,0.0,0.0,unfixed
20210328,17,17,6,False,True,150,0,0.0,0.0,unfixed
20210328,18,18,6,False,True,177,0,0.0,0.0,unfixed
20210328,19,19,6,False,True,153,0,0.0,0.0,unfixed
20210328,20,20,6,False,True,112,0,0.0,0.0,unfixed
20210328,21,21,6,False,True,118,0,0.0,0.0,unfixed
20210328,22,22,6,False,True,109,0,0.0,0.0,unfixed
20210328,23,23,6,False,True,107,0,0.0,0.0,unfixed
20210329,0,0,0,False,True,66,0,0.0,0.0,unfixed
20210329,1,1,0,False,True,104,0,0.0,0.0,unfixed
20210329,2,2,0,False,True,113,0,0.0,0.0,unfixed
20210329,3,3,0,False,True,104,0,0.0,0.0,unfixed
20210329,4,4,0,False,True,110,0,0.0,0.0,unfixed
20210329,5,5,0,False,True,90,0,0.0,0.0,unfixed
20210329,6,6,0,False,True,113,0,0.0,0.0,unfixed
20210329,7,7,0,False,False,137,10,0.018281536,10.0,none
20210329,8,8,0,False,False,202,1644,2.034653465,1644.0,none
20210329,9,9,0,False,False,179,1648,2.29846583,1648.0,none
20210329,10,10,0,False,False,163,720,1.105990783,720.0,none
20210329,11,11,0,False,False,193,1059,1.369987063,1059.0,none
20210329,12,12,0,False,False,118,52,0.110403397,52.0,none
20210329,13,13,0,False,False,187,669,0.896782842,669.0,none
20210329,14,14,0,False,False,177,1152,1.624823695,1152.0,none
20210329,15,15,0,False,False,163,271,0.415007657,271.0,none
20210329,16,16,0,False,False,164,2375,3.625954198,2375.0,none
20210329,17,17,0,False,False,128,294,0.576470588,294.0,none
20210329,18,18,0,False,False,166,1408,2.126888218,1408.0,none
20210329,19,19,0,False,False,160,3513,5.48049922,3513.0,none
20210329,20,20,0,False,False,135,370,0.687732342,370.0,none
20210329,21,21,0,False,False,124,62,0.125252525,62.0,none
20210329,22,22,0,False,False,113,204,0.453333333,204.0,none
20210329,23,23,0,False,False,104,51,0.123188406,51.0,none
20210330,0,0,1,False,False,67,252,0.940298507,252.0,none
20210330,1,1,1,False,False,104,24,0.057692308,24.0,none
20210330,2,2,1,False,False,110,272,0.619589977,272.0,none
20210330,3,3,1,False,False,112,1796,4.008928571,1796.0,none
20210330,4,4,1,False,False,109,358,0.821100917,358.0,none
20210330,5,5,1,False,False,98,775,1.972010178,775.0,none
20210330,6,6,1,False,False,114,144,0.315098468,144.0,none
20210330,7,7,1,False,False,132,534,1.015209125,534.0,none
20210330,8,8,1,False,False,180,736,1.02364395,736.0,none
20210330,9,9,1,False,False,179,1209,1.690909091,1209.0,none
20210330,10,10,1,False,False,159,1037,1.635646688,1037.0,none
20210330,11,11,1,False,False,144,1193,2.071180556,1193.0,none
20210330,12,12,1,False,False,108,7208,16.72389791,7208.0,none
20210330,13,13,1,False,False,167,946,1.42042042,946.0,none
20210330,14,14,1,False,False,166,904,1.363499246,904.0,none
20210330,15,15,1,False,False,164,61,0.093272171,61.0,none
20210330,16,16,1,False,False,161,1290,2.009345794,1290.0,none
20210330,17,17,1,False,False,156,1514,2.4224,1514.0,none
20210330,18,18,1,False,False,160,984,1.542319749,984.0,none
20210330,19,19,1,False,False,141,2347,4.153982301,2347.0,none
20210330,20,20,1,False,False,109,15,0.03440367,15.0,none
20210330,21,21,1,False,False,113,187,0.414634146,187.0,none
20210330,22,22,1,False,False,106,26,0.061465721,26.0,none
20210330,23,23,1,False,False,104,400,0.961538462,400.0,none
20210331,0,0,2,False,False,24,0,0.0,0.0,none
20210331,1,1,2,False,False,21,0,0.0,0.0,none
20210331,2,2,2,False,False,21,0,0.0,0.0,none
20210331,3,3,2,False,False,23,0,0.0,0.0,none
20210331,4,4,2,False,False,23,0,0.0,0.0,none
20210331,5,5,2,False,False,21,0,0.0,0.0,none
20210331,6,6,2,False,False,21,0,0.0,0.0,none
20210331,7,7,2,False,False,24,0,0.0,0.0,none
20210331,8,8,2,False,False,21,0,0.0,0.0,none
20210331,9,9,2,False,False,21,0,0.0,0.0,none
20210331,10,10,2,False,False,23,0,0.0,0.0,none
20210331,11,11,2,False,False,22,0,0.0,0.0,none
20210331,12,12,2,False,False,21,0,0.0,0.0,none
20210331,13,13,2,False,False,21,0,0.0,0.0,none
20210331,14,14,2,False,False,23,0,0.0,0.0,none
20210331,15,15,2,False,False,21,0,0.0,0.0,none
20210331,16,16,2,False,False,21,0,0.0,0.0,none
20210331,17,17,2,False,False,23,0,0.0,0.0,none
20210331,18,18,2,False,False,21,0,0.0,0.0,none
20210331,19,19,2,False,False,21,0,0.0,0.0,none
20210331,20,20,2,False,False,23,0,0.0,0.0,none
20210331,21,21,2,False,False,21,0,0.0,0.0,none
20210331,22,22,2,False,False,21,0,0.0,0.0,none
20210331,23,23,2,False,False,24,0,0.0,0.0,none
20210401,0,0,3,False,False,23,0,0.0,0.0,none
20210401,1,1,3,False,False,21,332,3.952380952,332.0,none
20210401,2,2,3,False,False,21,77,0.916666667,77.0,none
20210401,3,3,3,False,False,23,682,7.333333333,682.0,none
20210401,4,4,3,False,False,21,0,0.0,0.0,none
20210401,5,5,3,False,False,21,48,0.571428571,48.0,none
20210401,6,6,3,False,False,23,71,0.76344086,71.0,none
20210401,7,7,3,False,False,59,1231,5.238297872,1231.0,none
20210401,8,8,3,False,False,175,398,0.569384835,398.0,none
20210401,9,9,3,False,False,170,802,1.179411765,802.0,none
20210401,10,10,3,False,False,149,298,0.501683502,298.0,none
20210401,11,11,3,False,False,174,823,1.184172662,823.0,none
20210401,12,12,3,False,False,106,35,0.082352941,35.0,none
20210401,13,13,3,False,False,179,529,0.73986014,529.0,none
20210401,14,14,3,False,False,167,1062,1.587443946,1062.0,none
20210401,15,15,3,False,False,154,392,0.635332253,392.0,none
20210401,16,16,3,False,False,147,4140,7.028862479,4140.0,none
20210401,17,17,3,False,False,119,206,0.434599156,206.0,none
20210401,18,18,3,False,False,134,1652,3.076350093,1652.0,none
20210401,19,19,3,False,False,122,1634,3.348360656,1634.0,none
20210401,20,20,3,False,False,110,105,0.239179954,105.0,none
20210401,21,21,3,False,False,104,21,0.050359712,21.0,none
20210401,22,22,3,False,False,105,253,0.605263158,253.0,none
20210401,23,23,3,False,False,99,30,0.076142132,30.0,none
20210402,0,0,4,False,False,65,30,0.115384615,30.0,none
20210402,1,1,4,False,True,108,0,0.0,332.0,interp
20210402,2,2,4,False,False,116,634,1.36344086,634.0,none
20210402,3,3,4,False,False,104,102,0.245783133,102.0,none
20210402,4,4,4,False,False,101,89,0.22029703,89.0,none
20210402,5,5,4,False,False,85,45,0.132743363,45.0,none
20210402,6,6,4,False,False,111,62,0.140271493,62.0,none
20210402,7,7,4,False,False,126,1172,2.325396825,1172.0,none
20210402,8,8,4,False,True,171,0,0.0,591.0,dow_median
20210402,9,9,4,False,True,168,0,0.0,786.0,dow_median
20210402,10,10,4,False,True,161,0,0.0,1056.0,dow_median
20210402,11,11,4,False,True,173,0,0.0,1501.0,dow_median
20210402,12,12,4,False,True,104,0,0.0,303.0,dow_median
20210402,13,13,4,False,True,165,0,0.0,1298.0,dow_median
20210402,14,14,4,False,True,166,0,0.0,1270.0,dow_median
20210402,15,15,4,False,True,159,0,0.0,1078.0,dow_median
20210402,16,16,4,False,True,161,0,0.0,1633.0,dow_median
20210402,17,17,4,False,True,123,0,0.0,482.0,dow_median
20210402,18,18,4,False,True,163,0,0.0,984.5,dow_median
20210402,19,19,4,False,True,158,0,0.0,1570.5,dow_median
20210402,20,20,4,False,True,124,0,0.0,62.0,dow_median
20210402,21,21,4,False,True,125,0,0.0,58.0,dow_median
20210402,22,22,4,False,True,105,0,0.0,64.0,dow_median
20210402,23,23,4,False,True,95,0,0.0,108.5,dow_median
20210403,0,0,5,False,True,70,0,0.0,118.0,dow_median
20210403,1,1,5,False,True,107,0,0.0,104.0,dow_median
20210403,2,2,5,False,True,109,0,0.0,117.0,dow_median
20210403,3,3,5,False,True,100,0,0.0,98.0,dow_median
20210403,4,4,5,False,True,102,0,0.0,81.0,dow_median
20210403,5,5,5,False,True,86,0,0.0,44.0,dow_median
20210403,6,6,5,False,True,101,0,0.0,140.0,dow_median
20210403,7,7,5,False,False,72,56,0.195121951,56.0,none
20210403,8,8,5,False,False,23,0,0.0,0.0,none
20210403,9,9,5,False,False,21,0,0.0,0.0,none
20210403,10,10,5,False,False,21,0,0.0,0.0,none
20210403,11,11,5,False,False,23,0,0.0,0.0,none
20210403,12,12,5,False,False,22,0,0.0,0.0,none
20210403,13,13,5,False,False,21,0,0.0,0.0,none
20210403,14,14,5,False,False,21,0,0.0,0.0,none
20210403,15,15,5,False,False,23,0,0.0,0.0,none
20210403,16,16,5,False,False,21,0,0.0,0.0,none
20210403,17,17,5,False,False,21,0,0.0,0.0,none
20210403,18,18,5,False,False,23,0,0.0,0.0,none
20210403,19,19,5,False,False,21,0,0.0,0.0,none
20210403,20,20,5,False,False,21,0,0.0,0.0,none
20210403,21,21,5,False,False,24,0,0.0,0.0,none
20210403,22,22,5,False,False,21,0,0.0,0.0,none
20210403,23,23,5,False,False,21,0,0.0,0.0,none
20210404,0,0,6,False,False,21,0,0.0,0.0,none
20210404,1,1,6,False,False,23,0,0.0,0.0,none
20210404,2,2,6,False,False,21,0,0.0,0.0,none
20210404,3,3,6,False,False,21,0,0.0,0.0,none
20210404,4,4,6,False,False,24,0,0.0,0.0,none
20210404,5,5,6,False,False,21,0,0.0,0.0,none
20210404,6,6,6,False,False,21,0,0.0,0.0,none
20210404,7,7,6,False,False,24,0,0.0,0.0,none
20210404,8,8,6,False,False,21,0,0.0,0.0,none
20210404,9,9,6,False,False,21,0,0.0,0.0,none
20210404,10,10,6,False,False,22,0,0.0,0.0,none
20210404,11,11,6,False,False,22,0,0.0,0.0,none
20210404,12,12,6,False,False,21,0,0.0,0.0,none
20210404,13,13,6,False,False,21,0,0.0,0.0,none
20210404,14,14,6,False,False,23,0,0.0,0.0,none
20210404,15,15,6,False,False,21,0,0.0,0.0,none
20210404,16,16,6,False,False,20,0,0.0,0.0,none
20210404,17,17,6,False,False,23,0,0.0,0.0,none
20210404,18,18,6,False,False,20,0,0.0,0.0,none
20210404,19,19,6,False,False,20,0,0.0,0.0,none
20210404,20,20,6,False,False,23,0,0.0,0.0,none
20210404,21,21,6,False,False,22,0,0.0,0.0,none
20210404,22,22,6,False,False,21,0,0.0,0.0,none
20210404,23,23,6,False,False,22,0,0.0,0.0,none
20210405,0,0,0,False,False,23,0,0.0,0.0,none
20210405,1,1,0,False,False,21,0,0.0,0.0,none
20210405,2,2,0,False,False,21,0,0.0,0.0,none
20210405,3,3,0,False,False,23,0,0.0,0.0,none
20210405,4,4,0,False,False,21,0,0.0,0.0,none
20210405,5,5,0,False,False,21,0,0.0,0.0,none
20210405,6,6,0,False,False,23,0,0.0,0.0,none
20210405,7,7,0,False,True,59,0,0.0,25.5,dow_median
20210405,8,8,0,False,False,175,1029,1.472103004,1029.0,none
20210405,9,9,0,False,False,170,940,1.382352941,940.0,none
20210405,10,10,0,False,False,149,1371,2.308080808,1371.0,none
20210405,11,11,0,False,False,174,2272,3.269064748,2272.0,none
20210405,12,12,0,False,False,106,72,0.169411765,72.0,none
20210405,13,13,0,False,False,179,1267,1.772027972,1267.0,none
20210405,14,14,0,False,False,167,607,0.907324365,607.0,none
20210405,15,15,0,False,False,154,4275,6.928687196,4275.0,none
20210405,16,16,0,False,False,147,1158,1.966044143,1158.0,none
20210405,17,17,0,False,False,119,771,1.626582278,771.0,none
20210405,18,18,0,False,False,134,1184,2.204841713,1184.0,none
20210405,19,19,0,False,False,122,2358,4.831967213,2358.0,none
20210405,20,20,0,False,False,110,102,0.232346241,102.0,none
20210405,21,21,0,False,False,104,10,0.023980815,10.0,none
20210405,22,22,0,False,False,105,269,0.64354067,269.0,none
20210405,23,23,0,False,False,99,24,0.060913706,24.0,none
20210406,0,0,1,False,False,65,156,0.6,156.0,none
20210406,1,1,1,False,False,108,212,0.48960739,212.0,none
20210406,2,2,1,False,False,116,5,0.010752688,5.0,none
20210406,3,3,1,False,False,104,37,0.089156627,37.0,none
20210406,4,4,1,False,False,101,13,0.032178218,13.0,none
20210406,5,5,1,False,False,85,319,0.94100295,319.0,none
20210406,6,6,1,False,False,111,182,0.411764706,182.0,none
20210406,7,7,1,False,False,126,531,1.053571429,531.0,none
20210406,8,8,1,False,False,171,1007,1.470072993,1007.0,none
20210406,9,9,1,False,False,168,984,1.462109955,984.0,none
20210406,10,10,1,False,False,161,927,1.443925234,927.0,none
20210406,11,11,1,False,False,173,1223,1.772463768,1223.0,none
20210406,12,12,1,False,False,104,3566,8.61352657,3566.0,none
20210406,13,13,1,False,False,165,960,1.452344932,960.0,none
20210406,14,14,1,False,False,166,1218,1.831578947,1218.0,none
20210406,15,15,1,False,False,159,1342,2.110062893,1342.0,none
20210406,16,16,1,False,False,161,868,1.347826087,868.0,none
20210406,17,17,1,False,False,123,218,0.443089431,218.0,none
20210406,18,18,1,False,False,163,1330,2.046153846,1330.0,none
20210406,19,19,1,False,False,158,2259,3.568720379,2259.0,none
20210406,20,20,1,False,False,124,101,0.204453441,101.0,none
20210406,21,21,1,False,False,125,18,0.036144578,18.0,none
20210406,22,22,1,False,False,105,68,0.162679426,68.0,none
20210406,23,23,1,False,False,95,516,1.357894737,516.0,none
20210407,0,0,2,False,False,21,0,0.0,0.0,none
20210407,1,1,2,False,False,21,182,2.166666667,182.0,none
20210407,2,2,2,False,False,23,250,2.747252747,250.0,none
20210407,3,3,2,False,False,22,10,0.114942529,10.0,none
20210407,4,4,2,False,False,21,151,1.797619048,151.0,none
20210407,5,5,2,False,False,22,283,3.215909091,283.0,none
20210407,6,6,2,False,False,23,136,1.494505495,136.0,none
20210407,7,7,2,False,False,56,593,2.671171171,593.0,none
20210407,8,8,2,False,False,185,669,0.904054054,669.0,none
20210407,9,9,2,False,False,186,892,1.197315436,892.0,none
20210407,10,10,2,False,False,165,1027,1.560790274,1027.0,none
20210407,11,11,2,False,False,171,1113,1.624817518,1113.0,none
20210407,12,12,2,False,False,101,2836,7.01980198,2836.0,none
20210407,13,13,2,False,False,166,427,0.642105263,427.0,none
20210407,14,14,2,False,False,160,1325,2.067082683,1325.0,none
20210407,15,15,2,False,False,155,1691,2.736245955,1691.0,none
20210407,16,16,2,False,False,159,579,0.911811024,579.0,none
20210407,17,17,2,False,False,125,567,1.136272545,567.0,none
20210407,18,18,2,False,False,125,1427,2.848303393,1427.0,none
20210407,19,19,2,False,False,115,1745,3.785249458,1745.0,none
20210407,20,20,2,False,False,128,13,0.025440313,13.0,none
20210407,21,21,2,False,False,121,460,0.954356846,460.0,none
20210407,22,22,2,False,False,114,70,0.154185022,70.0,none
20210407,23,23,2,False,False,101,110,0.272277228,110.0,none
20210408,0,0,3,False,True,67,0,0.0,120.5,interp
20210408,1,1,3,False,False,104,131,0.316425121,131.0,none
20210408,2,2,3,False,False,102,112,0.275862069,112.0,none
20210408,3,3,3,False,False,105,48,0.114558473,48.0,none
20210408,4,4,3,False,False,98,70,0.178117048,70.0,none
20210408,5,5,3,False,False,89,316,0.885154062,316.0,none
20210408,6,6,3,False,False,107,350,0.817757009,350.0,none
20210408,7,7,3,False,False,118,826,1.75,826.0,none
20210408,8,8,3,False,False,172,458,0.667638484,458.0,none
20210408,9,9,3,False,False,170,1501,2.207352941,1501.0,none
20210408,10,10,3,False,False,158,474,0.748815166,474.0,none
20210408,11,11,3,False,False,164,702,1.073394495,702.0,none
20210408,12,12,3,False,False,106,938,2.222748815,938.0,none
20210408,13,13,3,False,False,167,825,1.233183857,825.0,none
20210408,14,14,3,False,False,153,1241,2.027777778,1241.0,none
20210408,15,15,3,False,False,133,2328,4.384180791,2328.0,none
20210408,16,16,3,False,False,145,825,1.424870466,825.0,none
20210408,17,17,3,False,False,120,386,0.805845511,386.0,none
20210408,18,18,3,False,False,108,1904,4.397228637,1904.0,none
20210408,19,19,3,False,False,100,1058,2.658291457,1058.0,none
20210408,20,20,3,False,False,103,171,0.414043584,171.0,none
20210408,21,21,3,False,False,102,110,0.269607843,110.0,none
20210408,22,22,3,False,True,100,0,0.0,202.0,interp
20210408,23,23,3,False,False,85,294,0.864705882,294.0,none
20210409,0,0,4,False,False,23,27,0.3,27.0,none
20210409,1,1,4,False,False,23,60,0.659340659,60.0,none
20210409,2,2,4,False,False,25,243,2.454545455,243.0,none
20210409,3,3,4,False,False,23,279,3.1,279.0,none
20210409,4,4,4,False,False,23,2,0.021978022,2.0,none
20210409,5,5,4,False,False,24,118,1.255319149,118.0,none
20210409,6,6,4,False,False,24,123,1.28125,123.0,none
20210409,7,7,4,False,False,64,440,1.732283465,440.0,none
20210409,8,8,4,False,False,177,342,0.484419263,342.0,none
20210409,9,9,4,False,False,158,411,0.650316456,411.0,none
20210409,10,10,4,False,False,157,663,1.055732484,663.0,none
20210409,11,11,4,False,False,164,1501,2.291603053,1501.0,none
20210409,12,12,4,False,False,106,160,0.378250591,160.0,none
20210409,13,13,4,False,False,158,2943,4.671428571,2943.0,none
20210409,14,14,4,False,False,154,1731,2.805510535,1731.0,none
20210409,15,15,4,False,False,141,1514,2.679646018,1514.0,none
20210409,16,16,4,False,False,153,1633,2.67704918,1633.0,none
20210409,17,17,4,False,False,128,325,0.636007828,325.0,none
20210409,18,18,4,False,False,159,983,1.545597484,983.0,none
20210409,19,19,4,False,False,142,2300,4.06360424,2300.0,none
20210409,20,20,4,False,False,111,39,0.088235294,39.0,none
20210409,21,21,4,False,False,120,8,0.016701461,8.0,none
20210409,22,22,4,False,False,112,50,0.111358575,50.0,none
20210409,23,23,4,False,True,101,0,0.0,37.5,interp
20210410,0,0,5,False,False,61,25,0.102880658,25.0,none
20210410,1,1,5,False,False,104,34,0.081927711,34.0,none
20210410,2,2,5,False,False,103,917,2.220338983,917.0,none
20210410,3,3,5,False,True,103,0,0.0,473.5,interp
20210410,4,4,5,False,False,106,30,0.070588235,30.0,none
20210410,5,5,5,False,True,87,0,0.0,361.0,interp
20210410,6,6,5,False,False,104,692,1.671497585,692.0,none
20210410,7,7,5,False,False,63,1351,5.404,1351.0,none
20210410,8,8,5,False,False,24,6,0.06185567,6.0,none
20210410,9,9,5,False,False,22,0,0.0,0.0,none
20210410,10,10,5,False,False,22,0,0.0,0.0,none
20210410,11,11,5,False,False,25,0,0.0,0.0,none
20210410,12,12,5,False,False,23,0,0.0,0.0,none
20210410,13,13,5,False,False,22,0,0.0,0.0,none
20210410,14,14,5,False,False,23,0,0.0,0.0,none
20210410,15,15,5,False,False,24,0,0.0,0.0,none
20210410,16,16,5,False,False,23,0,0.0,0.0,none
20210410,17,17,5,False,False,22,0,0.0,0.0,none
20210410,18,18,5,False,False,24,0,0.0,0.0,none
20210410,19,19,5,False,False,22,0,0.0,0.0,none
20210410,20,20,5,False,False,22,0,0.0,0.0,none
20210410,21,21,5,False,False,25,0,0.0,0.0,none
20210410,22,22,5,False,False,23,0,0.0,0.0,none
20210410,23,23,5,False,False,23,0,0.0,0.0,none
20210411,0,0,6,False,False,20,0,0.0,0.0,none
20210411,1,1,6,False,False,23,0,0.0,0.0,none
20210411,2,2,6,False,False,20,0,0.0,0.0,none
20210411,3,3,6,False,False,20,0,0.0,0.0,none
20210411,4,4,6,False,False,22,0,0.0,0.0,none
20210411,5,5,6,False,False,20,0,0.0,0.0,none
20210411,6,6,6,False,False,20,0,0.0,0.0,none
20210411,7,7,6,False,False,20,0,0.0,0.0,none
20210411,8,8,6,False,False,21,0,0.0,0.0,none
20210411,9,9,6,False,False,20,0,0.0,0.0,none
20210411,10,10,6,False,False,21,0,0.0,0.0,none
20210411,11,11,6,False,False,21,0,0.0,0.0,none
20210411,12,12,6,False,False,20,0,0.0,0.0,none
20210411,13,13,6,False,False,20,0,0.0,0.0,none
20210411,14,14,6,False,False,22,0,0.0,0.0,none
20210411,15,15,6,False,False,20,0,0.0,0.0,none
20210411,16,16,6,False,False,20,0,0.0,0.0,none
20210411,17,17,6,False,False,23,0,0.0,0.0,none
20210411,18,18,6,False,False,19,0,0.0,0.0,none
20210411,19,19,6,False,False,20,0,0.0,0.0,none
20210411,20,20,6,False,False,21,0,0.0,0.0,none
20210411,21,21,6,False,False,21,0,0.0,0.0,none
20210411,22,22,6,False,False,20,0,0.0,0.0,none
20210411,23,23,6,False,False,21,0,0.0,0.0,none
20210412,0,0,0,False,True,64,0,0.0,0.0,unfixed
20210412,1,1,0,False,True,93,0,0.0,0.0,unfixed
20210412,2,2,0,False,True,94,0,0.0,0.0,unfixed
20210412,3,3,0,False,True,88,0,0.0,0.0,unfixed
20210412,4,4,0,False,True,85,0,0.0,0.0,unfixed
20210412,5,5,0,False,True,81,0,0.0,0.0,unfixed
20210412,6,6,0,False,True,95,0,0.0,0.0,unfixed
20210412,7,7,0,False,True,115,0,0.0,25.5,dow_median
20210412,8,8,0,False,False,170,1007,1.485250737,1007.0,none
20210412,9,9,0,False,False,171,876,1.284457478,876.0,none
20210412,10,10,0,False,False,159,1032,1.620094192,1032.0,none
20210412,11,11,0,False,False,167,4888,7.317365269,4888.0,none
20210412,12,12,0,False,False,99,305,0.772151899,305.0,none
20210412,13,13,0,False,False,177,580,0.821529745,580.0,none
20210412,14,14,0,False,False,167,431,0.646176912,431.0,none
20210412,15,15,0,False,False,162,880,1.355932203,880.0,none
20210412,16,16,0,False,False,154,690,1.123778502,690.0,none
20210412,17,17,0,False,False,118,1920,4.076433121,1920.0,none
20210412,18,18,0,False,False,146,740,1.271477663,740.0,none
20210412,19,19,0,False,False,144,2676,4.645833333,2676.0,none
20210412,20,20,0,False,False,115,6,0.013043478,6.0,none
20210412,21,21,0,False,True,112,0,0.0,17.0,interp
20210412,22,22,0,False,False,100,28,0.070175439,28.0,none
20210412,23,23,0,False,False,93,67,0.179624665,67.0,none
20210413,0,0,1,False,True,64,0,0.0,89.33333333333333,interp
20210413,1,1,1,False,True,93,0,0.0,111.66666666666666,interp
20210413,2,2,1,False,False,94,134,0.35828877,134.0,none
20210413,3,3,1,False,True,88,0,0.0,153.0,interp
20210413,4,4,1,False,False,85,172,0.50887574,172.0,none
20210413,5,5,1,False,True,81,0,0.0,128.0,interp
20210413,6,6,1,False,False,95,84,0.221052632,84.0,none
20210413,7,7,1,False,False,115,474,1.034934498,474.0,none
20210413,8,8,1,False,False,170,889,1.31120944,889.0,none
20210413,9,9,1,False,False,171,1381,2.024926686,1381.0,none
20210413,10,10,1,False,False,159,938,1.472527473,938.0,none
20210413,11,11,1,False,False,167,1241,1.857784431,1241.0,none
20210413,12,12,1,False,False,99,44,0.111392405,44.0,none
20210413,13,13,1,False,False,177,1208,1.711048159,1208.0,none
20210413,14,14,1,False,False,167,1086,1.628185907,1086.0,none
20210413,15,15,1,False,False,162,1368,2.107858243,1368.0,none
20210413,16,16,1,False,False,154,2151,3.503257329,2151.0,none
20210413,17,17,1,False,False,118,5156,10.94692144,5156.0,none
20210413,18,18,1,False,False,146,1023,1.757731959,1023.0,none
20210413,19,19,1,False,False,144,2808,4.875,2808.0,none
20210413,20,20,1,False,False,115,14,0.030434783,14.0,none
20210413,21,21,1,False,False,112,340,0.757238307,340.0,none
20210413,22,22,1,False,False,100,150,0.37593985,150.0,none
20210413,23,23,1,False,False,93,189,0.506702413,189.0,none
20210414,0,0,2,False,True,64,0,0.0,127.5,interp
20210414,1,1,2,False,False,93,66,0.177897574,66.0,none
20210414,2,2,2,False,False,94,719,1.922459893,719.0,none
20210414,3,3,2,False,False,88,36,0.102564103,36.0,none
20210414,4,4,2,False,False,85,10,0.029585799,10.0,none
20210414,5,5,2,False,False,81,549,1.704968944,549.0,none
20210414,6,6,2,False,False,95,226,0.594736842,226.0,none
20210414,7,7,2,False,False,115,692,1.510917031,692.0,none
20210414,8,8,2,False,False,170,982,1.448377581,982.0,none
20210414,9,9,2,False,False,171,1260,1.847507331,1260.0,none
20210414,10,10,2,False,False,159,1193,1.872841444,1193.0,none
20210414,11,11,2,False,False,167,1227,1.836826347,1227.0,none
20210414,12,12,2,False,False,99,532,1.346835443,532.0,none
20210414,13,13,2,False,False,177,1032,1.461756374,1032.0,none
20210414,14,14,2,False,False,167,2635,3.950524738,2635.0,none
20210414,15,15,2,False,False,162,960,1.479198767,960.0,none
20210414,16,16,2,False,False,154,2275,3.705211726,2275.0,none
20210414,17,17,2,False,False,118,351,0.74522293,351.0,none
20210414,18,18,2,False,False,146,842,1.446735395,842.0,none
20210414,19,19,2,False,False,144,1789,3.105902778,1789.0,none
20210414,20,20,2,False,False,115,30,0.065217391,30.0,none
20210414,21,21,2,False,False,112,104,0.231625835,104.0,none
20210414,22,22,2,False,False,100,123,0.308270677,123.0,none
20210414,23,23,2,False,False,93,78,0.209115282,78.0,none
20210415,0,0,3,False,False,64,240,0.94488189,240.0,none
20210415,1,1,3,False,False,93,219,0.590296496,219.0,none
20210415,2,2,3,False,False,94,116,0.310160428,116.0,none
20210415,3,3,3,False,True,88,0,0.0,58.5,interp
20210415,4,4,3,False,False,85,1,0.00295858,1.0,none
20210415,5,5,3,False,False,81,82,0.254658385,82.0,none
20210415,6,6,3,False,True,95,0,0.0,779.5,interp
20210415,7,7,3,False,False,115,1477,3.22489083,1477.0,none
20210415,8,8,3,False,False,170,766,1.12979351,766.0,none
20210415,9,9,3,False,False,171,1672,2.451612903,1672.0,none
20210415,10,10,3,False,False,159,492,0.772370487,492.0,none
20210415,11,11,3,False,False,167,1021,1.528443114,1021.0,none
20210415,12,12,3,False,False,99,21,0.053164557,21.0,none
20210415,13,13,3,False,False,177,1022,1.447592068,1022.0,none
20210415,14,14,3,False,False,167,1613,2.418290855,1613.0,none
20210415,15,15,3,False,False,162,662,1.020030817,662.0,none
20210415,16,16,3,False,False,154,1543,2.513029316,1543.0,none
20210415,17,17,3,False,False,118,653,1.38641189,653.0,none
20210415,18,18,3,False,False,146,1531,2.630584192,1531.0,none
20210415,19,19,3,False,False,144,2318,4.024305556,2318.0,none
20210415,20,20,3,False,False,115,10,0.02173913,10.0,none
20210415,21,21,3,False,False,112,102,0.227171492,102.0,none
20210415,22,22,3,False,False,100,572,1.43358396,572.0,none
20210415,23,23,3,False,False,93,69,0.184986595,69.0,none
20210416,0,0,4,False,True,64,0,0.0,186.5,interp
20210416,1,1,4,False,False,93,304,0.819407008,304.0,none
20210416,2,2,4,False,False,94,243,0.64973262,243.0,none
20210416,3,3,4,False,False,88,40,0.113960114,40.0,none
20210416,4,4,4,False,False,85,140,0.414201183,140.0,none
20210416,5,5,4,False,False,81,35,0.108695652,35.0,none
20210416,6,6,4,False,False,95,48,0.126315789,48.0,none
20210416,7,7,4,False,False,115,1429,3.120087336,1429.0,none
20210416,8,8,4,False,False,170,459,0.67699115,459.0,none
20210416,9,9,4,False,False,171,780,1.143695015,780.0,none
20210416,10,10,4,False,False,159,961,1.508634223,961.0,none
20210416,11,11,4,False,False,167,3628,5.431137725,3628.0,none
20210416,12,12,4,False,False,99,3130,7.924050633,3130.0,none
20210416,13,13,4,False,False,177,1657,2.347025496,1657.0,none
20210416,14,14,4,False,False,167,1804,2.704647676,1804.0,none
20210416,15,15,4,False,False,162,621,0.956856703,621.0,none
20210416,16,16,4,False,False,154,1025,1.669381107,1025.0,none
20210416,17,17,4,False,False,118,720,1.52866242,720.0,none
20210416,18,18,4,False,False,146,877,1.506872852,877.0,none
20210416,19,19,4,False,False,144,1519,2.637152778,1519.0,none
20210416,20,20,4,False,False,115,98,0.213043478,98.0,none
20210416,21,21,4,False,False,112,58,0.129175947,58.0,none
20210416,22,22,4,False,False,100,141,0.353383459,141.0,none
20210416,23,23,4,False,False,93,36,0.096514745,36.0,none
20210417,0,0,5,False,False,61,239,0.983539095,239.0,none
20210417,1,1,5,False,False,104,325,0.78313253,325.0,none
20210417,2,2,5,False,False,103,117,0.283292978,117.0,none
20210417,3,3,5,False,False,103,151,0.367396594,151.0,none
20210417,4,4,5,False,False,106,292,0.687058824,292.0,none
20210417,5,5,5,False,False,87,20,0.057471264,20.0,none
20210417,6,6,5,False,False,104,144,0.347826087,144.0,none
20210417,7,7,5,False,False,63,1690,6.76,1690.0,none
20210417,8,8,5,False,False,24,0,0.0,0.0,none
20210417,9,9,5,False,False,22,0,0.0,0.0,none
20210417,10,10,5,False,False,22,0,0.0,0.0,none
20210417,11,11,5,False,False,25,0,0.0,0.0,none
20210417,12,12,5,False,False,23,0,0.0,0.0,none
20210417,13,13,5,False,False,22,0,0.0,0.0,none
20210417,14,14,5,False,False,23,0,0.0,0.0,none
20210417,15,15,5,False,False,24,0,0.0,0.0,none
20210417,16,16,5,False,False,23,0,0.0,0.0,none
20210417,17,17,5,False,False,22,0,0.0,0.0,none
20210417,18,18,5,False,False,24,0,0.0,0.0,none
20210417,19,19,5,False,False,22,0,0.0,0.0,none
20210417,20,20,5,False,False,22,0,0.0,0.0,none
20210417,21,21,5,False,False,25,0,0.0,0.0,none
20210417,22,22,5,False,False,23,0,0.0,0.0,none
20210417,23,23,5,False,False,23,0,0.0,0.0,none
20210418,0,0,6,False,False,20,0,0.0,0.0,none
20210418,1,1,6,False,False,23,0,0.0,0.0,none
20210418,2,2,6,False,False,20,0,0.0,0.0,none
20210418,3,3,6,False,False,20,0,0.0,0.0,none
20210418,4,4,6,False,False,22,0,0.0,0.0,none
20210418,5,5,6,False,False,20,0,0.0,0.0,none
20210418,6,6,6,False,False,20,0,0.0,0.0,none
20210418,7,7,6,False,False,20,0,0.0,0.0,none
20210418,8,8,6,False,False,21,0,0.0,0.0,none
20210418,9,9,6,False,False,20,0,0.0,0.0,none
20210418,10,10,6,False,False,21,0,0.0,0.0,none
20210418,11,11,6,False,False,21,0,0.0,0.0,none
20210418,12,12,6,False,False,20,0,0.0,0.0,none
20210418,13,13,6,False,False,20,0,0.0,0.0,none
20210418,14,14,6,False,False,22,0,0.0,0.0,none
20210418,15,15,6,False,False,20,0,0.0,0.0,none
20210418,16,16,6,False,False,20,0,0.0,0.0,none
20210418,17,17,6,False,False,23,0,0.0,0.0,none
20210418,18,18,6,False,False,19,0,0.0,0.0,none
20210418,19,19,6,False,False,20,0,0.0,0.0,none
20210418,20,20,6,False,False,21,0,0.0,0.0,none
20210418,21,21,6,False,False,21,0,0.0,0.0,none
20210418,22,22,6,False,False,20,0,0.0,0.0,none
20210418,23,23,6,False,False,21,0,0.0,0.0,none
20210419,0,0,0,False,False,20,0,0.0,0.0,none
20210419,1,1,0,False,False,23,0,0.0,0.0,none
20210419,2,2,0,False,False,20,0,0.0,0.0,none
20210419,3,3,0,False,False,20,0,0.0,0.0,none
20210419,4,4,0,False,False,23,0,0.0,0.0,none
20210419,5,5,0,False,False,20,0,0.0,0.0,none
20210419,6,6,0,False,False,20,0,0.0,0.0,none
20210419,7,7,0,False,True,54,0,0.0,25.5,dow_median
20210419,8,8,0,False,False,160,1040,1.622464899,1040.0,none
20210419,9,9,0,False,False,163,854,1.311827957,854.0,none
20210419,10,10,0,False,False,155,913,1.477346278,913.0,none
20210419,11,11,0,False,False,164,1984,3.01978691,1984.0,none
20210419,12,12,0,False,False,104,400,0.963855422,400.0,none
20210419,13,13,0,False,False,155,718,1.161812298,718.0,none
20210419,14,14,0,False,False,159,4151,6.52672956,4151.0,none
20210419,15,15,0,False,False,154,1195,1.939935065,1195.0,none
20210419,16,16,0,False,False,147,1100,1.873935264,1100.0,none
20210419,17,17,0,False,False,129,408,0.79223301,408.0,none
20210419,18,18,0,False,False,147,444,0.756388416,444.0,none
20210419,19,19,0,False,False,130,1383,2.654510557,1383.0,none
20210419,20,20,0,False,True,106,0,0.0,706.0,interp
20210419,21,21,0,False,False,106,29,0.068235294,29.0,none
20210419,22,22,0,False,False,105,195,0.466507177,195.0,none
20210419,23,23,0,False,True,98,0,0.0,67.0,dow_median
20210420,0,0,1,False,False,20,0,0.0,0.0,none
20210420,1,1,1,False,False,23,386,4.288888889,386.0,none
20210420,2,2,1,False,False,20,591,7.296296296,591.0,none
20210420,3,3,1,False,False,20,13,0.160493827,13.0,none
20210420,4,4,1,False,False,23,30,0.32967033,30.0,none
20210420,5,5,1,False,False,20,2,0.025,2.0,none
20210420,6,6,1,False,False,20,125,1.5625,125.0,none
20210420,7,7,1,False,False,54,602,2.787037037,602.0,none
20210420,8,8,1,False,False,160,69,0.107644306,69.0,none
20210420,9,9,1,False,False,163,426,0.65437788,426.0,none
20210420,10,10,1,False,False,155,1218,1.970873786,1218.0,none
20210420,11,11,1,False,False,164,862,1.312024353,862.0,none
20210420,12,12,1,False,False,104,332,0.8,332.0,none
20210420,13,13,1,False,False,155,1455,2.354368932,1455.0,none
20210420,14,14,1,False,False,159,1351,2.124213836,1351.0,none
20210420,15,15,1,False,False,154,1183,1.920454545,1183.0,none
20210420,16,16,1,False,False,147,2180,3.713798978,2180.0,none
20210420,17,17,1,False,False,129,2080,4.038834951,2080.0,none
20210420,18,18,1,False,False,147,514,0.875638842,514.0,none
20210420,19,19,1,False,False,130,1890,3.627639155,1890.0,none
20210420,20,20,1,False,False,106,100,0.235849057,100.0,none
20210420,21,21,1,False,False,106,45,0.105882353,45.0,none
20210420,22,22,1,False,False,105,80,0.19138756,80.0,none
20210420,23,23,1,False,False,98,113,0.288265306,113.0,none
20210421,0,0,2,False,True,58,0,0.0,92.5,interp
20210421,1,1,2,False,False,99,72,0.181818182,72.0,none
20210421,2,2,2,False,True,101,0,0.0,230.33333333333334,interp
20210421,3,3,2,False,True,98,0,0.0,388.6666666666667,interp
20210421,4,4,2,False,False,104,547,1.318072289,547.0,none
20210421,5,5,2,False,False,89,42,0.117977528,42.0,none
20210421,6,6,2,False,True,106,0,0.0,373.5,interp
20210421,7,7,2,False,False,122,705,1.441717791,705.0,none
20210421,8,8,2,False,False,163,724,1.108728943,724.0,none
20210421,9,9,2,False,False,153,638,1.045901639,638.0,none
20210421,10,10,2,False,False,161,1219,1.898753894,1219.0,none
20210421,11,11,2,False,False,156,1473,2.360576923,1473.0,none
20210421,12,12,2,False,False,92,167,0.456284153,167.0,none
20210421,13,13,2,False,False,151,1402,2.325041459,1402.0,none
20210421,14,14,2,False,False,161,2161,3.355590062,2161.0,none
20210421,15,15,2,False,False,148,856,1.448392555,856.0,none
20210421,16,16,2,False,False,151,2815,4.660596026,2815.0,none
20210421,17,17,2,False,False,112,747,1.674887892,747.0,none
20210421,18,18,2,False,False,141,1177,2.09430605,1177.0,none
20210421,19,19,2,False,False,130,420,0.806142035,420.0,none
20210421,20,20,2,False,True,119,0,0.0,395.0,interp
20210421,21,21,2,False,True,119,0,0.0,370.0,interp
20210421,22,22,2,False,False,106,345,0.813679245,345.0,none
20210421,23,23,2,False,False,100,144,0.359102244,144.0,none
20210422,0,0,3,False,True,58,0,0.0,122.0,interp
20210422,1,1,3,False,False,99,100,0.252525253,100.0,none
20210422,2,2,3,False,False,101,7,0.017326733,7.0,none
20210422,3,3,3,False,False,98,300,0.767263427,300.0,none
20210422,4,4,3,False,False,104,54,0.130120482,54.0,none
20210422,5,5,3,False,True,89,0,0.0,32.5,interp
20210422,6,6,3,False,False,106,11,0.025882353,11.0,none
20210422,7,7,3,False,False,122,1582,3.235173824,1582.0,none
20210422,8,8,3,False,False,163,728,1.114854518,728.0,none
20210422,9,9,3,False,False,153,712,1.167213115,712.0,none
20210422,10,10,3,False,False,161,1196,1.862928349,1196.0,none
20210422,11,11,3,False,False,156,1131,1.8125,1131.0,none
20210422,12,12,3,False,False,92,450,1.229508197,450.0,none
20210422,13,13,3,False,False,151,1674,2.776119403,1674.0,none
20210422,14,14,3,False,False,161,1547,2.402173913,1547.0,none
20210422,15,15,3,False,False,148,1086,1.837563452,1086.0,none
20210422,16,16,3,False,False,151,1599,2.647350993,1599.0,none
20210422,17,17,3,False,False,112,634,1.421524664,634.0,none
20210422,18,18,3,False,False,141,2731,4.859430605,2731.0,none
20210422,19,19,3,False,False,130,1545,2.965451056,1545.0,none
20210422,20,20,3,False,False,119,132,0.27672956,132.0,none
20210422,21,21,3,False,False,119,60,0.12605042,60.0,none
20210422,22,22,3,False,False,106,72,0.169811321,72.0,none
20210422,23,23,3,False,False,100,10,0.024937656,10.0,none
20210423,0,0,4,False,True,58,0,0.0,257.0,interp
20210423,1,1,4,False,False,99,504,1.272727273,504.0,none
20210423,2,2,4,False,False,101,41,0.101485149,41.0,none
20210423,3,3,4,False,True,98,0,0.0,49.5,interp
20210423,4,4,4,False,False,104,58,0.139759036,58.0,none
20210423,5,5,4,False,True,89,0,0.0,53.0,interp
20210423,6,6,4,False,False,106,48,0.112941176,48.0,none
20210423,7,7,4,False,False,122,941,1.924335378,941.0,none
20210423,8,8,4,False,False,163,572,0.875957121,572.0,none
20210423,9,9,4,False,False,153,1287,2.109836066,1287.0,none
20210423,10,10,4,False,False,161,172,0.267912773,172.0,none
20210423,11,11,4,False,False,156,1538,2.46474359,1538.0,none
20210423,12,12,4,False,False,92,262,0.715846995,262.0,none
20210423,13,13,4,False,False,151,743,1.232172471,743.0,none
20210423,14,14,4,False,False,161,464,0.720496894,464.0,none
20210423,15,15,4,False,False,148,2170,3.671742809,2170.0,none
20210423,16,16,4,False,False,151,1743,2.885761589,1743.0,none
20210423,17,17,4,False,False,112,2106,4.721973094,2106.0,none
20210423,18,18,4,False,False,141,104,0.185053381,104.0,none
20210423,19,19,4,False,False,130,762,1.462571977,762.0,none
20210423,20,20,4,False,False,119,100,0.209643606,100.0,none
20210423,21,21,4,False,False,119,103,0.216386555,103.0,none
20210423,22,22,4,False,False,106,35,0.08254717,35.0,none
20210423,23,23,4,False,False,100,100,0.249376559,100.0,none
20210424,0,0,5,False,True,59,0,0.0,195.5,interp
20210424,1,1,5,False,False,101,291,0.722084367,291.0,none
20210424,2,2,5,False,False,96,410,1.073298429,410.0,none
20210424,3,3,5,False,False,99,125,0.317258883,125.0,none
20210424,4,4,5,False,False,101,300,0.740740741,300.0,none
20210424,5,5,5,False,False,84,20,0.05952381,20.0,none
20210424,6,6,5,False,False,102,675,1.654411765,675.0,none
20210424,7,7,5,False,False,56,1083,4.813333333,1083.0,none
20210424,8,8,5,False,False,20,0,0.0,0.0,none
20210424,9,9,5,False,False,20,0,0.0,0.0,none
20210424,10,10,5,False,False,23,0,0.0,0.0,none
20210424,11,11,5,False,False,21,0,0.0,0.0,none
20210424,12,12,5,False,False,20,0,0.0,0.0,none
20210424,13,13,5,False,False,22,0,0.0,0.0,none
20210424,14,14,5,False,False,21,0,0.0,0.0,none
20210424,15,15,5,False,False,20,0,0.0,0.0,none
20210424,16,16,5,False,False,21,0,0.0,0.0,none
20210424,17,17,5,False,False,22,0,0.0,0.0,none
20210424,18,18,5,False,False,20,0,0.0,0.0,none
20210424,19,19,5,False,False,20,0,0.0,0.0,none
20210424,20,20,5,False,False,23,0,0.0,0.0,none
20210424,21,21,5,False,False,21,0,0.0,0.0,none
20210424,22,22,5,False,False,20,0,0.0,0.0,none
20210424,23,23,5,False,False,23,0,0.0,0.0,none
20210425,0,0,6,False,False,20,0,0.0,0.0,none
20210425,1,1,6,False,False,23,0,0.0,0.0,none
20210425,2,2,6,False,False,20,0,0.0,0.0,none
20210425,3,3,6,False,False,20,0,0.0,0.0,none
20210425,4,4,6,False,False,22,0,0.0,0.0,none
20210425,5,5,6,False,False,20,0,0.0,0.0,none
20210425,6,6,6,False,False,20,0,0.0,0.0,none
20210425,7,7,6,False,False,20,0,0.0,0.0,none
20210425,8,8,6,False,False,21,0,0.0,0.0,none
20210425,9,9,6,False,False,20,0,0.0,0.0,none
20210425,10,10,6,False,False,21,0,0.0,0.0,none
20210425,11,11,6,False,False,21,0,0.0,0.0,none
20210425,12,12,6,False,False,20,0,0.0,0.0,none
20210425,13,13,6,False,False,20,0,0.0,0.0,none
20210425,14,14,6,False,False,22,0,0.0,0.0,none
20210425,15,15,6,False,False,20,0,0.0,0.0,none
20210425,16,16,6,False,False,20,0,0.0,0.0,none
20210425,17,17,6,False,False,23,0,0.0,0.0,none
20210425,18,18,6,False,False,19,0,0.0,0.0,none
20210425,19,19,6,False,False,20,0,0.0,0.0,none
20210425,20,20,6,False,False,21,0,0.0,0.0,none
20210425,21,21,6,False,False,21,0,0.0,0.0,none
20210425,22,22,6,False,False,20,0,0.0,0.0,none
20210425,23,23,6,False,False,21,0,0.0,0.0,none
20210426,0,0,0,False,True,62,0,0.0,0.0,unfixed
20210426,1,1,0,False,True,95,0,0.0,0.0,unfixed
20210426,2,2,0,False,True,101,0,0.0,0.0,unfixed
20210426,3,3,0,False,True,94,0,0.0,0.0,unfixed
20210426,4,4,0,False,True,99,0,0.0,0.0,unfixed
20210426,5,5,0,False,True,86,0,0.0,0.0,unfixed
20210426,6,6,0,False,True,96,0,0.0,0.0,unfixed
20210426,7,7,0,False,False,126,63,0.125,63.0,none
20210426,8,8,0,False,False,152,574,0.944078947,574.0,none
20210426,9,9,0,False,False,164,1038,1.587155963,1038.0,none
20210426,10,10,0,False,False,148,363,0.613175676,363.0,none
20210426,11,11,0,False,False,165,944,1.434650456,944.0,none
20210426,12,12,0,False,False,90,3015,8.398328691,3015.0,none
20210426,13,13,0,False,False,164,2265,3.463302752,2265.0,none
20210426,14,14,0,False,False,152,812,1.335526316,812.0,none
20210426,15,15,0,False,False,144,363,0.631304348,363.0,none
20210426,16,16,0,False,False,144,2244,3.902608696,2244.0,none
20210426,17,17,0,False,False,114,343,0.753846154,343.0,none
20210426,18,18,0,False,False,124,291,0.586693548,291.0,none
20210426,19,19,0,False,False,99,1532,3.868686869,1532.0,none
20210426,20,20,0,False,False,118,18,0.038054968,18.0,none
20210426,21,21,0,False,False,113,15,0.033185841,15.0,none
20210426,22,22,0,False,False,102,524,1.290640394,524.0,none
20210426,23,23,0,False,False,97,23,0.059125964,23.0,none
20210427,0,0,1,False,False,62,587,2.386178862,587.0,none
20210427,1,1,1,False,True,95,0,0.0,462.5,interp
20210427,2,2,1,False,False,101,338,0.84079602,338.0,none
20210427,3,3,1,False,False,94,102,0.271276596,102.0,none
20210427,4,4,1,False,False,99,375,0.946969697,375.0,none
20210427,5,5,1,False,False,86,136,0.396501458,136.0,none
20210427,6,6,1,False,False,96,109,0.285340314,109.0,none
20210427,7,7,1,False,False,126,2004,3.976190476,2004.0,none
20210427,8,8,1,False,False,152,999,1.643092105,999.0,none
20210427,9,9,1,False,False,164,685,1.047400612,685.0,none
20210427,10,10,1,False,False,148,1554,2.625,1554.0,none
20210427,11,11,1,False,False,165,1472,2.237082067,1472.0,none
20210427,12,12,1,False,False,90,130,0.362116992,130.0,none
20210427,13,13,1,False,False,164,1488,2.275229358,1488.0,none
20210427,14,14,1,False,False,152,6290,10.34539474,6290.0,none
20210427,15,15,1,False,False,144,888,1.544347826,888.0,none
20210427,16,16,1,False,False,144,1178,2.048695652,1178.0,none
20210427,17,17,1,False,False,114,976,2.145054945,976.0,none
20210427,18,18,1,False,False,124,2034,4.100806452,2034.0,none
20210427,19,19,1,False,False,99,4625,11.67929293,4625.0,none
20210427,20,20,1,False,False,118,13,0.027484144,13.0,none
20210427,21,21,1,False,False,113,53,0.117256637,53.0,none
20210427,22,22,1,False,False,102,96,0.236453202,96.0,none
20210427,23,23,1,False,False,97,10,0.025706941,10.0,none
20210428,0,0,2,False,False,61,587,2.425619835,587.0,none
20210428,1,1,2,False,False,100,68,0.170426065,68.0,none
20210428,2,2,2,False,False,102,82,0.201474201,82.0,none
20210428,3,3,2,False,False,99,410,1.040609137,410.0,none
20210428,4,4,2,False,False,105,306,0.732057416,306.0,none
20210428,5,5,2,False,True,92,0,0.0,183.0,interp
20210428,6,6,2,False,False,109,60,0.137931034,60.0,none
20210428,7,7,2,False,False,115,2047,4.45,2047.0,none
20210428,8,8,2,False,False,164,247,0.37652439,247.0,none
20210428,9,9,2,False,False,160,1636,2.564263323,1636.0,none
20210428,10,10,2,False,False,151,461,0.764510779,461.0,none
20210428,11,11,2,False,False,167,1180,1.763826607,1180.0,none
20210428,12,12,2,False,False,98,70,0.179028133,70.0,none
20210428,13,13,2,False,False,162,2313,3.56394453,2313.0,none
20210428,14,14,2,False,False,151,3149,5.222222222,3149.0,none
20210428,15,15,2,False,False,140,940,1.678571429,940.0,none
20210428,16,16,2,False,False,137,3127,5.727106227,3127.0,none
20210428,17,17,2,False,False,125,114,0.228,114.0,none
20210428,18,18,2,False,False,148,918,1.550675676,918.0,none
20210428,19,19,2,False,False,117,433,0.927194861,433.0,none
20210428,20,20,2,False,False,105,11,0.026190476,11.0,none
20210428,21,21,2,False,False,111,447,1.004494382,447.0,none
20210428,22,22,2,False,False,103,85,0.206812652,85.0,none
20210428,23,23,2,False,False,95,235,0.621693122,235.0,none
20210429,0,0,3,False,True,61,0,0.0,218.5,interp
20210429,1,1,3,False,False,100,202,0.506265664,202.0,none
20210429,2,2,3,False,False,102,141,0.346437346,141.0,none
20210429,3,3,3,False,False,99,274,0.695431472,274.0,none
20210429,4,4,3,False,False,105,36,0.086124402,36.0,none
20210429,5,5,3,False,False,92,59,0.161202186,59.0,none
20210429,6,6,3,False,False,109,324,0.744827586,324.0,none
20210429,7,7,3,False,False,115,2098,4.560869565,2098.0,none
20210429,8,8,3,False,False,164,862,1.31402439,862.0,none
20210429,9,9,3,False,False,160,853,1.336990596,853.0,none
20210429,10,10,3,False,False,151,2052,3.402985075,2052.0,none
20210429,11,11,3,False,False,167,1646,2.46038864,1646.0,none
20210429,12,12,3,False,False,98,20,0.051150895,20.0,none
20210429,13,13,3,False,False,162,692,1.066255778,692.0,none
20210429,14,14,3,False,False,151,904,1.499170813,904.0,none
20210429,15,15,3,False,False,140,2121,3.7875,2121.0,none
20210429,16,16,3,False,False,137,4046,7.41025641,4046.0,none
20210429,17,17,3,False,False,125,598,1.196,598.0,none
20210429,18,18,3,False,False,148,1467,2.478040541,1467.0,none
20210429,19,19,3,False,False,117,1831,3.920770878,1831.0,none
20210429,20,20,3,False,False,105,147,0.35,147.0,none
20210429,21,21,3,False,False,111,86,0.193258427,86.0,none
20210429,22,22,3,False,False,103,110,0.267639903,110.0,none
20210429,23,23,3,False,False,95,32,0.084656085,32.0,none
20210430,0,0,4,False,False,58,2,0.008583691,2.0,none
20210430,1,1,4,False,False,99,13,0.032828283,13.0,none
20210430,2,2,4,False,False,101,83,0.205445545,83.0,none
20210430,3,3,4,False,False,98,19,0.04859335,19.0,none
20210430,4,4,4,False,False,104,1503,3.621686747,1503.0,none
20210430,5,5,4,False,True,89,0,0.0,806.0,interp
20210430,6,6,4,False,False,106,109,0.256470588,109.0,none
20210430,7,7,4,False,False,122,1099,2.247443763,1099.0,none
20210430,8,8,4,False,False,163,1201,1.839203675,1201.0,none
20210430,9,9,4,False,False,153,709,1.162295082,709.0,none
20210430,10,10,4,False,False,161,566,0.881619938,566.0,none
20210430,11,11,4,False,False,156,867,1.389423077,867.0,none
20210430,12,12,4,False,False,92,18,0.049180328,18.0,none
20210430,13,13,4,False,False,151,1732,2.872305141,1732.0,none
20210430,14,14,4,False,False,161,1416,2.198757764,1416.0,none
20210430,15,15,4,False,False,148,1130,1.912013536,1130.0,none
20210430,16,16,4,False,False,151,2103,3.481788079,2103.0,none
20210430,17,17,4,False,False,112,185,0.414798206,185.0,none
20210430,18,18,4,False,False,141,1237,2.201067616,1237.0,none
20210430,19,19,4,False,False,130,730,1.401151631,730.0,none
20210430,20,20,4,False,False,119,4,0.008385744,4.0,none
20210430,21,21,4,False,False,119,342,0.718487395,342.0,none
20210430,22,22,4,False,False,106,179,0.422169811,179.0,none
20210430,23,23,4,False,False,100,370,0.922693267,370.0,none
20210501,0,0,5,False,False,70,75,0.266903915,75.0,none
20210501,1,1,5,False,False,107,44,0.102564103,44.0,none
20210501,2,2,5,False,False,109,380,0.875576037,380.0,none
20210501,3,3,5,False,False,100,90,0.226130653,90.0,none
20210501,4,4,5,False,False,102,122,0.2997543,122.0,none
20210501,5,5,5,False,False,86,53,0.154069767,53.0,none
20210501,6,6,5,False,False,101,196,0.483950617,196.0,none
20210501,7,7,5,False,False,72,1832,6.383275261,1832.0,none
20210501,8,8,5,False,False,23,0,0.0,0.0,none
20210501,9,9,5,False,False,21,0,0.0,0.0,none
20210501,10,10,5,False,False,21,0,0.0,0.0,none
20210501,11,11,5,False,False,23,0,0.0,0.0,none
20210501,12,12,5,False,False,22,0,0.0,0.0,none
20210501,13,13,5,False,False,21,0,0.0,0.0,none
20210501,14,14,5,False,False,21,0,0.0,0.0,none
20210501,15,15,5,False,False,23,0,0.0,0.0,none
20210501,16,16,5,False,False,21,0,0.0,0.0,none
20210501,17,17,5,False,False,21,0,0.0,0.0,none
20210501,18,18,5,False,False,23,0,0.0,0.0,none
20210501,19,19,5,False,False,21,0,0.0,0.0,none
20210501,20,20,5,False,False,21,0,0.0,0.0,none
20210501,21,21,5,False,False,24,0,0.0,0.0,none
20210501,22,22,5,False,False,21,0,0.0,0.0,none
20210501,23,23,5,False,False,21,0,0.0,0.0,none
20210502,0,0,6,False,False,21,0,0.0,0.0,none
20210502,1,1,6,False,False,23,0,0.0,0.0,none
20210502,2,2,6,False,False,21,0,0.0,0.0,none
20210502,3,3,6,False,False,21,0,0.0,0.0,none
20210502,4,4,6,False,False,24,0,0.0,0.0,none
20210502,5,5,6,False,False,21,0,0.0,0.0,none
20210502,6,6,6,False,False,21,0,0.0,0.0,none
20210502,7,7,6,False,False,24,0,0.0,0.0,none
20210502,8,8,6,False,False,21,0,0.0,0.0,none
20210502,9,9,6,False,False,21,0,0.0,0.0,none
20210502,10,10,6,False,False,22,0,0.0,0.0,none
20210502,11,11,6,False,False,22,0,0.0,0.0,none
20210502,12,12,6,False,False,21,0,0.0,0.0,none
20210502,13,13,6,False,False,21,0,0.0,0.0,none
20210502,14,14,6,False,False,23,0,0.0,0.0,none
20210502,15,15,6,False,False,21,0,0.0,0.0,none
20210502,16,16,6,False,False,20,0,0.0,0.0,none
20210502,17,17,6,False,False,23,0,0.0,0.0,none
20210502,18,18,6,False,False,20,0,0.0,0.0,none
20210502,19,19,6,False,False,20,0,0.0,0.0,none
20210502,20,20,6,False,False,23,0,0.0,0.0,none
20210502,21,21,6,False,False,22,0,0.0,0.0,none
20210502,22,22,6,False,False,21,0,0.0,0.0,none
20210502,23,23,6,False,False,22,0,0.0,0.0,none
20210503,0,0,0,False,False,23,0,0.0,0.0,none
20210503,1,1,0,False,False,21,0,0.0,0.0,none
20210503,2,2,0,False,False,21,0,0.0,0.0,none
20210503,3,3,0,False,False,23,0,0.0,0.0,none
20210503,4,4,0,False,False,21,0,0.0,0.0,none
20210503,5,5,0,False,False,21,0,0.0,0.0,none
20210503,6,6,0,False,False,23,0,0.0,0.0,none
20210503,7,7,0,False,True,59,0,0.0,25.5,dow_median
20210503,8,8,0,False,False,175,784,1.121602289,784.0,none
20210503,9,9,0,False,False,170,1137,1.672058824,1137.0,none
20210503,10,10,0,False,False,149,65,0.109427609,65.0,none
20210503,11,11,0,False,False,174,1572,2.261870504,1572.0,none
20210503,12,12,0,False,False,106,680,1.6,680.0,none
20210503,13,13,0,False,False,179,505,0.706293706,505.0,none
20210503,14,14,0,False,False,167,2280,3.408071749,2280.0,none
20210503,15,15,0,False,False,154,1826,2.959481361,1826.0,none
20210503,16,16,0,False,False,147,1667,2.830220713,1667.0,none
20210503,17,17,0,False,False,119,1310,2.76371308,1310.0,none
20210503,18,18,0,False,False,134,434,0.808193669,434.0,none
20210503,19,19,0,False,False,122,1700,3.483606557,1700.0,none
20210503,20,20,0,False,False,110,148,0.337129841,148.0,none
20210503,21,21,0,False,False,104,25,0.059952038,25.0,none
20210503,22,22,0,False,False,105,337,0.806220096,337.0,none
20210503,23,23,0,False,False,99,136,0.345177665,136.0,none
20210504,0,0,1,False,False,65,414,1.592307692,414.0,none
20210504,1,1,1,False,False,108,20,0.046189376,20.0,none
20210504,2,2,1,False,False,116,59,0.12688172,59.0,none
20210504,3,3,1,False,False,104,344,0.828915663,344.0,none
20210504,4,4,1,False,False,101,22,0.054455446,22.0,none
20210504,5,5,1,False,False,85,318,0.938053097,318.0,none
20210504,6,6,1,False,False,111,28,0.063348416,28.0,none
20210504,7,7,1,False,False,126,1140,2.261904762,1140.0,none
20210504,8,8,1,False,False,171,473,0.690510949,473.0,none
20210504,9,9,1,False,False,168,2501,3.716196137,2501.0,none
20210504,10,10,1,False,False,161,701,1.091900312,701.0,none
20210504,11,11,1,False,False,173,941,1.363768116,941.0,none
20210504,12,12,1,False,False,104,132,0.31884058,132.0,none
20210504,13,13,1,False,False,165,1749,2.645990923,1749.0,none
20210504,14,14,1,False,False,166,658,0.989473684,658.0,none
20210504,15,15,1,False,False,159,1093,1.718553459,1093.0,none
20210504,16,16,1,False,False,161,716,1.111801242,716.0,none
20210504,17,17,1,False,False,123,547,1.111788618,547.0,none
20210504,18,18,1,False,False,163,632,0.972307692,632.0,none
20210504,19,19,1,False,False,158,3300,5.213270142,3300.0,none
20210504,20,20,1,False,False,124,147,0.29757085,147.0,none
20210504,21,21,1,False,False,125,46,0.092369478,46.0,none
20210504,22,22,1,False,False,105,1,0.002392344,1.0,none
20210504,23,23,1,False,False,95,374,0.984210526,374.0,none
20210505,0,0,2,False,False,65,103,0.396153846,103.0,none
20210505,1,1,2,False,False,105,4,0.009501188,4.0,none
20210505,2,2,2,False,False,110,363,0.825,363.0,none
20210505,3,3,2,False,False,103,41,0.099756691,41.0,none
20210505,4,4,2,False,False,112,312,0.697986577,312.0,none
20210505,5,5,2,False,False,88,63,0.178470255,63.0,none
20210505,6,6,2,False,False,103,233,0.565533981,233.0,none
20210505,7,7,2,False,False,63,1071,4.266932271,1071.0,none
20210505,8,8,2,False,False,21,0,0.0,0.0,none
20210505,9,9,2,False,False,21,0,0.0,0.0,none
20210505,10,10,2,False,False,23,0,0.0,0.0,none
20210505,11,11,2,False,False,21,0,0.0,0.0,none
20210505,12,12,2,False,False,20,0,0.0,0.0,none
20210505,13,13,2,False,False,24,0,0.0,0.0,none
20210505,14,14,2,False,False,21,0,0.0,0.0,none
20210505,15,15,2,False,False,21,0,0.0,0.0,none
20210505,16,16,2,False,False,23,0,0.0,0.0,none
20210505,17,17,2,False,False,22,0,0.0,0.0,none
20210505,18,18,2,False,False,21,0,0.0,0.0,none
20210505,19,19,2,False,False,21,0,0.0,0.0,none
20210505,20,20,2,False,False,24,0,0.0,0.0,none
20210505,21,21,2,False,False,21,0,0.0,0.0,none
20210505,22,22,2,False,False,22,0,0.0,0.0,none
20210505,23,23,2,False,False,24,0,0.0,0.0,none
20210506,0,0,3,False,False,21,0,0.0,0.0,none
20210506,1,1,3,False,False,21,0,0.0,0.0,none
20210506,2,2,3,False,False,23,0,0.0,0.0,none
20210506,3,3,3,False,False,22,0,0.0,0.0,none
20210506,4,4,3,False,False,21,0,0.0,0.0,none
20210506,5,5,3,False,False,22,0,0.0,0.0,none
20210506,6,6,3,False,False,23,0,0.0,0.0,none
20210506,7,7,3,False,True,56,0,0.0,935.0,dow_median
20210506,8,8,3,False,False,185,424,0.572972973,424.0,none
20210506,9,9,3,False,False,186,1929,2.589261745,1929.0,none
20210506,10,10,3,False,False,165,1556,2.364741641,1556.0,none
20210506,11,11,3,False,False,171,2460,3.591240876,2460.0,none
20210506,12,12,3,False,False,101,4,0.00990099,4.0,none
20210506,13,13,3,False,False,166,2044,3.073684211,2044.0,none
20210506,14,14,3,False,False,160,801,1.249609984,801.0,none
20210506,15,15,3,False,False,155,4734,7.660194175,4734.0,none
20210506,16,16,3,False,False,159,2564,4.037795276,2564.0,none
20210506,17,17,3,False,False,125,601,1.204408818,601.0,none
20210506,18,18,3,False,False,125,1600,3.193612774,1600.0,none
20210506,19,19,3,False,False,115,2689,5.8329718,2689.0,none
20210506,20,20,3,False,False,128,180,0.352250489,180.0,none
20210506,21,21,3,False,False,121,4,0.008298755,4.0,none
20210506,22,22,3,False,False,114,26,0.057268722,26.0,none
20210506,23,23,3,False,False,101,32,0.079207921,32.0,none
20210507,0,0,4,False,False,67,434,1.631578947,434.0,none
20210507,1,1,4,False,False,104,8,0.019323671,8.0,none
20210507,2,2,4,False,False,102,182,0.448275862,182.0,none
20210507,3,3,4,False,False,105,116,0.276849642,116.0,none
20210507,4,4,4,False,False,98,196,0.498727735,196.0,none
20210507,5,5,4,False,True,89,0,0.0,141.0,interp
20210507,6,6,4,False,False,107,86,0.200934579,86.0,none
20210507,7,7,4,False,False,118,1465,3.103813559,1465.0,none
20210507,8,8,4,False,False,172,321,0.467930029,321.0,none
20210507,9,9,4,False,False,170,755,1.110294118,755.0,none
20210507,10,10,4,False,False,158,1314,2.075829384,1314.0,none
20210507,11,11,4,False,False,164,2392,3.657492355,2392.0,none
20210507,12,12,4,False,False,106,580,1.374407583,580.0,none
20210507,13,13,4,False,False,167,1477,2.207772795,1477.0,none
20210507,14,14,4,False,False,153,1029,1.681372549,1029.0,none
20210507,15,15,4,False,False,133,1328,2.50094162,1328.0,none
20210507,16,16,4,False,False,145,800,1.381692573,800.0,none
20210507,17,17,4,False,False,120,2023,4.223382046,2023.0,none
20210507,18,18,4,False,False,108,68,0.15704388,68.0,none
20210507,19,19,4,False,False,100,772,1.939698492,772.0,none
20210507,20,20,4,False,False,103,8,0.01937046,8.0,none
20210507,21,21,4,False,False,102,106,0.259803922,106.0,none
20210507,22,22,4,False,False,100,18,0.044887781,18.0,none
20210507,23,23,4,False,False,85,163,0.479411765,163.0,none
20210508,0,0,5,False,False,61,118,0.485596708,118.0,none
20210508,1,1,5,False,False,104,56,0.134939759,56.0,none
20210508,2,2,5,False,False,103,57,0.138014528,57.0,none
20210508,3,3,5,False,False,103,10,0.0243309,10.0,none
20210508,4,4,5,False,False,106,66,0.155294118,66.0,none
20210508,5,5,5,False,False,87,150,0.431034483,150.0,none
20210508,6,6,5,False,False,104,1976,4.77294686,1976.0,none
20210508,7,7,5,False,False,63,415,1.66,415.0,none
20210508,8,8,5,False,False,24,0,0.0,0.0,none
20210508,9,9,5,False,False,22,0,0.0,0.0,none
20210508,10,10,5,False,False,22,0,0.0,0.0,none
20210508,11,11,5,False,False,25,0,0.0,0.0,none
20210508,12,12,5,False,False,23,0,0.0,0.0,none
20210508,13,13,5,False,False,22,0,0.0,0.0,none
20210508,14,14,5,False,False,23,0,0.0,0.0,none
20210508,15,15,5,False,False,24,0,0.0,0.0,none
20210508,16,16,5,False,False,23,0,0.0,0.0,none
20210508,17,17,5,False,False,22,0,0.0,0.0,none
20210508,18,18,5,False,False,24,0,0.0,0.0,none
20210508,19,19,5,False,False,22,0,0.0,0.0,none
20210508,20,20,5,False,False,22,0,0.0,0.0,none
20210508,21,21,5,False,False,25,0,0.0,0.0,none
20210508,22,22,5,False,False,23,0,0.0,0.0,none
20210508,23,23,5,False,False,23,0,0.0,0.0,none
20210509,0,0,6,False,False,23,0,0.0,0.0,none
20210509,1,1,6,False,False,23,0,0.0,0.0,none
20210509,2,2,6,False,False,25,0,0.0,0.0,none
20210509,3,3,6,False,False,23,0,0.0,0.0,none
20210509,4,4,6,False,False,23,0,0.0,0.0,none
20210509,5,5,6,False,False,24,0,0.0,0.0,none
20210509,6,6,6,False,False,24,0,0.0,0.0,none
20210509,7,7,6,False,True,64,0,0.0,0.0,unfixed
20210509,8,8,6,False,True,177,0,0.0,0.0,unfixed
20210509,9,9,6,False,True,158,0,0.0,0.0,unfixed
20210509,10,10,6,False,True,157,0,0.0,0.0,unfixed
20210509,11,11,6,False,True,164,0,0.0,0.0,unfixed
20210509,12,12,6,False,True,106,0,0.0,0.0,unfixed
20210509,13,13,6,False,True,158,0,0.0,0.0,unfixed
20210509,14,14,6,False,True,154,0,0.0,0.0,unfixed
20210509,15,15,6,False,True,141,0,0.0,0.0,unfixed
20210509,16,16,6,False,True,153,0,0.0,0.0,unfixed
20210509,17,17,6,False,True,128,0,0.0,0.0,unfixed
20210509,18,18,6,False,True,159,0,0.0,0.0,unfixed
20210509,19,19,6,False,True,142,0,0.0,0.0,unfixed
20210509,20,20,6,False,True,111,0,0.0,0.0,unfixed
20210509,21,21,6,False,True,120,0,0.0,0.0,unfixed
20210509,22,22,6,False,True,112,0,0.0,0.0,unfixed
20210509,23,23,6,False,True,101,0,0.0,0.0,unfixed
20210510,0,0,0,False,False,23,0,0.0,0.0,none
20210510,1,1,0,False,False,23,0,0.0,0.0,none
20210510,2,2,0,False,False,25,0,0.0,0.0,none
20210510,3,3,0,False,False,23,0,0.0,0.0,none
20210510,4,4,0,False,False,23,0,0.0,0.0,none
20210510,5,5,0,False,False,24,0,0.0,0.0,none
20210510,6,6,0,False,False,24,0,0.0,0.0,none
20210510,7,7,0,False,True,64,0,0.0,25.5,dow_median
20210510,8,8,0,False,False,177,837,1.185552408,837.0,none
20210510,9,9,0,False,False,158,998,1.579113924,998.0,none
20210510,10,10,0,False,False,157,628,1.0,628.0,none
20210510,11,11,0,False,False,164,1491,2.276335878,1491.0,none
20210510,12,12,0,False,False,106,30,0.070921986,30.0,none
20210510,13,13,0,False,False,158,919,1.458730159,919.0,none
20210510,14,14,0,False,False,154,1816,2.943273906,1816.0,none
20210510,15,15,0,False,False,141,998,1.766371681,998.0,none
20210510,16,16,0,False,False,153,4518,7.406557377,4518.0,none
20210510,17,17,0,False,False,128,274,0.536203523,274.0,none
20210510,18,18,0,False,False,159,941,1.479559748,941.0,none
20210510,19,19,0,False,False,142,2791,4.931095406,2791.0,none
20210510,20,20,0,False,False,111,94,0.212669683,94.0,none
20210510,21,21,0,False,False,120,54,0.112734864,54.0,none
20210510,22,22,0,False,False,112,97,0.216035635,97.0,none
20210510,23,23,0,False,False,101,160,0.397022333,160.0,none
20210511,0,0,1,False,False,64,27,0.105058366,27.0,none
20210511,1,1,1,False,False,98,48,0.122762148,48.0,none
20210511,2,2,1,False,False,104,487,1.167865707,487.0,none
20210511,3,3,1,False,False,101,119,0.29528536,119.0,none
20210511,4,4,1,False,False,105,82,0.194774347,82.0,none
20210511,5,5,1,False,True,97,0,0.0,135.0,interp
20210511,6,6,1,False,False,107,188,0.44028103,188.0,none
20210511,7,7,1,False,False,124,2165,4.382591093,2165.0,none
20210511,8,8,1,False,False,171,637,0.93128655,637.0,none
20210511,9,9,1,False,False,173,1542,2.225108225,1542.0,none
20210511,10,10,1,False,False,160,1472,2.307210031,1472.0,none
20210511,11,11,1,False,False,169,1484,2.192023634,1484.0,none
20210511,12,12,1,False,True,100,0,0.0,1983.5,interp
20210511,13,13,1,False,False,176,2483,3.537037037,2483.0,none
20210511,14,14,1,False,False,155,3081,4.969354839,3081.0,none
20210511,15,15,1,False,False,151,807,1.340531561,807.0,none
20210511,16,16,1,False,False,144,1509,2.6152513,1509.0,none
20210511,17,17,1,False,False,118,458,0.970338983,458.0,none
20210511,18,18,1,False,False,138,1720,3.115942029,1720.0,none
20210511,19,19,1,False,False,132,3308,6.253308129,3308.0,none
20210511,20,20,1,False,False,128,44,0.08627451,44.0,none
20210511,21,21,1,False,False,125,382,0.76247505,382.0,none
20210511,22,22,1,False,False,107,40,0.093676815,40.0,none
20210511,23,23,1,False,False,107,5,0.011655012,5.0,none
20210512,0,0,2,False,True,67,0,0.0,269.0,interp
20210512,1,1,2,False,False,98,533,1.356234097,533.0,none
20210512,2,2,2,False,False,110,226,0.512471655,226.0,none
20210512,3,3,2,False,False,96,93,0.241558442,93.0,none
20210512,4,4,2,False,False,107,300,0.700934579,300.0,none
20210512,5,5,2,False,False,92,25,0.067750678,25.0,none
20210512,6,6,2,False,False,104,560,1.342925659,560.0,none
20210512,7,7,2,False,False,126,1735,3.449304175,1735.0,none
20210512,8,8,2,False,False,169,691,1.022189349,691.0,none
20210512,9,9,2,False,False,160,716,1.11700468,716.0,none
20210512,10,10,2,False,False,149,941,1.57885906,941.0,none
20210512,11,11,2,False,False,168,952,1.420895522,952.0,none
20210512,12,12,2,False,False,94,104,0.278074866,104.0,none
20210512,13,13,2,False,False,178,1820,2.55259467,1820.0,none
20210512,14,14,2,False,False,164,1492,2.277862595,1492.0,none
20210512,15,15,2,False,False,153,1155,1.890343699,1155.0,none
20210512,16,16,2,False,False,159,760,1.196850394,760.0,none
20210512,17,17,2,False,False,131,3446,6.563809524,3446.0,none
20210512,18,18,2,False,False,157,1012,1.608903021,1012.0,none
20210512,19,19,2,False,False,125,2838,5.698795181,2838.0,none
20210512,20,20,2,False,False,105,8,0.019093079,8.0,none
20210512,21,21,2,False,False,110,178,0.404545455,178.0,none
20210512,22,22,2,False,False,102,366,0.894865526,366.0,none
20210512,23,23,2,False,False,102,238,0.586206897,238.0,none
20210513,0,0,3,False,False,70,157,0.560714286,157.0,none
20210513,1,1,3,False,False,98,370,0.941475827,370.0,none
20210513,2,2,3,False,False,103,52,0.126213592,52.0,none
20210513,3,3,3,False,False,100,366,0.915,366.0,none
20210513,4,4,3,False,False,105,96,0.228571429,96.0,none
20210513,5,5,3,False,False,89,68,0.19047619,68.0,none
20210513,6,6,3,False,False,101,4,0.009950249,4.0,none
20210513,7,7,3,False,False,117,2540,5.415778252,2540.0,none
20210513,8,8,3,False,False,165,705,1.069802731,705.0,none
20210513,9,9,3,False,False,163,359,0.549770291,359.0,none
20210513,10,10,3,False,False,158,1880,2.974683544,1880.0,none
20210513,11,11,3,False,False,164,470,0.715372907,470.0,none
20210513,12,12,3,False,False,96,238,0.621409922,238.0,none
20210513,13,13,3,False,False,168,1582,2.36119403,1582.0,none
20210513,14,14,3,False,False,163,1464,2.248847926,1464.0,none
20210513,15,15,3,False,False,139,980,1.768953069,980.0,none
20210513,16,16,3,False,False,150,1633,2.730769231,1633.0,none
20210513,17,17,3,False,False,101,430,1.069651741,430.0,none
20210513,18,18,3,False,False,102,1701,4.179361179,1701.0,none
20210513,19,19,3,False,False,101,2095,5.198511166,2095.0,none
20210513,20,20,3,False,False,133,126,0.237735849,126.0,none
20210513,21,21,3,False,False,127,75,0.147637795,75.0,none
20210513,22,22,3,False,False,114,48,0.105263158,48.0,none
20210513,23,23,3,False,False,104,229,0.550480769,229.0,none
20210514,0,0,4,False,False,67,14,0.052238806,14.0,none
20210514,1,1,4,False,False,100,306,0.768844221,306.0,none
20210514,2,2,4,False,False,107,95,0.221445221,95.0,none
20210514,3,3,4,False,False,97,332,0.857881137,332.0,none
20210514,4,4,4,False,True,106,0,0.0,196.0,interp
20210514,5,5,4,False,False,93,60,0.160857909,60.0,none
20210514,6,6,4,False,False,100,553,1.379052369,553.0,none
20210514,7,7,4,False,False,115,1743,3.780911063,1743.0,none
20210514,8,8,4,False,False,147,591,1.008532423,591.0,none
20210514,9,9,4,False,False,140,672,1.204301075,672.0,none
20210514,10,10,4,False,False,143,4183,7.338596491,4183.0,none
20210514,11,11,4,False,False,149,399,0.668341709,399.0,none
20210514,12,12,4,False,False,91,230,0.630136986,230.0,none
20210514,13,13,4,False,False,150,50,0.083194676,50.0,none
20210514,14,14,4,False,False,143,957,1.676007005,957.0,none
20210514,15,15,4,False,False,137,623,1.138939671,623.0,none
20210514,16,16,4,False,False,135,3046,5.661710037,3046.0,none
20210514,17,17,4,False,False,109,437,1.002293578,437.0,none
20210514,18,18,4,False,False,146,1523,2.603418803,1523.0,none
20210514,19,19,4,False,False,129,1514,2.928433269,1514.0,none
20210514,20,20,4,False,False,106,1,0.002358491,1.0,none
20210514,21,21,4,False,False,110,45,0.102272727,45.0,none
20210514,22,22,4,False,True,103,0,0.0,45.5,interp
20210514,23,23,4,False,True,89,0,0.0,46.0,interp
20210515,0,0,5,False,True,54,0,0.0,46.5,interp
20210515,1,1,5,False,False,96,47,0.122715405,47.0,none
20210515,2,2,5,False,False,98,37,0.094871795,37.0,none
20210515,3,3,5,False,True,93,0,0.0,33.75,interp
20210515,4,4,5,False,True,101,0,0.0,30.5,interp
20210515,5,5,5,False,True,80,0,0.0,27.25,interp
20210515,6,6,5,False,False,98,24,0.061381074,24.0,none
20210515,7,7,5,False,False,69,634,2.297101449,634.0,none
20210515,8,8,5,False,False,22,0,0.0,0.0,none
20210515,9,9,5,False,False,20,0,0.0,0.0,none
20210515,10,10,5,False,False,20,0,0.0,0.0,none
20210515,11,11,5,False,False,22,0,0.0,0.0,none
20210515,12,12,5,False,False,20,0,0.0,0.0,none
20210515,13,13,5,False,False,19,0,0.0,0.0,none
20210515,14,14,5,False,False,21,0,0.0,0.0,none
20210515,15,15,5,False,False,20,0,0.0,0.0,none
20210515,16,16,5,False,False,20,0,0.0,0.0,none
20210515,17,17,5,False,False,20,0,0.0,0.0,none
20210515,18,18,5,False,False,22,0,0.0,0.0,none
20210515,19,19,5,False,False,20,0,0.0,0.0,none
20210515,20,20,5,False,False,20,0,0.0,0.0,none
20210515,21,21,5,False,False,23,0,0.0,0.0,none
20210515,22,22,5,False,False,21,0,0.0,0.0,none
20210515,23,23,5,False,False,20,0,0.0,0.0,none
20210516,0,0,6,False,False,20,0,0.0,0.0,none
20210516,1,1,6,False,False,23,0,0.0,0.0,none
20210516,2,2,6,False,False,20,0,0.0,0.0,none
20210516,3,3,6,False,False,20,0,0.0,0.0,none
20210516,4,4,6,False,False,22,0,0.0,0.0,none
20210516,5,5,6,False,False,20,0,0.0,0.0,none
20210516,6,6,6,False,False,20,0,0.0,0.0,none
20210516,7,7,6,False,False,20,0,0.0,0.0,none
20210516,8,8,6,False,False,21,0,0.0,0.0,none
20210516,9,9,6,False,False,20,0,0.0,0.0,none
20210516,10,10,6,False,False,21,0,0.0,0.0,none
20210516,11,11,6,False,False,21,0,0.0,0.0,none
20210516,12,12,6,False,False,20,0,0.0,0.0,none
20210516,13,13,6,False,False,20,0,0.0,0.0,none
20210516,14,14,6,False,False,22,0,0.0,0.0,none
20210516,15,15,6,False,False,20,0,0.0,0.0,none
20210516,16,16,6,False,False,20,0,0.0,0.0,none
20210516,17,17,6,False,False,23,0,0.0,0.0,none
20210516,18,18,6,False,False,19,0,0.0,0.0,none
20210516,19,19,6,False,False,20,0,0.0,0.0,none
20210516,20,20,6,False,False,21,0,0.0,0.0,none
20210516,21,21,6,False,False,21,0,0.0,0.0,none
20210516,22,22,6,False,False,20,0,0.0,0.0,none
20210516,23,23,6,False,False,21,0,0.0,0.0,none
20210517,0,0,0,False,False,22,0,0.0,0.0,none
20210517,1,1,0,False,False,20,0,0.0,0.0,none
20210517,2,2,0,False,False,20,0,0.0,0.0,none
20210517,3,3,0,False,False,22,0,0.0,0.0,none
20210517,4,4,0,False,False,20,0,0.0,0.0,none
20210517,5,5,0,False,False,20,0,0.0,0.0,none
20210517,6,6,0,False,False,22,0,0.0,0.0,none
20210517,7,7,0,False,False,50,24,0.12,24.0,none
20210517,8,8,0,False,False,174,468,0.674351585,468.0,none
20210517,9,9,0,False,False,160,1009,1.574102964,1009.0,none
20210517,10,10,0,False,False,164,293,0.447328244,293.0,none
20210517,11,11,0,False,False,169,1178,1.74260355,1178.0,none
20210517,12,12,0,False,False,104,311,0.74939759,311.0,none
20210517,13,13,0,False,False,170,1419,2.083700441,1419.0,none
20210517,14,14,0,False,False,163,540,0.829493088,540.0,none
20210517,15,15,0,False,False,157,1302,2.076555024,1302.0,none
20210517,16,16,0,False,False,161,1739,2.704510109,1739.0,none
20210517,17,17,0,False,False,138,821,1.490018149,821.0,none
20210517,18,18,0,False,False,152,1592,2.614121511,1592.0,none
20210517,19,19,0,False,False,128,2222,4.33984375,2222.0,none
20210517,20,20,0,False,False,96,300,0.779220779,300.0,none
20210517,21,21,0,False,False,89,130,0.365168539,130.0,none
20210517,22,22,0,False,False,93,20,0.054054054,20.0,none
20210517,23,23,0,False,False,87,23,0.066473988,23.0,none
20210518,0,0,1,False,False,64,47,0.18503937,47.0,none
20210518,1,1,1,False,False,93,554,1.493261456,554.0,none
20210518,2,2,1,False,False,94,62,0.165775401,62.0,none
20210518,3,3,1,False,False,88,5,0.014245014,5.0,none
20210518,4,4,1,False,False,85,480,1.420118343,480.0,none
20210518,5,5,1,False,False,81,2,0.00621118,2.0,none
20210518,6,6,1,False,False,95,314,0.826315789,314.0,none
20210518,7,7,1,False,False,115,1715,3.744541485,1715.0,none
20210518,8,8,1,False,False,170,1000,1.474926254,1000.0,none
20210518,9,9,1,False,False,171,598,0.876832845,598.0,none
20210518,10,10,1,False,False,159,1594,2.502354788,1594.0,none
20210518,11,11,1,False,False,167,759,1.136227545,759.0,none
20210518,12,12,1,False,False,99,204,0.516455696,204.0,none
20210518,13,13,1,False,False,177,996,1.410764873,996.0,none
20210518,14,14,1,False,False,167,1514,2.269865067,1514.0,none
20210518,15,15,1,False,False,162,6557,10.10323575,6557.0,none
20210518,16,16,1,False,False,154,1196,1.947882736,1196.0,none
20210518,17,17,1,False,False,118,1414,3.002123142,1414.0,none
20210518,18,18,1,False,False,146,1570,2.697594502,1570.0,none
20210518,19,19,1,False,False,144,2648,4.597222222,2648.0,none
20210518,20,20,1,False,False,115,11,0.023913043,11.0,none
20210518,21,21,1,False,False,112,140,0.311804009,140.0,none
20210518,22,22,1,False,False,100,5,0.012531328,5.0,none
20210518,23,23,1,False,False,93,26,0.069705094,26.0,none
20210519,0,0,2,False,True,62,0,0.0,490.5,interp
20210519,1,1,2,False,False,89,955,2.697740113,955.0,none
20210519,2,2,2,False,False,97,24,0.062176166,24.0,none
20210519,3,3,2,False,False,96,200,0.523560209,200.0,none
20210519,4,4,2,False,False,94,30,0.08,30.0,none
20210519,5,5,2,False,False,79,150,0.476190476,150.0,none
20210519,6,6,2,False,False,95,10,0.026455026,10.0,none
20210519,7,7,2,False,False,54,780,3.644859813,780.0,none
20210519,8,8,2,False,False,21,841,10.13253012,841.0,none
20210519,9,9,2,False,False,23,0,0.0,0.0,none
20210519,10,10,2,False,False,21,0,0.0,0.0,none
20210519,11,11,2,False,False,21,0,0.0,0.0,none
20210519,12,12,2,False,False,22,0,0.0,0.0,none
20210519,13,13,2,False,False,21,0,0.0,0.0,none
20210519,14,14,2,False,False,20,0,0.0,0.0,none
20210519,15,15,2,False,False,20,0,0.0,0.0,none
20210519,16,16,2,False,False,23,0,0.0,0.0,none
20210519,17,17,2,False,False,21,0,0.0,0.0,none
20210519,18,18,2,False,False,21,0,0.0,0.0,none
20210519,19,19,2,False,False,23,0,0.0,0.0,none
20210519,20,20,2,False,False,21,0,0.0,0.0,none
20210519,21,21,2,False,False,22,0,0.0,0.0,none
20210519,22,22,2,False,False,23,0,0.0,0.0,none
20210519,23,23,2,False,False,21,0,0.0,0.0,none
20210520,0,0,3,False,False,20,0,0.0,0.0,none
20210520,1,1,3,False,False,21,0,0.0,0.0,none
20210520,2,2,3,False,False,22,0,0.0,0.0,none
20210520,3,3,3,False,False,20,0,0.0,0.0,none
20210520,4,4,3,False,False,20,0,0.0,0.0,none
20210520,5,5,3,False,False,23,0,0.0,0.0,none
20210520,6,6,3,False,False,20,0,0.0,0.0,none
20210520,7,7,3,False,True,64,0,0.0,935.0,dow_median
20210520,8,8,3,False,False,170,174,0.255882353,174.0,none
20210520,9,9,3,False,False,162,1145,1.77244582,1145.0,none
20210520,10,10,3,False,False,157,631,1.00798722,631.0,none
20210520,11,11,3,False,False,172,1881,2.737991266,1881.0,none
20210520,12,12,3,False,False,106,124,0.293838863,124.0,none
20210520,13,13,3,False,False,166,1467,2.212669683,1467.0,none
20210520,14,14,3,False,False,163,1175,1.799387443,1175.0,none
20210520,15,15,3,False,False,150,809,1.352842809,809.0,none
20210520,16,16,3,False,False,152,2581,4.238095238,2581.0,none
20210520,17,17,3,False,False,101,977,2.430348259,977.0,none
20210520,18,18,3,False,False,106,2010,4.740566038,2010.0,none
20210520,19,19,3,False,False,109,2901,6.668965517,2901.0,none
20210520,20,20,3,False,False,110,3,0.006849315,3.0,none
20210520,21,21,3,False,False,103,2,0.004854369,2.0,none
20210520,22,22,3,False,False,101,10,0.024875622,10.0,none
20210520,23,23,3,False,True,93,0,0.0,415.0,interp
20210521,0,0,4,False,False,61,820,3.388429752,820.0,none
20210521,1,1,4,False,False,94,219,0.582446809,219.0,none
20210521,2,2,4,False,False,107,498,1.169014085,498.0,none
20210521,3,3,4,False,False,98,393,1.00511509,393.0,none
20210521,4,4,4,False,False,95,31,0.081794195,31.0,none
20210521,5,5,4,False,False,82,344,1.048780488,344.0,none
20210521,6,6,4,False,False,102,40,0.098280098,40.0,none
20210521,7,7,4,False,False,121,1028,2.123966942,1028.0,none
20210521,8,8,4,False,False,153,935,1.525285481,935.0,none
20210521,9,9,4,False,False,144,1816,3.15826087,1816.0,none
20210521,10,10,4,False,False,140,1580,2.831541219,1580.0,none
20210521,11,11,4,False,False,156,1787,2.872990354,1787.0,none
20210521,12,12,4,False,False,93,4406,11.90810811,4406.0,none
20210521,13,13,4,False,False,149,1126,1.895622896,1126.0,none
20210521,14,14,4,False,False,153,1679,2.752459016,1679.0,none
20210521,15,15,4,False,False,132,1636,3.092627599,1636.0,none
20210521,16,16,4,False,False,144,2311,4.019130435,2311.0,none
20210521,17,17,4,False,False,121,205,0.425311203,205.0,none
20210521,18,18,4,False,False,132,775,1.47338403,775.0,none
20210521,19,19,4,False,False,124,2344,4.735353535,2344.0,none
20210521,20,20,4,False,True,103,0,0.0,1230.5,interp
20210521,21,21,4,False,False,105,117,0.277909739,117.0,none
20210521,22,22,4,False,True,101,0,0.0,271.5,interp
20210521,23,23,4,False,False,93,426,1.14516129,426.0,none
20210522,0,0,5,False,True,59,0,0.0,287.0,interp
20210522,1,1,5,False,True,101,0,0.0,148.0,interp
20210522,2,2,5,False,False,96,9,0.023560209,9.0,none
20210522,3,3,5,False,False,99,510,1.294416244,510.0,none
20210522,4,4,5,False,False,101,38,0.09382716,38.0,none
20210522,5,5,5,False,True,84,0,0.0,284.0,interp
20210522,6,6,5,False,False,102,530,1.299019608,530.0,none
20210522,7,7,5,False,False,56,1456,6.471111111,1456.0,none
20210522,8,8,5,False,False,20,0,0.0,0.0,none
20210522,9,9,5,False,False,20,0,0.0,0.0,none
20210522,10,10,5,False,False,23,0,0.0,0.0,none
20210522,11,11,5,False,False,21,0,0.0,0.0,none
20210522,12,12,5,False,False,20,0,0.0,0.0,none
20210522,13,13,5,False,False,22,0,0.0,0.0,none
20210522,14,14,5,False,False,21,0,0.0,0.0,none
20210522,15,15,5,False,False,20,0,0.0,0.0,none
20210522,16,16,5,False,False,21,0,0.0,0.0,none
20210522,17,17,5,False,False,22,0,0.0,0.0,none
20210522,18,18,5,False,False,20,0,0.0,0.0,none
20210522,19,19,5,False,False,20,0,0.0,0.0,none
20210522,20,20,5,False,False,23,0,0.0,0.0,none
20210522,21,21,5,False,False,21,0,0.0,0.0,none
20210522,22,22,5,False,False,20,0,0.0,0.0,none
20210522,23,23,5,False,False,23,0,0.0,0.0,none
20210523,0,0,6,False,False,21,0,0.0,0.0,none
20210523,1,1,6,False,False,21,0,0.0,0.0,none
20210523,2,2,6,False,False,23,0,0.0,0.0,none
20210523,3,3,6,False,False,21,0,0.0,0.0,none
20210523,4,4,6,False,False,21,0,0.0,0.0,none
20210523,5,5,6,False,False,22,0,0.0,0.0,none
20210523,6,6,6,False,False,22,0,0.0,0.0,none
20210523,7,7,6,False,False,20,0,0.0,0.0,none
20210523,8,8,6,False,False,20,0,0.0,0.0,none
20210523,9,9,6,False,False,23,0,0.0,0.0,none
20210523,10,10,6,False,False,20,0,0.0,0.0,none
20210523,11,11,6,False,False,21,0,0.0,0.0,none
20210523,12,12,6,False,False,23,0,0.0,0.0,none
20210523,13,13,6,False,False,21,0,0.0,0.0,none
20210523,14,14,6,False,False,20,0,0.0,0.0,none
20210523,15,15,6,False,False,21,0,0.0,0.0,none
20210523,16,16,6,False,False,22,0,0.0,0.0,none
20210523,17,17,6,False,False,20,0,0.0,0.0,none
20210523,18,18,6,False,False,21,0,0.0,0.0,none
20210523,19,19,6,False,False,22,0,0.0,0.0,none
20210523,20,20,6,False,False,20,0,0.0,0.0,none
20210523,21,21,6,False,False,21,0,0.0,0.0,none
20210523,22,22,6,False,False,23,0,0.0,0.0,none
20210523,23,23,6,False,False,21,0,0.0,0.0,none
20210524,0,0,0,False,False,20,0,0.0,0.0,none
20210524,1,1,0,False,False,23,0,0.0,0.0,none
20210524,2,2,0,False,False,20,0,0.0,0.0,none
20210524,3,3,0,False,False,20,0,0.0,0.0,none
20210524,4,4,0,False,False,23,0,0.0,0.0,none
20210524,5,5,0,False,False,20,0,0.0,0.0,none
20210524,6,6,0,False,False,20,0,0.0,0.0,none
20210524,7,7,0,False,True,54,0,0.0,25.5,dow_median
20210524,8,8,0,False,False,160,321,0.500780031,321.0,none
20210524,9,9,0,False,False,163,751,1.153609831,751.0,none
20210524,10,10,0,False,False,155,290,0.469255663,290.0,none
20210524,11,11,0,False,False,164,2479,3.773211568,2479.0,none
20210524,12,12,0,False,False,104,98,0.236144578,98.0,none
20210524,13,13,0,False,False,155,1982,3.207119741,1982.0,none
20210524,14,14,0,False,False,159,1083,1.702830189,1083.0,none
20210524,15,15,0,False,False,154,1428,2.318181818,1428.0,none
20210524,16,16,0,False,False,147,970,1.652470187,970.0,none
20210524,17,17,0,False,False,129,1942,3.770873786,1942.0,none
20210524,18,18,0,False,False,147,1279,2.178875639,1279.0,none
20210524,19,19,0,False,False,130,3527,6.769673704,3527.0,none
20210524,20,20,0,False,False,106,1,0.002358491,1.0,none
20210524,21,21,0,False,False,106,384,0.903529412,384.0,none
20210524,22,22,0,False,False,105,50,0.119617225,50.0,none
20210524,23,23,0,False,True,98,0,0.0,343.0,interp
20210525,0,0,1,False,False,58,636,2.729613734,636.0,none
20210525,1,1,1,False,False,99,258,0.651515152,258.0,none
20210525,2,2,1,False,False,101,206,0.50990099,206.0,none
20210525,3,3,1,False,False,98,112,0.286445013,112.0,none
20210525,4,4,1,False,False,104,133,0.320481928,133.0,none
20210525,5,5,1,False,True,89,0,0.0,207.0,interp
20210525,6,6,1,False,False,106,281,0.661176471,281.0,none
20210525,7,7,1,False,False,122,1788,3.656441718,1788.0,none
20210525,8,8,1,False,False,163,531,0.813169985,531.0,none
20210525,9,9,1,False,False,153,696,1.140983607,696.0,none
20210525,10,10,1,False,False,161,272,0.423676012,272.0,none
20210525,11,11,1,False,False,156,1617,2.591346154,1617.0,none
20210525,12,12,1,False,False,92,34,0.092896175,34.0,none
20210525,13,13,1,False,False,151,1870,3.101160862,1870.0,none
20210525,14,14,1,False,False,161,986,1.531055901,986.0,none
20210525,15,15,1,False,False,148,1093,1.849407783,1093.0,none
20210525,16,16,1,False,False,151,3956,6.549668874,3956.0,none
20210525,17,17,1,False,False,112,608,1.3632287,608.0,none
20210525,18,18,1,False,False,141,1607,2.859430605,1607.0,none
20210525,19,19,1,False,False,130,4666,8.955854127,4666.0,none
20210525,20,20,1,False,False,119,21,0.044025157,21.0,none
20210525,21,21,1,False,False,119,227,0.476890756,227.0,none
20210525,22,22,1,False,False,106,271,0.639150943,271.0,none
20210525,23,23,1,False,False,100,152,0.379052369,152.0,none
20210526,0,0,2,False,False,58,140,0.600858369,140.0,none
20210526,1,1,2,False,False,98,159,0.405612245,159.0,none
20210526,2,2,2,False,False,101,268,0.661728395,268.0,none
20210526,3,3,2,False,False,103,228,0.556097561,228.0,none
20210526,4,4,2,False,False,100,78,0.195979899,78.0,none
20210526,5,5,2,False,False,94,123,0.328,123.0,none
20210526,6,6,2,False,False,100,554,1.381546135,554.0,none
20210526,7,7,2,False,False,121,1505,3.122406639,1505.0,none
20210526,8,8,2,False,False,155,1027,1.656451613,1027.0,none
20210526,9,9,2,False,False,154,824,1.342019544,824.0,none
20210526,10,10,2,False,False,147,2179,3.718430034,2179.0,none
20210526,11,11,2,False,False,157,608,0.971246006,608.0,none
20210526,12,12,2,False,False,91,12,0.033057851,12.0,none
20210526,13,13,2,False,False,157,2094,3.345047923,2094.0,none
20210526,14,14,2,False,False,157,2331,3.711783439,2331.0,none
20210526,15,15,2,False,False,145,1622,2.806228374,1622.0,none
20210526,16,16,2,False,False,137,1630,2.979890311,1630.0,none
20210526,17,17,2,False,False,117,135,0.289079229,135.0,none
20210526,18,18,2,False,False,133,1712,3.218045113,1712.0,none
20210526,19,19,2,False,False,131,2100,4.015296367,2100.0,none
20210526,20,20,2,False,False,115,8,0.017391304,8.0,none
20210526,21,21,2,False,False,104,226,0.543269231,226.0,none
20210526,22,22,2,False,False,97,381,0.984496124,381.0,none
20210526,23,23,2,False,True,98,0,0.0,295.0,interp
20210527,0,0,3,False,False,62,209,0.849593496,209.0,none
20210527,1,1,3,False,False,95,119,0.312335958,119.0,none
20210527,2,2,3,False,False,101,142,0.353233831,142.0,none
20210527,3,3,3,False,False,94,213,0.566489362,213.0,none
20210527,4,4,3,False,False,99,176,0.444444444,176.0,none
20210527,5,5,3,False,False,86,116,0.33819242,116.0,none
20210527,6,6,3,False,False,96,357,0.934554974,357.0,none
20210527,7,7,3,False,False,126,2019,4.005952381,2019.0,none
20210527,8,8,3,False,False,152,427,0.702302632,427.0,none
20210527,9,9,3,False,False,164,2079,3.178899083,2079.0,none
20210527,10,10,3,False,False,148,4955,8.369932432,4955.0,none
20210527,11,11,3,False,False,165,1339,2.034954407,1339.0,none
20210527,12,12,3,False,False,90,156,0.43454039,156.0,none
20210527,13,13,3,False,False,164,811,1.240061162,811.0,none
20210527,14,14,3,False,False,152,2083,3.425986842,2083.0,none
20210527,15,15,3,False,False,144,906,1.575652174,906.0,none
20210527,16,16,3,False,False,144,1851,3.219130435,1851.0,none
20210527,17,17,3,False,False,114,113,0.248351648,113.0,none
20210527,18,18,3,False,False,124,1428,2.879032258,1428.0,none
20210527,19,19,3,False,False,99,374,0.944444444,374.0,none
20210527,20,20,3,False,True,118,0,0.0,202.0,interp
20210527,21,21,3,False,False,113,30,0.066371681,30.0,none
20210527,22,22,3,False,False,102,81,0.199507389,81.0,none
20210527,23,23,3,False,False,97,633,1.627249357,633.0,none
20210528,0,0,4,False,False,61,160,0.661157025,160.0,none
20210528,1,1,4,False,False,100,108,0.270676692,108.0,none
20210528,2,2,4,False,False,102,220,0.540540541,220.0,none
20210528,3,3,4,False,False,99,93,0.236040609,93.0,none
20210528,4,4,4,False,False,105,128,0.306220096,128.0,none
20210528,5,5,4,False,False,92,27,0.073770492,27.0,none
20210528,6,6,4,False,False,109,51,0.117241379,51.0,none
20210528,7,7,4,False,False,115,2813,6.115217391,2813.0,none
20210528,8,8,4,False,False,164,100,0.152439024,100.0,none
20210528,9,9,4,False,False,160,1462,2.29153605,1462.0,none
20210528,10,10,4,False,False,151,661,1.096185738,661.0,none
20210528,11,11,4,False,False,167,1637,2.446935725,1637.0,none
20210528,12,12,4,False,False,98,498,1.273657289,498.0,none
20210528,13,13,4,False,False,162,912,1.405238829,912.0,none
20210528,14,14,4,False,False,151,170,0.281923715,170.0,none
20210528,15,15,4,False,False,140,1078,1.925,1078.0,none
20210528,16,16,4,False,False,137,5505,10.08241758,5505.0,none
20210528,17,17,4,False,False,125,300,0.6,300.0,none
20210528,18,18,4,False,False,148,1060,1.790540541,1060.0,none
20210528,19,19,4,False,False,117,1090,2.334047109,1090.0,none
20210528,20,20,4,False,False,105,80,0.19047619,80.0,none
20210528,21,21,4,False,False,111,61,0.137078652,61.0,none
20210528,22,22,4,False,False,103,617,1.501216545,617.0,none
20210528,23,23,4,False,False,95,42,0.111111111,42.0,none
20210529,0,0,5,False,False,61,32,0.130612245,32.0,none
20210529,1,1,5,False,False,99,578,1.463291139,578.0,none
20210529,2,2,5,False,False,95,111,0.292105263,111.0,none
20210529,3,3,5,False,False,96,216,0.565445026,216.0,none
20210529,4,4,5,False,False,102,230,0.566502463,230.0,none
20210529,5,5,5,False,False,88,6,0.017045455,6.0,none
20210529,6,6,5,False,False,100,368,0.924623116,368.0,none
20210529,7,7,5,False,False,65,1530,5.930232558,1530.0,none
20210529,8,8,5,False,False,23,0,0.0,0.0,none
20210529,9,9,5,False,False,21,0,0.0,0.0,none
20210529,10,10,5,False,False,21,0,0.0,0.0,none
20210529,11,11,5,False,False,23,0,0.0,0.0,none
20210529,12,12,5,False,False,21,0,0.0,0.0,none
20210529,13,13,5,False,False,21,0,0.0,0.0,none
20210529,14,14,5,False,False,23,0,0.0,0.0,none
20210529,15,15,5,False,False,22,0,0.0,0.0,none
20210529,16,16,5,False,False,21,0,0.0,0.0,none
20210529,17,17,5,False,False,22,0,0.0,0.0,none
20210529,18,18,5,False,False,23,0,0.0,0.0,none
20210529,19,19,5,False,False,21,0,0.0,0.0,none
20210529,20,20,5,False,False,21,0,0.0,0.0,none
20210529,21,21,5,False,False,23,0,0.0,0.0,none
20210529,22,22,5,False,False,21,0,0.0,0.0,none
20210529,23,23,5,False,False,21,0,0.0,0.0,none
20210530,0,0,6,False,False,24,0,0.0,0.0,none
20210530,1,1,6,False,False,21,0,0.0,0.0,none
20210530,2,2,6,False,False,21,0,0.0,0.0,none
20210530,3,3,6,False,False,23,0,0.0,0.0,none
20210530,4,4,6,False,False,23,0,0.0,0.0,none
20210530,5,5,6,False,False,21,0,0.0,0.0,none
20210530,6,6,6,False,False,21,0,0.0,0.0,none
20210530,7,7,6,False,False,24,0,0.0,0.0,none
20210530,8,8,6,False,False,21,0,0.0,0.0,none
20210530,9,9,6,False,False,21,0,0.0,0.0,none
20210530,10,10,6,False,False,23,0,0.0,0.0,none
20210530,11,11,6,False,False,22,0,0.0,0.0,none
20210530,12,12,6,False,False,21,0,0.0,0.0,none
20210530,13,13,6,False,False,21,0,0.0,0.0,none
20210530,14,14,6,False,False,23,0,0.0,0.0,none
20210530,15,15,6,False,False,21,0,0.0,0.0,none
20210530,16,16,6,False,False,21,0,0.0,0.0,none
20210530,17,17,6,False,False,23,0,0.0,0.0,none
20210530,18,18,6,False,False,21,0,0.0,0.0,none
20210530,19,19,6,False,False,21,0,0.0,0.0,none
20210530,20,20,6,False,False,23,0,0.0,0.0,none
20210530,21,21,6,False,False,21,0,0.0,0.0,none
20210530,22,22,6,False,False,21,0,0.0,0.0,none
20210530,23,23,6,False,False,24,0,0.0,0.0,none
20210531,0,0,0,False,False,21,0,0.0,0.0,none
20210531,1,1,0,False,False,21,0,0.0,0.0,none
20210531,2,2,0,False,False,21,0,0.0,0.0,none
20210531,3,3,0,False,False,23,0,0.0,0.0,none
20210531,4,4,0,False,False,21,0,0.0,0.0,none
20210531,5,5,0,False,False,21,0,0.0,0.0,none
20210531,6,6,0,False,False,24,0,0.0,0.0,none
20210531,7,7,0,False,False,49,0,0.0,0.0,none
20210531,8,8,0,False,False,160,697,1.092476489,697.0,none
20210531,9,9,0,False,False,169,901,1.330871492,901.0,none
20210531,10,10,0,False,False,160,1373,2.148669797,1373.0,none
20210531,11,11,0,False,False,167,1278,1.910313901,1278.0,none
20210531,12,12,0,False,False,104,246,0.592771084,246.0,none
20210531,13,13,0,False,False,159,647,1.015698587,647.0,none
20210531,14,14,0,False,False,156,806,1.295819936,806.0,none
20210531,15,15,0,False,False,142,2767,4.862917399,2767.0,none
20210531,16,16,0,False,False,147,2857,4.875426621,2857.0,none
20210531,17,17,0,False,False,125,705,1.407185629,705.0,none
20210531,18,18,0,False,False,157,1370,2.188498403,1370.0,none
20210531,19,19,0,False,False,146,3082,5.295532646,3082.0,none
20210531,20,20,0,False,False,113,186,0.411504425,186.0,none
20210531,21,21,0,False,False,113,130,0.286975717,130.0,none
20210531,22,22,0,False,False,103,77,0.187804878,77.0,none
20210531,23,23,0,False,False,99,154,0.389873418,154.0,none
20210601,0,0,1,False,False,61,457,1.865306122,457.0,none
20210601,1,1,1,False,False,99,80,0.203045685,80.0,none
20210601,2,2,1,False,False,104,135,0.326086957,135.0,none
20210601,3,3,1,False,False,103,51,0.124390244,51.0,none
20210601,4,4,1,False,False,105,138,0.329355609,138.0,none
20210601,5,5,1,False,False,90,64,0.17877095,64.0,none
20210601,6,6,1,False,False,109,48,0.110599078,48.0,none
20210601,7,7,1,False,False,122,1235,2.530737705,1235.0,none
20210601,8,8,1,False,False,179,1518,2.117154812,1518.0,none
20210601,9,9,1,False,False,173,966,1.395953757,966.0,none
20210601,10,10,1,False,False,171,715,1.048387097,715.0,none
20210601,11,11,1,False,False,174,330,0.473457676,330.0,none
20210601,12,12,1,False,False,94,554,1.481283422,554.0,none
20210601,13,13,1,False,False,170,476,0.702064897,476.0,none
20210601,14,14,1,False,False,165,2349,3.569908815,2349.0,none
20210601,15,15,1,False,False,152,1584,2.609555189,1584.0,none
20210601,16,16,1,False,False,162,1645,2.538580247,1645.0,none
20210601,17,17,1,False,False,124,438,0.886639676,438.0,none
20210601,18,18,1,False,False,147,1643,2.803754266,1643.0,none
20210601,19,19,1,False,False,144,2795,4.869337979,2795.0,none
20210601,20,20,1,False,False,121,112,0.231884058,112.0,none
20210601,21,21,1,False,False,121,158,0.326446281,158.0,none
20210601,22,22,1,False,False,106,140,0.330969267,140.0,none
20210601,23,23,1,False,False,99,73,0.185279188,73.0,none
20210602,0,0,2,False,True,62,0,0.0,40.5,interp
20210602,1,1,2,False,False,102,8,0.019607843,8.0,none
20210602,2,2,2,False,False,109,322,0.740229885,322.0,none
20210602,3,3,2,False,False,104,268,0.647342995,268.0,none
20210602,4,4,2,False,False,100,102,0.255639098,102.0,none
20210602,5,5,2,False,True,85,0,0.0,131.0,interp
20210602,6,6,2,False,False,103,160,0.390243902,160.0,none
20210602,7,7,2,False,False,132,1339,2.535984848,1339.0,none
20210602,8,8,2,False,False,172,338,0.490566038,338.0,none
20210602,9,9,2,False,False,177,1944,2.753541076,1944.0,none
20210602,10,10,2,False,False,173,764,1.105643994,764.0,none
20210602,11,11,2,False,False,168,2183,3.258208955,2183.0,none
20210602,12,12,2,False,False,103,343,0.834549878,343.0,none
20210602,13,13,2,False,False,182,5882,8.090784044,5882.0,none
20210602,14,14,2,False,False,177,1072,1.514124294,1072.0,none
20210602,15,15,2,False,False,156,822,1.321543408,822.0,none
20210602,16,16,2,False,False,167,2146,3.21257485,2146.0,none
20210602,17,17,2,False,False,136,860,1.577981651,860.0,none
20210602,18,18,2,False,False,152,1840,3.03630363,1840.0,none
20210602,19,19,2,False,False,128,2444,4.792156863,2444.0,none
20210602,20,20,2,False,True,113,0,0.0,1239.0,interp
20210602,21,21,2,False,False,111,34,0.076404494,34.0,none
20210602,22,22,2,False,False,101,77,0.191542289,77.0,none
20210602,23,23,2,False,False,96,672,1.75,672.0,none
20210603,0,0,3,False,True,66,0,0.0,479.0,interp
20210603,1,1,3,False,False,105,286,0.680952381,286.0,none
20210603,2,2,3,False,False,113,120,0.266666667,120.0,none
20210603,3,3,3,False,False,105,200,0.475059382,200.0,none
20210603,4,4,3,False,False,106,232,0.548463357,232.0,none
20210603,5,5,3,False,False,91,87,0.238356164,87.0,none
20210603,6,6,3,False,False,112,48,0.107142857,48.0,none
20210603,7,7,3,False,False,129,935,1.819066148,935.0,none
20210603,8,8,3,False,False,170,1187,1.743024963,1187.0,none
20210603,9,9,3,False,False,170,1096,1.614138439,1096.0,none
20210603,10,10,3,False,False,156,956,1.536977492,956.0,none
20210603,11,11,3,False,False,162,1969,3.038580247,1969.0,none
20210603,12,12,3,False,False,102,50,0.123152709,50.0,none
20210603,13,13,3,False,False,158,1064,1.683544304,1064.0,none
20210603,14,14,3,False,False,159,2090,3.291338583,2090.0,none
20210603,15,15,3,False,False,151,1680,2.776859504,1680.0,none
20210603,16,16,3,False,False,160,1547,2.4171875,1547.0,none
20210603,17,17,3,False,False,132,1830,3.459357278,1830.0,none
20210603,18,18,3,False,False,132,4404,8.340909091,4404.0,none
20210603,19,19,3,False,False,115,2523,5.496732026,2523.0,none
20210603,20,20,3,False,False,122,220,0.449897751,220.0,none
20210603,21,21,3,False,False,123,128,0.260692464,128.0,none
20210603,22,22,3,False,False,113,106,0.235033259,106.0,none
20210603,23,23,3,False,False,105,56,0.133971292,56.0,none
20210604,0,0,4,False,False,68,246,0.907749077,246.0,none
20210604,1,1,4,False,False,108,38,0.087962963,38.0,none
20210604,2,2,4,False,False,110,136,0.309794989,136.0,none
20210604,3,3,4,False,False,107,86,0.201877934,86.0,none
20210604,4,4,4,False,False,109,337,0.774712644,337.0,none
20210604,5,5,4,False,False,90,14,0.038781163,14.0,none
20210604,6,6,4,False,False,109,126,0.289655172,126.0,none
20210604,7,7,4,False,False,128,749,1.460038986,749.0,none
20210604,8,8,4,False,False,156,655,1.048,655.0,none
20210604,9,9,4,False,False,160,1270,1.981279251,1270.0,none
20210604,10,10,4,False,False,157,1286,2.054313099,1286.0,none
20210604,11,11,4,False,False,149,809,1.359663866,809.0,none
20210604,12,12,4,False,False,89,84,0.235294118,84.0,none
20210604,13,13,4,False,False,155,616,0.99194847,616.0,none
20210604,14,14,4,False,False,152,5176,8.513157895,5176.0,none
20210604,15,15,4,False,False,140,739,1.319642857,739.0,none
20210604,16,16,4,False,False,142,1164,2.056537102,1164.0,none
20210604,17,17,4,False,False,122,306,0.625766871,306.0,none
20210604,18,18,4,False,False,139,638,1.145421903,638.0,none
20210604,19,19,4,False,False,113,1622,3.596452328,1622.0,none
20210604,20,20,4,False,False,101,94,0.23325062,94.0,none
20210604,21,21,4,False,False,108,52,0.120092379,52.0,none
20210604,22,22,4,False,False,107,200,0.468384075,200.0,none
20210604,23,23,4,False,True,97,0,0.0,112.5,interp
20210605,0,0,5,False,False,63,25,0.098814229,25.0,none
20210605,1,1,5,False,False,105,84,0.200956938,84.0,none
20210605,2,2,5,False,False,104,84,0.202409639,84.0,none
20210605,3,3,5,False,False,105,555,1.318289786,555.0,none
20210605,4,4,5,False,False,107,40,0.093676815,40.0,none
20210605,5,5,5,False,False,92,4,0.010840108,4.0,none
20210605,6,6,5,False,False,107,20,0.046948357,20.0,none
20210605,7,7,5,False,False,61,509,2.086065574,509.0,none
20210605,8,8,5,False,False,24,0,0.0,0.0,none
20210605,9,9,5,False,False,22,0,0.0,0.0,none
20210605,10,10,5,False,False,22,0,0.0,0.0,none
20210605,11,11,5,False,False,25,0,0.0,0.0,none
20210605,12,12,5,False,False,22,0,0.0,0.0,none
20210605,13,13,5,False,False,22,0,0.0,0.0,none
20210605,14,14,5,False,False,23,0,0.0,0.0,none
20210605,15,15,5,False,False,25,0,0.0,0.0,none
20210605,16,16,5,False,False,23,0,0.0,0.0,none
20210605,17,17,5,False,False,22,0,0.0,0.0,none
20210605,18,18,5,False,False,25,0,0.0,0.0,none
20210605,19,19,5,False,False,22,0,0.0,0.0,none
20210605,20,20,5,False,False,22,0,0.0,0.0,none
20210605,21,21,5,False,False,24,0,0.0,0.0,none
20210605,22,22,5,False,False,23,0,0.0,0.0,none
20210605,23,23,5,False,False,22,0,0.0,0.0,none
20210606,0,0,6,False,False,22,0,0.0,0.0,none
20210606,1,1,6,False,False,25,0,0.0,0.0,none
20210606,2,2,6,False,False,22,0,0.0,0.0,none
20210606,3,3,6,False,False,22,0,0.0,0.0,none
20210606,4,4,6,False,False,24,0,0.0,0.0,none
20210606,5,5,6,False,False,22,0,0.0,0.0,none
20210606,6,6,6,False,False,22,0,0.0,0.0,none
20210606,7,7,6,False,False,24,0,0.0,0.0,none
20210606,8,8,6,False,False,22,0,0.0,0.0,none
20210606,9,9,6,False,False,23,0,0.0,0.0,none
20210606,10,10,6,False,False,23,0,0.0,0.0,none
20210606,11,11,6,False,False,24,0,0.0,0.0,none
20210606,12,12,6,False,False,22,0,0.0,0.0,none
20210606,13,13,6,False,False,22,0,0.0,0.0,none
20210606,14,14,6,False,False,24,0,0.0,0.0,none
20210606,15,15,6,False,False,22,0,0.0,0.0,none
20210606,16,16,6,False,False,23,0,0.0,0.0,none
20210606,17,17,6,False,False,23,0,0.0,0.0,none
20210606,18,18,6,False,False,23,0,0.0,0.0,none
20210606,19,19,6,False,False,22,0,0.0,0.0,none
20210606,20,20,6,False,False,22,0,0.0,0.0,none
20210606,21,21,6,False,False,25,0,0.0,0.0,none
20210606,22,22,6,False,False,23,0,0.0,0.0,none
20210606,23,23,6,False,False,23,0,0.0,0.0,none
20210607,0,0,0,False,False,23,0,0.0,0.0,none
20210607,1,1,0,False,False,23,0,0.0,0.0,none
20210607,2,2,0,False,False,22,0,0.0,0.0,none
20210607,3,3,0,False,False,22,0,0.0,0.0,none
20210607,4,4,0,False,False,24,0,0.0,0.0,none
20210607,5,5,0,False,False,22,0,0.0,0.0,none
20210607,6,6,0,False,False,22,0,0.0,0.0,none
20210607,7,7,0,False,True,56,0,0.0,25.5,dow_median
20210607,8,8,0,False,False,171,876,1.280701754,876.0,none
20210607,9,9,0,False,False,166,490,0.737951807,490.0,none
20210607,10,10,0,False,False,161,1661,2.583203733,1661.0,none
20210607,11,11,0,False,False,168,2549,3.787518574,2549.0,none
20210607,12,12,0,False,False,115,100,0.217391304,100.0,none
20210607,13,13,0,False,False,175,1242,1.776824034,1242.0,none
20210607,14,14,0,False,False,175,1430,2.048710602,1430.0,none
20210607,15,15,0,False,False,163,3211,4.94,3211.0,none
20210607,16,16,0,False,False,165,826,1.249621785,826.0,none
20210607,17,17,0,False,False,136,98,0.180478821,98.0,none
20210607,18,18,0,False,False,152,2299,3.775041051,2299.0,none
20210607,19,19,0,False,False,130,1625,3.137065637,1625.0,none
20210607,20,20,0,False,False,108,36,0.083140878,36.0,none
20210607,21,21,0,False,False,111,93,0.209459459,93.0,none
20210607,22,22,0,False,False,95,87,0.229551451,87.0,none
20210607,23,23,0,False,False,98,1,0.002544529,1.0,none
20210608,0,0,1,False,False,63,400,1.587301587,400.0,none
20210608,1,1,1,False,False,99,41,0.103535354,41.0,none
20210608,2,2,1,False,False,103,79,0.192214112,79.0,none
20210608,3,3,1,False,False,100,66,0.165829146,66.0,none
20210608,4,4,1,False,False,105,461,1.097619048,461.0,none
20210608,5,5,1,False,False,87,166,0.475644699,166.0,none
20210608,6,6,1,False,False,98,231,0.592307692,231.0,none
20210608,7,7,1,False,False,93,826,2.214477212,826.0,none
20210608,8,8,1,False,False,154,1348,2.188311688,1348.0,none
20210608,9,9,1,False,False,160,2186,3.410296412,2186.0,none
20210608,10,10,1,False,False,142,582,1.024647887,582.0,none
20210608,11,11,1,False,False,164,1904,2.898021309,1904.0,none
20210608,12,12,1,False,False,103,154,0.374695864,154.0,none
20210608,13,13,1,False,False,165,938,1.423368741,938.0,none
20210608,14,14,1,False,False,166,1321,1.992458522,1321.0,none
20210608,15,15,1,False,False,161,1058,1.640310078,1058.0,none
20210608,16,16,1,False,False,158,1570,2.484177215,1570.0,none
20210608,17,17,1,False,False,136,485,0.889908257,485.0,none
20210608,18,18,1,False,False,154,1743,2.834146341,1743.0,none
20210608,19,19,1,False,False,142,915,1.613756614,915.0,none
20210608,20,20,1,False,False,129,103,0.2,103.0,none
20210608,21,21,1,False,False,121,10,0.020618557,10.0,none
20210608,22,22,1,False,False,107,430,1.004672897,430.0,none
20210608,23,23,1,False,False,101,140,0.345679012,140.0,none
20210609,0,0,2,False,False,68,4,0.014760148,4.0,none
20210609,1,1,2,False,False,99,21,0.053164557,21.0,none
20210609,2,2,2,False,False,104,600,1.445783133,600.0,none
20210609,3,3,2,False,False,103,54,0.130750605,54.0,none
20210609,4,4,2,False,False,100,50,0.125628141,50.0,none
20210609,5,5,2,False,True,85,0,0.0,148.0,interp
20210609,6,6,2,False,False,103,246,0.595641646,246.0,none
20210609,7,7,2,False,False,128,746,1.462745098,746.0,none
20210609,8,8,2,False,False,169,648,0.96,648.0,none
20210609,9,9,2,False,False,172,1219,1.769230769,1219.0,none
20210609,10,10,2,False,False,166,5042,7.581954887,5042.0,none
20210609,11,11,2,False,False,172,777,1.132653061,777.0,none
20210609,12,12,2,False,True,110,0,0.0,1116.0,interp
20210609,13,13,2,False,False,169,1455,2.149187592,1455.0,none
20210609,14,14,2,False,False,165,567,0.857791225,567.0,none
20210609,15,15,2,False,False,158,733,1.161648177,733.0,none
20210609,16,16,2,False,False,151,1098,1.820895522,1098.0,none
20210609,17,17,2,False,False,129,705,1.363636364,705.0,none
20210609,18,18,2,False,False,155,181,0.292880259,181.0,none
20210609,19,19,2,False,False,132,2022,3.844106464,2022.0,none
20210609,20,20,2,False,False,109,44,0.100686499,44.0,none
20210609,21,21,2,False,False,105,104,0.247619048,104.0,none
20210609,22,22,2,False,False,101,219,0.542079208,219.0,none
20210609,23,23,2,False,False,95,135,0.357142857,135.0,none
20210610,0,0,3,False,True,65,0,0.0,112.0,interp
20210610,1,1,3,False,True,103,0,0.0,89.0,interp
20210610,2,2,3,False,True,104,0,0.0,66.0,interp
20210610,3,3,3,False,False,99,43,0.108312343,43.0,none
20210610,4,4,3,False,False,106,133,0.313679245,133.0,none
20210610,5,5,3,False,False,91,61,0.167582418,61.0,none
20210610,6,6,3,False,False,104,80,0.192771084,80.0,none
20210610,7,7,3,False,False,119,738,1.556962025,738.0,none
20210610,8,8,3,False,False,155,493,0.79516129,493.0,none
20210610,9,9,3,False,False,166,32,0.048192771,32.0,none
20210610,10,10,3,False,False,164,2032,3.102290076,2032.0,none
20210610,11,11,3,False,False,161,829,1.289269051,829.0,none
20210610,12,12,3,False,False,111,1000,2.252252252,1000.0,none
20210610,13,13,3,False,False,153,1013,1.660655738,1013.0,none
20210610,14,14,3,False,False,162,481,0.741140216,481.0,none
20210610,15,15,3,False,False,152,364,0.597701149,364.0,none
20210610,16,16,3,False,False,153,2990,4.901639344,2990.0,none
20210610,17,17,3,False,False,130,669,1.289017341,669.0,none
20210610,18,18,3,False,False,122,529,1.081799591,529.0,none
20210610,19,19,3,False,False,123,1095,2.221095335,1095.0,none
20210610,20,20,3,False,False,133,31,0.058161351,31.0,none
20210610,21,21,3,False,False,129,300,0.581395349,300.0,none
20210610,22,22,3,False,False,118,201,0.427659574,201.0,none
20210610,23,23,3,False,False,105,153,0.365155131,153.0,none
20210611,0,0,4,False,False,70,52,0.186379928,52.0,none
20210611,1,1,4,False,False,107,176,0.411214953,176.0,none
20210611,2,2,4,False,False,104,180,0.431654676,180.0,none
20210611,3,3,4,False,False,101,20,0.04950495,20.0,none
20210611,4,4,4,False,True,111,0,0.0,258.0,interp
20210611,5,5,4,False,False,90,496,1.381615599,496.0,none
20210611,6,6,4,False,False,105,110,0.26128266,110.0,none
20210611,7,7,4,False,False,133,1170,2.19924812,1170.0,none
20210611,8,8,4,False,False,168,497,0.741791045,497.0,none
20210611,9,9,4,False,False,168,569,0.84672619,569.0,none
20210611,10,10,4,False,False,156,921,1.475961538,921.0,none
20210611,11,11,4,False,False,168,3102,4.62295082,3102.0,none
20210611,12,12,4,False,False,104,436,1.048076923,436.0,none
20210611,13,13,4,False,False,154,1017,1.656351792,1017.0,none
20210611,14,14,4,False,False,159,829,1.307570978,829.0,none
20210611,15,15,4,False,False,150,972,1.62541806,972.0,none
20210611,16,16,4,False,False,157,1834,2.925039872,1834.0,none
20210611,17,17,4,False,False,136,1114,2.051565378,1114.0,none
20210611,18,18,4,False,False,145,986,1.702936097,986.0,none
20210611,19,19,4,False,False,136,1237,2.273897059,1237.0,none
20210611,20,20,4,False,False,121,237,0.49068323,237.0,none
20210611,21,21,4,False,False,109,108,0.247139588,108.0,none
20210611,22,22,4,False,False,104,42,0.100961538,42.0,none
20210611,23,23,4,False,False,100,16,0.040100251,16.0,none
20210612,0,0,5,False,True,66,0,0.0,46.5,interp
20210612,1,1,5,False,False,106,77,0.181603774,77.0,none
20210612,2,2,5,False,False,104,1424,3.423076923,1424.0,none
20210612,3,3,5,False,False,107,98,0.230046948,98.0,none
20210612,4,4,5,False,False,109,56,0.128735632,56.0,none
20210612,5,5,5,False,False,90,44,0.122222222,44.0,none
20210612,6,6,5,False,False,102,658,1.608801956,658.0,none
20210612,7,7,5,False,False,71,65,0.230496454,65.0,none
20210612,8,8,5,False,False,23,0,0.0,0.0,none
20210612,9,9,5,False,False,25,0,0.0,0.0,none
20210612,10,10,5,False,False,26,0,0.0,0.0,none
20210612,11,11,5,False,False,26,0,0.0,0.0,none
20210612,12,12,5,False,False,25,0,0.0,0.0,none
20210612,13,13,5,False,False,23,0,0.0,0.0,none
20210612,14,14,5,False,False,22,0,0.0,0.0,none
20210612,15,15,5,False,False,23,0,0.0,0.0,none
20210612,16,16,5,False,False,25,0,0.0,0.0,none
20210612,17,17,5,False,False,23,0,0.0,0.0,none
20210612,18,18,5,False,False,22,0,0.0,0.0,none
20210612,19,19,5,False,False,25,0,0.0,0.0,none
20210612,20,20,5,False,False,23,0,0.0,0.0,none
20210612,21,21,5,False,False,23,0,0.0,0.0,none
20210612,22,22,5,False,False,23,0,0.0,0.0,none
20210612,23,23,5,False,False,24,0,0.0,0.0,none
20210613,0,0,6,False,False,23,0,0.0,0.0,none
20210613,1,1,6,False,False,22,0,0.0,0.0,none
20210613,2,2,6,False,False,25,0,0.0,0.0,none
20210613,3,3,6,False,False,22,0,0.0,0.0,none
20210613,4,4,6,False,False,23,0,0.0,0.0,none
20210613,5,5,6,False,False,22,0,0.0,0.0,none
20210613,6,6,6,False,False,24,0,0.0,0.0,none
20210613,7,7,6,False,False,22,0,0.0,0.0,none
20210613,8,8,6,False,False,22,0,0.0,0.0,none
20210613,9,9,6,False,False,24,0,0.0,0.0,none
20210613,10,10,6,False,False,22,0,0.0,0.0,none
20210613,11,11,6,False,False,22,0,0.0,0.0,none
20210613,12,12,6,False,False,24,0,0.0,0.0,none
20210613,13,13,6,False,False,23,0,0.0,0.0,none
20210613,14,14,6,False,False,22,0,0.0,0.0,none
20210613,15,15,6,False,False,22,0,0.0,0.0,none
20210613,16,16,6,False,False,25,0,0.0,0.0,none
20210613,17,17,6,False,False,22,0,0.0,0.0,none
20210613,18,18,6,False,False,22,0,0.0,0.0,none
20210613,19,19,6,False,False,24,0,0.0,0.0,none
20210613,20,20,6,False,False,22,0,0.0,0.0,none
20210613,21,21,6,False,False,23,0,0.0,0.0,none
20210613,22,22,6,False,False,23,0,0.0,0.0,none
20210613,23,23,6,False,False,24,0,0.0,0.0,none
20210614,0,0,0,False,False,22,0,0.0,0.0,none
20210614,1,1,0,False,False,22,0,0.0,0.0,none
20210614,2,2,0,False,False,24,0,0.0,0.0,none
20210614,3,3,0,False,False,22,0,0.0,0.0,none
20210614,4,4,0,False,False,23,0,0.0,0.0,none
20210614,5,5,0,False,False,24,0,0.0,0.0,none
20210614,6,6,0,False,False,23,0,0.0,0.0,none
20210614,7,7,0,False,True,62,0,0.0,25.5,dow_median
20210614,8,8,0,False,False,183,218,0.298630137,218.0,none
20210614,9,9,0,False,False,178,701,0.983169705,701.0,none
20210614,10,10,0,False,False,171,434,0.634502924,434.0,none
20210614,11,11,0,False,False,181,1351,1.863448276,1351.0,none
20210614,12,12,0,False,True,119,0,0.0,2095.0,interp
20210614,13,13,0,False,False,186,2839,3.826145553,2839.0,none
20210614,14,14,0,False,False,177,984,1.391796322,984.0,none
20210614,15,15,0,False,False,178,960,1.35021097,960.0,none
20210614,16,16,0,False,False,171,744,1.086131387,744.0,none
20210614,17,17,0,False,False,146,1417,2.422222222,1417.0,none
20210614,18,18,0,False,False,173,829,1.199710564,829.0,none
20210614,19,19,0,False,False,150,2256,3.75374376,2256.0,none
20210614,20,20,0,False,False,119,2,0.004192872,2.0,none
20210614,21,21,0,False,False,123,380,0.772357724,380.0,none
20210614,22,22,0,False,True,112,0,0.0,199.0,interp
20210614,23,23,0,False,False,107,18,0.042154567,18.0,none
20210615,0,0,1,False,False,76,468,1.539473684,468.0,none
20210615,1,1,1,False,True,110,0,0.0,289.0,interp
20210615,2,2,1,False,False,117,110,0.234541578,110.0,none
20210615,3,3,1,False,False,116,69,0.149028078,69.0,none
20210615,4,4,1,False,False,110,69,0.157175399,69.0,none
20210615,5,5,1,False,True,97,0,0.0,98.5,interp
20210615,6,6,1,False,False,118,128,0.270613108,128.0,none
20210615,7,7,1,False,False,132,1228,2.321361059,1228.0,none
20210615,8,8,1,False,False,188,2120,2.822902796,2120.0,none
20210615,9,9,1,False,False,186,1455,1.958277254,1455.0,none
20210615,10,10,1,False,False,164,1189,1.809741248,1189.0,none
20210615,11,11,1,False,False,173,1370,1.976911977,1370.0,none
20210615,12,12,1,False,False,112,274,0.612975391,274.0,none
20210615,13,13,1,False,False,171,2845,4.153284672,2845.0,none
20210615,14,14,1,False,False,177,923,1.303672316,923.0,none
20210615,15,15,1,False,False,163,994,1.524539877,994.0,none
20210615,16,16,1,False,False,170,3214,4.733431517,3214.0,none
20210615,17,17,1,False,False,134,602,1.127340824,602.0,none
20210615,18,18,1,False,False,161,2017,3.127131783,2017.0,none
20210615,19,19,1,False,False,156,1905,3.062700965,1905.0,none
20210615,20,20,1,False,False,128,1,0.001956947,1.0,none
20210615,21,21,1,False,False,127,338,0.665354331,338.0,none
20210615,22,22,1,False,False,115,24,0.052401747,24.0,none
20210615,23,23,1,False,False,108,191,0.443155452,191.0,none
20210616,0,0,2,False,False,73,550,1.883561644,550.0,none
20210616,1,1,2,False,False,111,22,0.04954955,22.0,none
20210616,2,2,2,False,False,114,175,0.38377193,175.0,none
20210616,3,3,2,False,False,112,453,1.015695067,453.0,none
20210616,4,4,2,False,False,112,85,0.189732143,85.0,none
20210616,5,5,2,False,False,92,226,0.615803815,226.0,none
20210616,6,6,2,False,False,115,194,0.422657952,194.0,none
20210616,7,7,2,False,False,130,682,1.309021113,682.0,none
20210616,8,8,2,False,False,177,1140,1.610169492,1140.0,none
20210616,9,9,2,False,False,180,1405,1.956824513,1405.0,none
20210616,10,10,2,False,False,178,873,1.226123596,873.0,none
20210616,11,11,2,False,False,176,376,0.53485064,376.0,none
20210616,12,12,2,False,False,109,776,1.783908046,776.0,none
20210616,13,13,2,False,False,169,908,1.343195266,908.0,none
20210616,14,14,2,False,False,171,2028,2.973607038,2028.0,none
20210616,15,15,2,False,False,163,1068,1.63803681,1068.0,none
20210616,16,16,2,False,False,168,1631,2.423476969,1631.0,none
20210616,17,17,2,False,False,154,69,0.112195122,69.0,none
20210616,18,18,2,False,False,168,914,1.362146051,914.0,none
20210616,19,19,2,False,False,139,2889,5.196043165,2889.0,none
20210616,20,20,2,False,False,114,289,0.635164835,289.0,none
20210616,21,21,2,False,False,118,31,0.065957447,31.0,none
20210616,22,22,2,False,False,103,201,0.490243902,201.0,none
20210616,23,23,2,False,True,106,0,0.0,143.66666666666666,interp
20210617,0,0,3,False,True,72,0,0.0,86.33333333333333,interp
20210617,1,1,3,False,False,107,29,0.068075117,29.0,none
20210617,2,2,3,False,False,112,141,0.31403118,141.0,none
20210617,3,3,3,False,False,116,36,0.077419355,36.0,none
20210617,4,4,3,False,False,113,160,0.355555556,160.0,none
20210617,5,5,3,False,False,97,16,0.041131105,16.0,none
20210617,6,6,3,False,False,121,231,0.479253112,231.0,none
20210617,7,7,3,False,False,141,591,1.04787234,591.0,none
20210617,8,8,3,False,False,190,1191,1.565045992,1191.0,none
20210617,9,9,3,False,False,180,987,1.370833333,987.0,none
20210617,10,10,3,False,False,166,711,1.070783133,711.0,none
20210617,11,11,3,False,False,183,3403,4.648907104,3403.0,none
20210617,12,12,3,False,False,103,202,0.490291262,202.0,none
20210617,13,13,3,False,False,183,1735,2.373461012,1735.0,none
20210617,14,14,3,False,False,179,802,1.121678322,802.0,none
20210617,15,15,3,False,False,170,1135,1.671575847,1135.0,none
20210617,16,16,3,False,False,169,358,0.53115727,358.0,none
20210617,17,17,3,False,False,138,991,1.795289855,991.0,none
20210617,18,18,3,False,False,170,1558,2.287812041,1558.0,none
20210617,19,19,3,False,False,159,2358,3.70754717,2358.0,none
20210617,20,20,3,False,False,139,6,0.010830325,6.0,none
20210617,21,21,3,False,False,127,2,0.003944773,2.0,none
20210617,22,22,3,False,False,125,28,0.056,28.0,none
20210617,23,23,3,False,False,111,10,0.022522523,10.0,none
20210618,0,0,4,False,False,80,200,0.625,200.0,none
20210618,1,1,4,False,False,112,191,0.427293065,191.0,none
20210618,2,2,4,False,False,115,98,0.213043478,98.0,none
20210618,3,3,4,False,False,114,185,0.405701754,185.0,none
20210618,4,4,4,False,True,112,0,0.0,276.6666666666667,interp
20210618,5,5,4,False,True,102,0,0.0,368.33333333333337,interp
20210618,6,6,4,False,False,121,460,0.954356846,460.0,none
20210618,7,7,4,False,False,133,1086,2.041353383,1086.0,none
20210618,8,8,4,False,False,162,470,0.72755418,470.0,none
20210618,9,9,4,False,False,171,680,0.997067449,680.0,none
20210618,10,10,4,False,False,165,771,1.169954476,771.0,none
20210618,11,11,4,False,False,177,982,1.385049365,982.0,none
20210618,12,12,4,False,False,102,235,0.578817734,235.0,none
20210618,13,13,4,False,False,174,2310,3.31420373,2310.0,none
20210618,14,14,4,False,False,164,1500,2.293577982,1500.0,none
20210618,15,15,4,False,False,156,805,1.294212219,805.0,none
20210618,16,16,4,False,False,162,1065,1.646058733,1065.0,none
20210618,17,17,4,False,False,148,527,0.893220339,527.0,none
20210618,18,18,4,False,False,150,766,1.274542429,766.0,none
20210618,19,19,4,False,False,138,3528,6.414545455,3528.0,none
20210618,20,20,4,False,False,117,322,0.686567164,322.0,none
20210618,21,21,4,False,False,114,92,0.202643172,92.0,none
20210618,22,22,4,False,False,114,33,0.072368421,33.0,none
20210618,23,23,4,False,False,106,70,0.164705882,70.0,none
20210619,0,0,5,False,False,67,104,0.389513109,104.0,none
20210619,1,1,5,False,False,110,102,0.231292517,102.0,none
20210619,2,2,5,False,False,115,6,0.013043478,6.0,none
20210619,3,3,5,False,False,100,50,0.125628141,50.0,none
20210619,4,4,5,False,True,109,0,0.0,26.5,interp
20210619,5,5,5,False,False,88,3,0.008498584,3.0,none
20210619,6,6,5,False,False,103,450,1.094890511,450.0,none
20210619,7,7,5,False,False,57,844,3.68558952,844.0,none
20210619,8,8,5,False,False,23,0,0.0,0.0,none
20210619,9,9,5,False,False,22,0,0.0,0.0,none
20210619,10,10,5,False,False,22,0,0.0,0.0,none
20210619,11,11,5,False,False,24,0,0.0,0.0,none
20210619,12,12,5,False,False,22,0,0.0,0.0,none
20210619,13,13,5,False,False,22,0,0.0,0.0,none
20210619,14,14,5,False,False,25,0,0.0,0.0,none
20210619,15,15,5,False,False,22,0,0.0,0.0,none
20210619,16,16,5,False,False,22,0,0.0,0.0,none
20210619,17,17,5,False,False,23,0,0.0,0.0,none
20210619,18,18,5,False,False,24,0,0.0,0.0,none
20210619,19,19,5,False,False,22,0,0.0,0.0,none
20210619,20,20,5,False,False,22,0,0.0,0.0,none
20210619,21,21,5,False,False,24,0,0.0,0.0,none
20210619,22,22,5,False,False,23,0,0.0,0.0,none
20210619,23,23,5,False,False,22,0,0.0,0.0,none
20210620,0,0,6,False,False,22,0,0.0,0.0,none
20210620,1,1,6,False,False,24,0,0.0,0.0,none
20210620,2,2,6,False,False,22,0,0.0,0.0,none
20210620,3,3,6,False,False,22,0,0.0,0.0,none
20210620,4,4,6,False,False,24,0,0.0,0.0,none
20210620,5,5,6,False,False,23,0,0.0,0.0,none
20210620,6,6,6,False,False,22,0,0.0,0.0,none
20210620,7,7,6,False,False,22,0,0.0,0.0,none
20210620,8,8,6,False,False,24,0,0.0,0.0,none
20210620,9,9,6,False,False,22,0,0.0,0.0,none
20210620,10,10,6,False,False,22,0,0.0,0.0,none
20210620,11,11,6,False,False,24,0,0.0,0.0,none
20210620,12,12,6,False,False,22,0,0.0,0.0,none
20210620,13,13,6,False,False,22,0,0.0,0.0,none
20210620,14,14,6,False,False,23,0,0.0,0.0,none
20210620,15,15,6,False,False,25,0,0.0,0.0,none
20210620,16,16,6,False,False,23,0,0.0,0.0,none
20210620,17,17,6,False,False,23,0,0.0,0.0,none
20210620,18,18,6,False,False,24,0,0.0,0.0,none
20210620,19,19,6,False,False,23,0,0.0,0.0,none
20210620,20,20,6,False,False,22,0,0.0,0.0,none
20210620,21,21,6,False,False,25,0,0.0,0.0,none
20210620,22,22,6,False,False,23,0,0.0,0.0,none
20210620,23,23,6,False,False,23,0,0.0,0.0,none
20210621,0,0,0,False,False,23,0,0.0,0.0,none
20210621,1,1,0,False,False,24,0,0.0,0.0,none
20210621,2,2,0,False,False,22,0,0.0,0.0,none
20210621,3,3,0,False,False,23,0,0.0,0.0,none
20210621,4,4,0,False,False,25,0,0.0,0.0,none
20210621,5,5,0,False,False,22,0,0.0,0.0,none
20210621,6,6,0,False,False,22,0,0.0,0.0,none
20210621,7,7,0,False,True,58,0,0.0,25.5,dow_median
20210621,8,8,0,False,False,190,180,0.237467018,180.0,none
20210621,9,9,0,False,False,189,1350,1.78335535,1350.0,none
20210621,10,10,0,False,False,185,1175,1.587837838,1175.0,none
20210621,11,11,0,False,False,181,2287,3.158839779,2287.0,none
20210621,12,12,0,False,False,115,24,0.052401747,24.0,none
20210621,13,13,0,False,False,190,642,0.846965699,642.0,none
20210621,14,14,0,False,False,189,1038,1.371202114,1038.0,none
20210621,15,15,0,False,False,169,1258,1.866468843,1258.0,none
20210621,16,16,0,False,False,160,955,1.4921875,955.0,none
20210621,17,17,0,False,False,134,1810,3.376865672,1810.0,none
20210621,18,18,0,False,False,156,2438,3.9008,2438.0,none
20210621,19,19,0,False,False,143,2118,3.696335079,2118.0,none
20210621,20,20,0,False,False,127,137,0.270216963,137.0,none
20210621,21,21,0,False,False,127,72,0.142011834,72.0,none
20210621,22,22,0,False,False,114,100,0.219298246,100.0,none
20210621,23,23,0,False,False,112,56,0.124721604,56.0,none
20210622,0,0,1,False,False,71,226,0.792982456,226.0,none
20210622,1,1,1,False,False,108,24,0.055555556,24.0,none
20210622,2,2,1,False,True,113,0,0.0,315.0,interp
20210622,3,3,1,False,False,113,606,1.340707965,606.0,none
20210622,4,4,1,False,False,117,40,0.08583691,40.0,none
20210622,5,5,1,False,False,94,850,2.272727273,850.0,none
20210622,6,6,1,False,False,114,157,0.344298246,157.0,none
20210622,7,7,1,False,False,139,1039,1.875451264,1039.0,none
20210622,8,8,1,False,False,171,433,0.633040936,433.0,none
20210622,9,9,1,False,False,167,4451,6.683183183,4451.0,none
20210622,10,10,1,False,False,172,1033,1.499274311,1033.0,none
20210622,11,11,1,False,False,172,1559,2.262699565,1559.0,none
20210622,12,12,1,False,False,111,351,0.792325056,351.0,none
20210622,13,13,1,False,False,166,628,0.944360902,628.0,none
20210622,14,14,1,False,False,157,1159,1.8514377,1159.0,none
20210622,15,15,1,False,False,156,953,1.5248,953.0,none
20210622,16,16,1,False,False,160,1619,2.533646322,1619.0,none
20210622,17,17,1,False,False,120,276,0.576200418,276.0,none
20210622,18,18,1,False,False,153,907,1.486885246,907.0,none
20210622,19,19,1,False,False,156,2535,4.069020867,2535.0,none
20210622,20,20,1,False,False,133,59,0.111320755,59.0,none
20210622,21,21,1,False,False,126,112,0.22310757,112.0,none
20210622,22,22,1,False,False,114,123,0.27092511,123.0,none
20210622,23,23,1,False,False,113,144,0.317880795,144.0,none
20210623,0,0,2,False,False,69,126,0.456521739,126.0,none
20210623,1,1,2,False,False,103,61,0.148780488,61.0,none
20210623,2,2,2,False,False,120,46,0.09623431,46.0,none
20210623,3,3,2,False,False,103,150,0.36407767,150.0,none
20210623,4,4,2,False,False,112,41,0.091722595,41.0,none
20210623,5,5,2,False,False,95,1006,2.640419948,1006.0,none
20210623,6,6,2,False,False,117,106,0.226980728,106.0,none
20210623,7,7,2,False,False,140,1090,1.942959002,1090.0,none
20210623,8,8,2,False,False,163,898,1.381538462,898.0,none
20210623,9,9,2,False,False,160,1005,1.572769953,1005.0,none
20210623,10,10,2,False,False,148,4520,7.635135135,4520.0,none
20210623,11,11,2,False,False,156,1185,1.902086677,1185.0,none
20210623,12,12,2,False,False,93,16,0.043010753,16.0,none
20210623,13,13,2,False,False,153,854,1.39314845,854.0,none
20210623,14,14,2,False,False,151,1068,1.768211921,1068.0,none
20210623,15,15,2,False,False,150,1057,1.761666667,1057.0,none
20210623,16,16,2,False,False,160,668,1.047021944,668.0,none
20210623,17,17,2,False,False,128,1183,2.310546875,1183.0,none
20210623,18,18,2,False,False,162,1462,2.263157895,1462.0,none
20210623,19,19,2,False,False,137,1696,3.100548446,1696.0,none
20210623,20,20,2,False,False,128,133,0.260784314,133.0,none
20210623,21,21,2,False,False,126,68,0.135188867,68.0,none
20210623,22,22,2,False,False,114,75,0.164473684,75.0,none
20210623,23,23,2,False,False,110,381,0.865909091,381.0,none
20210624,0,0,3,False,False,70,200,0.711743772,200.0,none
20210624,1,1,3,False,False,111,204,0.459459459,204.0,none
20210624,2,2,3,False,False,118,207,0.438559322,207.0,none
20210624,3,3,3,False,False,117,77,0.164882227,77.0,none
20210624,4,4,3,False,False,116,64,0.137634409,64.0,none
20210624,5,5,3,False,False,101,10,0.024752475,10.0,none
20210624,6,6,3,False,False,118,116,0.246284501,116.0,none
20210624,7,7,3,False,False,149,1695,2.83919598,1695.0,none
20210624,8,8,3,False,False,182,429,0.589285714,429.0,none
20210624,9,9,3,False,False,162,902,1.394126739,902.0,none
20210624,10,10,3,False,False,154,2375,3.855519481,2375.0,none
20210624,11,11,3,False,False,164,2152,3.290519878,2152.0,none
20210624,12,12,3,False,False,105,328,0.779097387,328.0,none
20210624,13,13,3,False,False,171,814,1.193548387,814.0,none
20210624,14,14,3,False,False,163,1221,1.869831547,1221.0,none
20210624,15,15,3,False,False,150,2131,3.545757072,2131.0,none
20210624,16,16,3,False,False,162,959,1.477657935,959.0,none
20210624,17,17,3,False,False,135,232,0.430426716,232.0,none
20210624,18,18,3,False,False,150,1270,2.120200334,1270.0,none
20210624,19,19,3,False,False,159,2119,3.326530612,2119.0,none
20210624,20,20,3,False,False,136,31,0.057195572,31.0,none
20210624,21,21,3,False,False,131,21,0.040076336,21.0,none
20210624,22,22,3,False,True,121,0,0.0,53.5,interp
20210624,23,23,3,False,False,115,86,0.187363834,86.0,none
20210625,0,0,4,False,True,71,0,0.0,49.5,interp
20210625,1,1,4,False,False,119,13,0.027310924,13.0,none
20210625,2,2,4,False,False,117,72,0.153846154,72.0,none
20210625,3,3,4,False,False,119,1602,3.358490566,1602.0,none
20210625,4,4,4,False,False,118,72,0.152219873,72.0,none
20210625,5,5,4,False,False,106,2078,4.900943396,2078.0,none
20210625,6,6,4,False,False,114,120,0.262582057,120.0,none
20210625,7,7,4,False,False,135,1336,2.474074074,1336.0,none
20210625,8,8,4,False,False,156,1077,1.728731942,1077.0,none
20210625,9,9,4,False,False,170,620,0.913107511,620.0,none
20210625,10,10,4,False,False,172,1426,2.075691412,1426.0,none
20210625,11,11,4,False,False,180,1382,1.916782247,1382.0,none
20210625,12,12,4,False,False,122,262,0.53798768,262.0,none
20210625,13,13,4,False,False,179,1234,1.721059972,1234.0,none
20210625,14,14,4,False,False,177,705,0.995762712,705.0,none
20210625,15,15,4,False,False,175,414,0.593123209,414.0,none
20210625,16,16,4,False,False,166,790,1.187969925,790.0,none
20210625,17,17,4,False,False,141,758,1.343971631,758.0,none
20210625,18,18,4,False,False,142,1300,2.296819788,1300.0,none
20210625,19,19,4,False,False,110,2139,4.850340136,2139.0,none
20210625,20,20,4,False,False,109,10,0.022988506,10.0,none
20210625,21,21,4,False,False,116,16,0.034408602,16.0,none
20210625,22,22,4,False,False,123,303,0.615853659,303.0,none
20210625,23,23,4,False,False,102,229,0.562653563,229.0,none
20210626,0,0,5,False,True,71,0,0.0,216.5,interp
20210626,1,1,5,False,False,116,204,0.440604752,204.0,none
20210626,2,2,5,False,False,111,875,1.970720721,875.0,none
20210626,3,3,5,False,False,109,62,0.14187643,62.0,none
20210626,4,4,5,False,False,125,205,0.409181637,205.0,none
20210626,5,5,5,False,False,97,130,0.334190231,130.0,none
20210626,6,6,5,False,True,118,0,0.0,1233.5,interp
20210626,7,7,5,False,False,71,2337,8.25795053,2337.0,none
20210626,8,8,5,False,False,23,0,0.0,0.0,none
20210626,9,9,5,False,False,23,0,0.0,0.0,none
20210626,10,10,5,False,False,26,0,0.0,0.0,none
20210626,11,11,5,False,False,24,0,0.0,0.0,none
20210626,12,12,5,False,False,24,0,0.0,0.0,none
20210626,13,13,5,False,False,25,0,0.0,0.0,none
20210626,14,14,5,False,False,24,0,0.0,0.0,none
20210626,15,15,5,False,False,23,0,0.0,0.0,none
20210626,16,16,5,False,False,23,0,0.0,0.0,none
20210626,17,17,5,False,False,26,0,0.0,0.0,none
20210626,18,18,5,False,False,24,0,0.0,0.0,none
20210626,19,19,5,False,False,24,0,0.0,0.0,none
20210626,20,20,5,False,False,25,0,0.0,0.0,none
20210626,21,21,5,False,False,24,0,0.0,0.0,none
20210626,22,22,5,False,False,24,0,0.0,0.0,none
20210626,23,23,5,False,False,26,0,0.0,0.0,none
20210627,0,0,6,False,False,23,0,0.0,0.0,none
20210627,1,1,6,False,False,23,0,0.0,0.0,none
20210627,2,2,6,False,False,24,0,0.0,0.0,none
20210627,3,3,6,False,False,25,0,0.0,0.0,none
20210627,4,4,6,False,False,23,0,0.0,0.0,none
20210627,5,5,6,False,False,23,0,0.0,0.0,none
20210627,6,6,6,False,False,25,0,0.0,0.0,none
20210627,7,7,6,False,False,23,0,0.0,0.0,none
20210627,8,8,6,False,False,24,0,0.0,0.0,none
20210627,9,9,6,False,False,26,0,0.0,0.0,none
20210627,10,10,6,False,False,24,0,0.0,0.0,none
20210627,11,11,6,False,False,24,0,0.0,0.0,none
20210627,12,12,6,False,False,26,0,0.0,0.0,none
20210627,13,13,6,False,False,24,0,0.0,0.0,none
20210627,14,14,6,False,False,24,0,0.0,0.0,none
20210627,15,15,6,False,False,26,0,0.0,0.0,none
20210627,16,16,6,False,False,24,0,0.0,0.0,none
20210627,17,17,6,False,False,24,0,0.0,0.0,none
20210627,18,18,6,False,False,26,0,0.0,0.0,none
20210627,19,19,6,False,False,24,0,0.0,0.0,none
20210627,20,20,6,False,False,24,0,0.0,0.0,none
20210627,21,21,6,False,False,24,0,0.0,0.0,none
20210627,22,22,6,False,False,26,0,0.0,0.0,none
20210627,23,23,6,False,False,24,0,0.0,0.0,none
20210628,0,0,0,False,False,24,0,0.0,0.0,none
20210628,1,1,0,False,False,26,0,0.0,0.0,none
20210628,2,2,0,False,False,24,0,0.0,0.0,none
20210628,3,3,0,False,False,24,0,0.0,0.0,none
20210628,4,4,0,False,False,26,0,0.0,0.0,none
20210628,5,5,0,False,False,24,0,0.0,0.0,none
20210628,6,6,0,False,False,23,0,0.0,0.0,none
20210628,7,7,0,False,True,57,0,0.0,25.5,dow_median
20210628,8,8,0,False,False,175,277,0.396280401,277.0,none
20210628,9,9,0,False,False,178,767,1.075736325,767.0,none
20210628,10,10,0,False,False,167,1376,2.056801196,1376.0,none
20210628,11,11,0,False,False,183,2873,3.930232558,2873.0,none
20210628,12,12,0,False,False,121,452,0.931958763,452.0,none
20210628,13,13,0,False,False,185,1350,1.824324324,1350.0,none
20210628,14,14,0,False,False,180,1903,2.639389736,1903.0,none
20210628,15,15,0,False,False,182,372,0.512396694,372.0,none
20210628,16,16,0,False,False,168,2416,3.600596125,2416.0,none
20210628,17,17,0,False,False,150,1626,2.71,1626.0,none
20210628,18,18,0,False,False,177,2365,3.345120226,2365.0,none
20210628,19,19,0,False,False,153,1463,2.394435352,1463.0,none
20210628,20,20,0,False,True,112,0,0.0,861.0,interp
20210628,21,21,0,False,False,118,259,0.549893843,259.0,none
20210628,22,22,0,False,False,109,135,0.309633028,135.0,none
20210628,23,23,0,False,False,107,173,0.403263403,173.0,none
20210629,0,0,1,False,True,66,0,0.0,132.0,interp
20210629,1,1,1,False,False,104,91,0.21822542,91.0,none
20210629,2,2,1,False,False,113,41,0.091111111,41.0,none
20210629,3,3,1,False,False,104,2,0.004830918,2.0,none
20210629,4,4,1,False,False,110,516,1.175398633,516.0,none
20210629,5,5,1,False,False,90,106,0.294444444,106.0,none
20210629,6,6,1,False,False,113,18,0.039823009,18.0,none
20210629,7,7,1,False,False,137,1052,1.92321755,1052.0,none
20210629,8,8,1,False,False,202,893,1.10519802,893.0,none
20210629,9,9,1,False,False,179,1026,1.430962343,1026.0,none
20210629,10,10,1,False,False,163,1301,1.998463902,1301.0,none
20210629,11,11,1,False,False,193,1340,1.733505821,1340.0,none
20210629,12,12,1,False,False,118,530,1.125265393,530.0,none
20210629,13,13,1,False,False,187,1288,1.726541555,1288.0,none
20210629,14,14,1,False,False,177,6234,8.792665726,6234.0,none
20210629,15,15,1,False,False,163,695,1.06431853,695.0,none
20210629,16,16,1,False,False,164,1124,1.716030534,1124.0,none
20210629,17,17,1,False,False,128,60,0.117647059,60.0,none
20210629,18,18,1,False,False,166,773,1.167673716,773.0,none
20210629,19,19,1,False,False,160,3860,6.021840874,3860.0,none
20210629,20,20,1,False,False,135,164,0.304832714,164.0,none
20210629,21,21,1,False,False,124,3,0.006060606,3.0,none
20210629,22,22,1,False,False,113,37,0.082222222,37.0,none
20210629,23,23,1,False,False,104,42,0.101449275,42.0,none
20210630,0,0,2,False,True,67,0,0.0,416.5,interp
20210630,1,1,2,False,False,104,791,1.901442308,791.0,none
20210630,2,2,2,False,False,110,162,0.369020501,162.0,none
20210630,3,3,2,False,False,112,83,0.185267857,83.0,none
20210630,4,4,2,False,False,109,109,0.25,109.0,none
20210630,5,5,2,False,False,98,52,0.132315522,52.0,none
20210630,6,6,2,False,True,114,0,0.0,749.0,interp
20210630,7,7,2,False,False,132,1446,2.74904943,1446.0,none
20210630,8,8,2,False,False,180,808,1.123783032,808.0,none
20210630,9,9,2,False,False,179,1437,2.00979021,1437.0,none
20210630,10,10,2,False,False,159,635,1.001577287,635.0,none
20210630,11,11,2,False,False,144,1840,3.194444444,1840.0,none
20210630,12,12,2,False,False,108,203,0.47099768,203.0,none
20210630,13,13,2,False,False,167,750,1.126126126,750.0,none
20210630,14,14,2,False,False,166,1621,2.44494721,1621.0,none
20210630,15,15,2,False,False,164,1370,2.094801223,1370.0,none
20210630,16,16,2,False,False,161,774,1.205607477,774.0,none
20210630,17,17,2,False,False,156,3212,5.1392,3212.0,none
20210630,18,18,2,False,False,160,1356,2.12539185,1356.0,none
20210630,19,19,2,False,False,141,1526,2.700884956,1526.0,none
20210630,20,20,2,False,False,109,227,0.520642202,227.0,none
20210630,21,21,2,False,False,113,96,0.21286031,96.0,none
20210630,22,22,2,False,False,106,77,0.182033097,77.0,none
20210630,23,23,2,False,True,104,0,0.0,76.5,interp
20210701,0,0,3,False,False,68,76,0.279411765,76.0,none
20210701,1,1,3,False,False,104,44,0.106024096,44.0,none
20210701,2,2,3,False,False,113,240,0.530973451,240.0,none
20210701,3,3,3,False,False,107,402,0.941451991,402.0,none
20210701,4,4,3,False,False,104,185,0.446859903,185.0,none
20210701,5,5,3,False,False,93,174,0.467741935,174.0,none
20210701,6,6,3,False,False,110,23,0.052154195,23.0,none
20210701,7,7,3,False,False,129,752,1.457364341,752.0,none
20210701,8,8,3,False,False,182,676,0.929848693,676.0,none
20210701,9,9,3,False,False,178,1028,1.443820225,1028.0,none
20210701,10,10,3,False,False,172,2373,3.459183673,2373.0,none
20210701,11,11,3,False,False,188,992,1.319148936,992.0,none
20210701,12,12,3,False,False,111,340,0.764044944,340.0,none
20210701,13,13,3,False,False,190,474,0.624505929,474.0,none
20210701,14,14,3,False,False,187,3036,4.069705094,3036.0,none
20210701,15,15,3,False,False,164,354,0.540458015,354.0,none
20210701,16,16,3,False,False,170,1794,2.642120766,1794.0,none
20210701,17,17,3,False,False,135,1125,2.091078067,1125.0,none
20210701,18,18,3,False,False,157,1767,2.818181818,1767.0,none
20210701,19,19,3,False,False,163,2064,3.160796325,2064.0,none
20210701,20,20,3,False,False,142,6,0.010582011,6.0,none
20210701,21,21,3,False,False,140,66,0.11827957,66.0,none
20210701,22,22,3,False,False,119,244,0.511530398,244.0,none
20210701,23,23,3,False,False,108,118,0.272517321,118.0,none
20210702,0,0,4,False,True,68,0,0.0,213.5,interp
20210702,1,1,4,False,False,106,309,0.727058824,309.0,none
20210702,2,2,4,False,False,116,15,0.032327586,15.0,none
20210702,3,3,4,False,False,108,101,0.233796296,101.0,none
20210702,4,4,4,False,False,106,382,0.898823529,382.0,none
20210702,5,5,4,False,False,96,698,1.812987013,698.0,none
20210702,6,6,4,False,False,112,36,0.080536913,36.0,none
20210702,7,7,4,False,False,133,938,1.769811321,938.0,none
20210702,8,8,4,False,False,161,813,1.26242236,813.0,none
20210702,9,9,4,False,False,175,852,1.21888412,852.0,none
20210702,10,10,4,False,False,164,512,0.780487805,512.0,none
20210702,11,11,4,False,False,179,1301,1.822128852,1301.0,none
20210702,12,12,4,False,True,108,0,0.0,1338.5,interp
20210702,13,13,4,False,False,170,1376,2.029498525,1376.0,none
20210702,14,14,4,False,False,175,855,1.221428571,855.0,none
20210702,15,15,4,False,False,143,5516,9.626527051,5516.0,none
20210702,16,16,4,False,False,158,1544,2.439178515,1544.0,none
20210702,17,17,4,False,False,147,795,1.349745331,795.0,none
20210702,18,18,4,False,False,160,972,1.521126761,972.0,none
20210702,19,19,4,False,False,136,2548,4.701107011,2548.0,none
20210702,20,20,4,False,False,122,21,0.04312115,21.0,none
20210702,21,21,4,False,False,114,70,0.153846154,70.0,none
20210702,22,22,4,False,False,111,119,0.268623025,119.0,none
20210702,23,23,4,False,False,93,76,0.203753351,76.0,none
20210703,0,0,5,False,False,67,154,0.574626866,154.0,none
20210703,1,1,5,False,False,104,270,0.652173913,270.0,none
20210703,2,2,5,False,True,106,0,0.0,182.0,interp
20210703,3,3,5,False,False,103,94,0.229268293,94.0,none
20210703,4,4,5,False,False,104,36,0.086330935,36.0,none
20210703,5,5,5,False,False,89,39,0.110169492,39.0,none
20210703,6,6,5,False,True,98,0,0.0,590.5,interp
20210703,7,7,5,False,False,53,1142,5.438095238,1142.0,none
20210703,8,8,5,False,False,22,0,0.0,0.0,none
20210703,9,9,5,False,False,25,0,0.0,0.0,none
20210703,10,10,5,False,False,23,0,0.0,0.0,none
20210703,11,11,5,False,False,23,0,0.0,0.0,none
20210703,12,12,5,False,False,24,0,0.0,0.0,none
20210703,13,13,5,False,False,22,0,0.0,0.0,none
20210703,14,14,5,False,False,22,0,0.0,0.0,none
20210703,15,15,5,False,False,23,0,0.0,0.0,none
20210703,16,16,5,False,False,23,0,0.0,0.0,none
20210703,17,17,5,False,False,22,0,0.0,0.0,none
20210703,18,18,5,False,False,22,0,0.0,0.0,none
20210703,19,19,5,False,False,24,0,0.0,0.0,none
20210703,20,20,5,False,False,22,0,0.0,0.0,none
20210703,21,21,5,False,False,23,0,0.0,0.0,none
20210703,22,22,5,False,False,24,0,0.0,0.0,none
20210703,23,23,5,False,False,22,0,0.0,0.0,none
20210704,0,0,6,False,False,22,0,0.0,0.0,none
20210704,1,1,6,False,False,25,0,0.0,0.0,none
20210704,2,2,6,False,False,23,0,0.0,0.0,none
20210704,3,3,6,False,False,23,0,0.0,0.0,none
20210704,4,4,6,False,False,23,0,0.0,0.0,none
20210704,5,5,6,False,False,24,0,0.0,0.0,none
20210704,6,6,6,False,False,22,0,0.0,0.0,none
20210704,7,7,6,False,False,22,0,0.0,0.0,none
20210704,8,8,6,False,False,24,0,0.0,0.0,none
20210704,9,9,6,False,False,22,0,0.0,0.0,none
20210704,10,10,6,False,False,23,0,0.0,0.0,none
20210704,11,11,6,False,False,26,0,0.0,0.0,none
20210704,12,12,6,False,False,23,0,0.0,0.0,none
20210704,13,13,6,False,False,23,0,0.0,0.0,none
20210704,14,14,6,False,False,24,0,0.0,0.0,none
20210704,15,15,6,False,False,24,0,0.0,0.0,none
20210704,16,16,6,False,False,24,0,0.0,0.0,none
20210704,17,17,6,False,False,22,0,0.0,0.0,none
20210704,18,18,6,False,False,25,0,0.0,0.0,none
20210704,19,19,6,False,False,23,0,0.0,0.0,none
20210704,20,20,6,False,False,22,0,0.0,0.0,none
20210704,21,21,6,False,False,25,0,0.0,0.0,none
20210704,22,22,6,False,False,23,0,0.0,0.0,none
20210704,23,23,6,False,False,23,0,0.0,0.0,none
20210705,0,0,0,False,False,25,0,0.0,0.0,none
20210705,1,1,0,False,False,23,0,0.0,0.0,none
20210705,2,2,0,False,False,23,0,0.0,0.0,none
20210705,3,3,0,False,False,24,0,0.0,0.0,none
20210705,4,4,0,False,False,24,0,0.0,0.0,none
20210705,5,5,0,False,False,23,0,0.0,0.0,none
20210705,6,6,0,False,False,22,0,0.0,0.0,none
20210705,7,7,0,False,True,63,0,0.0,25.5,dow_median
20210705,8,8,0,False,False,168,982,1.459138187,982.0,none
20210705,9,9,0,False,False,170,2566,3.773529412,2566.0,none
20210705,10,10,0,False,False,173,814,1.176300578,814.0,none
20210705,11,11,0,False,False,172,1097,1.599125364,1097.0,none
20210705,12,12,0,False,False,104,31,0.074519231,31.0,none
20210705,13,13,0,False,False,168,613,0.914925373,613.0,none
20210705,14,14,0,False,False,169,2781,4.12611276,2781.0,none
20210705,15,15,0,False,False,160,711,1.114420063,711.0,none
20210705,16,16,0,False,False,158,2870,4.533965245,2870.0,none
20210705,17,17,0,False,False,129,224,0.434108527,224.0,none
20210705,18,18,0,False,False,158,308,0.488888889,308.0,none
20210705,19,19,0,False,False,139,1932,3.468581688,1932.0,none
20210705,20,20,0,False,False,120,9,0.01875,9.0,none
20210705,21,21,0,False,False,117,356,0.763948498,356.0,none
20210705,22,22,0,False,False,104,89,0.213429257,89.0,none
20210705,23,23,0,False,False,102,332,0.81773399,332.0,none
20210706,0,0,1,False,False,68,50,0.183823529,50.0,none
20210706,1,1,1,False,False,103,434,1.050847458,434.0,none
20210706,2,2,1,False,False,105,246,0.588516746,246.0,none
20210706,3,3,1,False,False,105,236,0.561904762,236.0,none
20210706,4,4,1,False,False,106,262,0.617924528,262.0,none
20210706,5,5,1,False,False,98,2,0.00511509,2.0,none
20210706,6,6,1,False,False,98,70,0.179487179,70.0,none
20210706,7,7,1,False,False,119,2041,4.296842105,2041.0,none
20210706,8,8,1,False,False,180,313,0.435933148,313.0,none
20210706,9,9,1,False,False,180,734,1.020862309,734.0,none
20210706,10,10,1,False,False,168,792,1.176820208,792.0,none
20210706,11,11,1,False,False,176,568,0.805673759,568.0,none
20210706,12,12,1,False,True,110,0,0.0,1397.5,interp
20210706,13,13,1,False,False,159,2227,3.512618297,2227.0,none
20210706,14,14,1,False,False,179,648,0.906293706,648.0,none
20210706,15,15,1,False,False,158,1272,2.009478673,1272.0,none
20210706,16,16,1,False,False,171,985,1.44005848,985.0,none
20210706,17,17,1,False,False,129,124,0.240776699,124.0,none
20210706,18,18,1,False,False,153,1300,2.120717781,1300.0,none
20210706,19,19,1,False,False,151,3876,6.427860697,3876.0,none
20210706,20,20,1,False,False,134,10,0.018691589,10.0,none
20210706,21,21,1,False,False,126,166,0.330019881,166.0,none
20210706,22,22,1,False,False,112,150,0.334821429,150.0,none
20210706,23,23,1,False,False,106,75,0.176886792,75.0,none
20210707,0,0,2,False,False,76,250,0.82781457,250.0,none
20210707,1,1,2,False,False,102,5,0.012315271,5.0,none
20210707,2,2,2,False,False,106,42,0.099056604,42.0,none
20210707,3,3,2,False,False,110,442,1.004545455,442.0,none
20210707,4,4,2,False,False,106,90,0.211764706,90.0,none
20210707,5,5,2,False,False,94,387,1.026525199,387.0,none
20210707,6,6,2,False,False,102,38,0.093137255,38.0,none
20210707,7,7,2,False,False,130,1847,3.558766859,1847.0,none
20210707,8,8,2,False,False,181,675,0.932320442,675.0,none
20210707,9,9,2,False,False,178,1990,2.79494382,1990.0,none
20210707,10,10,2,False,False,174,3638,5.242074928,3638.0,none
20210707,11,11,2,False,False,178,954,1.343661972,954.0,none
20210707,12,12,2,False,True,112,0,0.0,637.0,interp
20210707,13,13,2,False,False,173,320,0.463096961,320.0,none
20210707,14,14,2,False,False,175,1323,1.89,1323.0,none
20210707,15,15,2,False,False,158,1208,1.914421553,1208.0,none
20210707,16,16,2,False,False,177,1579,2.230225989,1579.0,none
20210707,17,17,2,False,False,138,175,0.316455696,175.0,none
20210707,18,18,2,False,False,169,1717,2.547477745,1717.0,none
20210707,19,19,2,False,False,157,2321,3.707667732,2321.0,none
20210707,20,20,2,False,False,117,162,0.347639485,162.0,none
20210707,21,21,2,False,False,115,68,0.147826087,68.0,none
20210707,22,22,2,False,False,104,104,0.24940048,104.0,none
20210707,23,23,2,False,False,105,72,0.171837709,72.0,none
20210708,0,0,3,False,False,73,242,0.825938567,242.0,none
20210708,1,1,3,False,False,99,703,1.775252525,703.0,none
20210708,2,2,3,False,False,104,192,0.461538462,192.0,none
20210708,3,3,3,False,False,105,130,0.30952381,130.0,none
20210708,4,4,3,False,False,106,208,0.492890995,208.0,none
20210708,5,5,3,False,False,96,314,0.817708333,314.0,none
20210708,6,6,3,False,False,110,58,0.131818182,58.0,none
20210708,7,7,3,False,False,133,436,0.822641509,436.0,none
20210708,8,8,3,False,False,166,560,0.843373494,560.0,none
20210708,9,9,3,False,False,180,516,0.717663421,516.0,none
20210708,10,10,3,False,False,184,112,0.152173913,112.0,none
20210708,11,11,3,False,False,190,562,0.739473684,562.0,none
20210708,12,12,3,False,True,120,0,0.0,1351.0,interp
20210708,13,13,3,False,False,186,2140,2.876344086,2140.0,none
20210708,14,14,3,False,False,184,1434,1.948369565,1434.0,none
20210708,15,15,3,False,False,161,350,0.54517134,350.0,none
20210708,16,16,3,False,False,174,2282,3.283453237,2282.0,none
20210708,17,17,3,False,False,128,86,0.167641326,86.0,none
20210708,18,18,3,False,False,147,3577,6.083333333,3577.0,none
20210708,19,19,3,False,False,147,5585,9.514480409,5585.0,none
20210708,20,20,3,False,False,130,26,0.050096339,26.0,none
20210708,21,21,3,False,False,125,6,0.012048193,6.0,none
20210708,22,22,3,False,True,111,0,0.0,13.75,interp
20210708,23,23,3,False,True,113,0,0.0,21.5,interp
20210709,0,0,4,False,True,73,0,0.0,29.25,interp
20210709,1,1,4,False,False,102,37,0.090686275,37.0,none
20210709,2,2,4,False,False,110,12,0.02739726,12.0,none
20210709,3,3,4,False,True,99,0,0.0,22.0,interp
20210709,4,4,4,False,False,104,32,0.077108434,32.0,none
20210709,5,5,4,False,True,98,0,0.0,200.0,interp
20210709,6,6,4,False,True,113,0,0.0,368.0,interp
20210709,7,7,4,False,False,137,536,0.979890311,536.0,none
20210709,8,8,4,False,False,174,564,0.811510791,564.0,none
20210709,9,9,4,False,False,166,565,0.850903614,565.0,none
20210709,10,10,4,False,False,164,1753,2.680428135,1753.0,none
20210709,11,11,4,False,False,171,1082,1.584187408,1082.0,none
20210709,12,12,4,False,True,100,0,0.0,1100.5,interp
20210709,13,13,4,False,False,174,1119,1.610071942,1119.0,none
20210709,14,14,4,False,False,181,2229,3.078729282,2229.0,none
20210709,15,15,4,False,False,167,774,1.156950673,774.0,none
20210709,16,16,4,False,False,171,1881,2.75,1881.0,none
20210709,17,17,4,False,False,143,955,1.66958042,955.0,none
20210709,18,18,4,False,False,170,1186,1.749262537,1186.0,none
20210709,19,19,4,False,False,134,3718,6.936567164,3718.0,none
20210709,20,20,4,False,False,104,36,0.086746988,36.0,none
20210709,21,21,4,False,False,103,3,0.007263923,3.0,none
20210709,22,22,4,False,False,102,45,0.110294118,45.0,none
20210709,23,23,4,False,True,96,0,0.0,32.0,interp
20210710,0,0,5,False,True,65,0,0.0,19.0,interp
20210710,1,1,5,False,False,97,6,0.015544041,6.0,none
20210710,2,2,5,False,False,97,41,0.105943152,41.0,none
20210710,3,3,5,False,True,97,0,0.0,35.5,interp
20210710,4,4,5,False,False,100,30,0.07518797,30.0,none
20210710,5,5,5,False,True,83,0,0.0,75.0,interp
20210710,6,6,5,False,False,101,120,0.297766749,120.0,none
20210710,7,7,5,False,False,75,290,0.969899666,290.0,none
20210710,8,8,5,False,False,26,0,0.0,0.0,none
20210710,9,9,5,False,False,27,0,0.0,0.0,none
20210710,10,10,5,False,False,30,0,0.0,0.0,none
20210710,11,11,5,False,False,29,0,0.0,0.0,none
20210710,12,12,5,False,False,26,0,0.0,0.0,none
20210710,13,13,5,False,False,25,0,0.0,0.0,none
20210710,14,14,5,False,False,23,0,0.0,0.0,none
20210710,15,15,5,False,False,24,0,0.0,0.0,none
20210710,16,16,5,False,False,24,0,0.0,0.0,none
20210710,17,17,5,False,False,23,0,0.0,0.0,none
20210710,18,18,5,False,False,22,0,0.0,0.0,none
20210710,19,19,5,False,False,24,0,0.0,0.0,none
20210710,20,20,5,False,False,22,0,0.0,0.0,none
20210710,21,21,5,False,False,22,0,0.0,0.0,none
20210710,22,22,5,False,False,25,0,0.0,0.0,none
20210710,23,23,5,False,False,22,0,0.0,0.0,none
20210711,0,0,6,False,False,23,0,0.0,0.0,none
20210711,1,1,6,False,False,26,0,0.0,0.0,none
20210711,2,2,6,False,False,23,0,0.0,0.0,none
20210711,3,3,6,False,False,23,0,0.0,0.0,none
20210711,4,4,6,False,False,23,0,0.0,0.0,none
20210711,5,5,6,False,False,24,0,0.0,0.0,none
20210711,6,6,6,False,False,22,0,0.0,0.0,none
20210711,7,7,6,False,False,22,0,0.0,0.0,none
20210711,8,8,6,False,False,24,0,0.0,0.0,none
20210711,9,9,6,False,False,22,0,0.0,0.0,none
20210711,10,10,6,False,False,23,0,0.0,0.0,none
20210711,11,11,6,False,False,25,0,0.0,0.0,none
20210711,12,12,6,False,False,23,0,0.0,0.0,none
20210711,13,13,6,False,False,24,0,0.0,0.0,none
20210711,14,14,6,False,False,26,0,0.0,0.0,none
20210711,15,15,6,False,False,24,0,0.0,0.0,none
20210711,16,16,6,False,False,25,0,0.0,0.0,none
20210711,17,17,6,False,False,24,0,0.0,0.0,none
20210711,18,18,6,False,False,23,0,0.0,0.0,none
20210711,19,19,6,False,False,22,0,0.0,0.0,none
20210711,20,20,6,False,False,23,0,0.0,0.0,none
20210711,21,21,6,False,False,25,0,0.0,0.0,none
20210711,22,22,6,False,False,23,0,0.0,0.0,none
20210711,23,23,6,False,False,23,0,0.0,0.0,none
20210712,0,0,0,False,False,25,0,0.0,0.0,none
20210712,1,1,0,False,False,23,0,0.0,0.0,none
20210712,2,2,0,False,False,23,0,0.0,0.0,none
20210712,3,3,0,False,False,24,0,0.0,0.0,none
20210712,4,4,0,False,False,22,0,0.0,0.0,none
20210712,5,5,0,False,False,23,0,0.0,0.0,none
20210712,6,6,0,False,False,24,0,0.0,0.0,none
20210712,7,7,0,False,True,65,0,0.0,25.5,dow_median
20210712,8,8,0,False,False,186,522,0.703504043,522.0,none
20210712,9,9,0,False,False,191,498,0.650980392,498.0,none
20210712,10,10,0,False,False,175,1883,2.697707736,1883.0,none
20210712,11,11,0,False,False,186,1127,1.518867925,1127.0,none
20210712,12,12,0,False,False,115,194,0.422657952,194.0,none
20210712,13,13,0,False,False,167,676,1.013493253,676.0,none
20210712,14,14,0,False,False,184,5121,6.957880435,5121.0,none
20210712,15,15,0,False,False,164,1018,1.551829268,1018.0,none
20210712,16,16,0,False,False,174,1233,1.774100719,1233.0,none
20210712,17,17,0,False,False,138,509,0.925454545,509.0,none
20210712,18,18,0,False,False,157,1047,1.667197452,1047.0,none
20210712,19,19,0,False,False,157,2885,4.601275917,2885.0,none
20210712,20,20,0,False,False,125,6,0.012024048,6.0,none
20210712,21,21,0,False,False,120,217,0.453974895,217.0,none
20210712,22,22,0,False,False,116,28,0.060606061,28.0,none
20210712,23,23,0,False,False,103,79,0.192214112,79.0,none
20210713,70,0,1,True,True,69,0,0.0,0.0,excluded_time_bad
20210713,89,1,1,True,True,96,0,0.0,0.0,excluded_time_bad
20210713,90,2,1,True,True,112,0,0.0,0.0,excluded_time_bad
20210713,97,3,1,True,True,110,0,0.0,0.0,excluded_time_bad
20210713,107,4,1,True,True,106,0,0.0,0.0,excluded_time_bad
20210713,108,5,1,True,True,143,0,0.0,0.0,excluded_time_bad
20210713,112,6,1,True,True,123,0,0.0,0.0,excluded_time_bad
20210713,113,7,1,True,True,111,0,0.0,0.0,excluded_time_bad
20210713,115,8,1,True,True,102,0,0.0,0.0,excluded_time_bad
20210713,118,9,1,True,True,112,0,0.0,0.0,excluded_time_bad
20210713,120,10,1,True,True,124,0,0.0,0.0,excluded_time_bad
20210713,121,11,1,True,True,139,0,0.0,0.0,excluded_time_bad
20210713,124,12,1,True,True,123,0,0.0,0.0,excluded_time_bad
20210713,133,13,1,True,True,107,0,0.0,0.0,excluded_time_bad
20210713,136,14,1,True,True,150,0,0.0,0.0,excluded_time_bad
20210713,148,15,1,True,True,181,0,0.0,0.0,excluded_time_bad
20210713,155,16,1,True,True,174,0,0.0,0.0,excluded_time_bad
20210713,159,17,1,True,True,143,0,0.0,0.0,excluded_time_bad
20210713,159,18,1,True,True,152,0,0.0,0.0,excluded_time_bad
20210713,165,19,1,True,True,174,0,0.0,0.0,excluded_time_bad
20210713,171,20,1,True,True,175,0,0.0,0.0,excluded_time_bad
20210713,172,21,1,True,True,174,0,0.0,0.0,excluded_time_bad
20210713,172,22,1,True,True,178,0,0.0,0.0,excluded_time_bad
20210713,188,23,1,True,True,188,0,0.0,0.0,excluded_time_bad
20210714,0,0,2,False,False,73,327,1.12371134,327.0,none
20210714,1,1,2,False,False,102,166,0.406862745,166.0,none
20210714,2,2,2,False,False,105,354,0.840855107,354.0,none
20210714,3,3,2,False,False,102,111,0.271393643,111.0,none
20210714,4,4,2,False,False,105,66,0.156769596,66.0,none
20210714,5,5,2,False,True,89,0,0.0,55.5,interp
20210714,6,6,2,False,False,106,45,0.106635071,45.0,none
20210714,7,7,2,False,False,132,582,1.102272727,582.0,none
20210714,8,8,2,False,False,179,530,0.741258741,530.0,none
20210714,9,9,2,False,False,185,1304,1.762162162,1304.0,none
20210714,10,10,2,False,False,175,1851,2.651862464,1851.0,none
20210714,11,11,2,False,False,185,1796,2.423751687,1796.0,none
20210714,12,12,2,False,False,99,88,0.221662469,88.0,none
20210714,13,13,2,False,False,166,1564,2.358974359,1564.0,none
20210714,14,14,2,False,False,178,1154,1.623066104,1154.0,none
20210714,15,15,2,False,False,134,587,1.095149254,587.0,none
20210714,16,16,2,False,False,154,1732,2.80713128,1732.0,none
20210714,17,17,2,False,False,140,2473,4.423971377,2473.0,none
20210714,18,18,2,False,False,165,283,0.429438543,283.0,none
20210714,19,19,2,False,False,138,1793,3.248188406,1793.0,none
20210714,20,20,2,False,False,112,268,0.599552573,268.0,none
20210714,21,21,2,False,False,112,58,0.130044843,58.0,none
20210714,22,22,2,False,False,110,51,0.115646259,51.0,none
20210714,23,23,2,False,False,104,70,0.168269231,70.0,none
20210715,74,0,3,True,True,67,0,0.0,0.0,excluded_time_bad
20210715,86,1,3,True,True,90,0,0.0,0.0,excluded_time_bad
20210715,89,2,3,True,True,111,0,0.0,0.0,excluded_time_bad
20210715,98,3,3,True,True,109,0,0.0,0.0,excluded_time_bad
20210715,100,4,3,True,True,110,0,0.0,0.0,excluded_time_bad
20210715,110,5,3,True,True,88,0,0.0,0.0,excluded_time_bad
20210715,110,6,3,True,True,103,0,0.0,0.0,excluded_time_bad
20210715,111,7,3,True,True,107,0,0.0,0.0,excluded_time_bad
20210715,115,8,3,True,True,134,0,0.0,0.0,excluded_time_bad
20210715,115,9,3,True,True,113,0,0.0,0.0,excluded_time_bad
20210715,120,10,3,True,True,108,0,0.0,0.0,excluded_time_bad
20210715,120,11,3,True,True,134,0,0.0,0.0,excluded_time_bad
20210715,121,12,3,True,True,118,0,0.0,0.0,excluded_time_bad
20210715,125,13,3,True,True,122,0,0.0,0.0,excluded_time_bad
20210715,134,14,3,True,True,155,0,0.0,0.0,excluded_time_bad
20210715,147,15,3,True,True,152,0,0.0,0.0,excluded_time_bad
20210715,148,16,3,True,True,184,0,0.0,0.0,excluded_time_bad
20210715,159,17,3,True,True,172,0,0.0,0.0,excluded_time_bad
20210715,162,18,3,True,True,192,0,0.0,0.0,excluded_time_bad
20210715,172,19,3,True,True,160,0,0.0,0.0,excluded_time_bad
20210715,173,20,3,True,True,155,0,0.0,0.0,excluded_time_bad
20210715,178,21,3,True,True,187,0,0.0,0.0,excluded_time_bad
20210715,183,22,3,True,True,198,0,0.0,0.0,excluded_time_bad
20210715,184,23,3,True,True,187,0,0.0,0.0,excluded_time_bad
20210716,0,0,4,False,False,65,36,0.137931034,36.0,none
20210716,1,1,4,False,False,96,74,0.193211488,74.0,none
20210716,2,2,4,False,False,101,37,0.091358025,37.0,none
20210716,3,3,4,False,False,107,175,0.410798122,175.0,none
20210716,4,4,4,False,False,106,211,0.5,211.0,none
20210716,5,5,4,False,False,88,92,0.262857143,92.0,none
20210716,6,6,4,False,False,106,304,0.716981132,304.0,none
20210716,7,7,4,False,False,135,563,1.040665434,563.0,none
20210716,8,8,4,False,False,187,555,0.743967828,555.0,none
20210716,9,9,4,False,False,185,1863,2.517567568,1863.0,none
20210716,10,10,4,False,False,169,4118,6.100740741,4118.0,none
20210716,11,11,4,False,False,188,1964,2.618666667,1964.0,none
20210716,12,12,4,False,False,116,248,0.533333333,248.0,none
20210716,13,13,4,False,False,172,2135,3.103197674,2135.0,none
20210716,14,14,4,False,False,166,2010,3.036253776,2010.0,none
20210716,15,15,4,False,False,158,1731,2.738924051,1731.0,none
20210716,16,16,4,False,False,165,2823,4.283763278,2823.0,none
20210716,17,17,4,False,False,138,2670,4.828209765,2670.0,none
20210716,18,18,4,False,False,158,1066,1.692063492,1066.0,none
20210716,19,19,4,False,False,136,1287,2.36146789,1287.0,none
20210716,20,20,4,False,False,114,16,0.035164835,16.0,none
20210716,21,21,4,False,False,114,45,0.099118943,45.0,none
20210716,22,22,4,False,False,102,59,0.144963145,59.0,none
20210716,23,23,4,False,False,101,330,0.814814815,330.0,none
20210717,0,0,5,False,False,64,21,0.082677165,21.0,none
20210717,1,1,5,False,False,101,130,0.323383085,130.0,none
20210717,2,2,5,False,False,98,426,1.083969466,426.0,none
20210717,3,3,5,False,False,94,108,0.287234043,108.0,none
20210717,4,4,5,False,False,96,95,0.246753247,95.0,none
20210717,5,5,5,False,False,84,63,0.1875,63.0,none
20210717,6,6,5,False,False,85,30,0.088235294,30.0,none
20210717,7,7,5,False,False,57,994,4.340611354,994.0,none
20210717,8,8,5,False,False,25,0,0.0,0.0,none
20210717,9,9,5,False,False,23,0,0.0,0.0,none
20210717,10,10,5,False,False,23,0,0.0,0.0,none
20210717,11,11,5,False,False,24,0,0.0,0.0,none
20210717,12,12,5,False,False,24,0,0.0,0.0,none
20210717,13,13,5,False,False,23,0,0.0,0.0,none
20210717,14,14,5,False,False,23,0,0.0,0.0,none
20210717,15,15,5,False,False,25,0,0.0,0.0,none
20210717,16,16,5,False,False,23,0,0.0,0.0,none
20210717,17,17,5,False,False,22,0,0.0,0.0,none
20210717,18,18,5,False,False,24,0,0.0,0.0,none
20210717,19,19,5,False,False,23,0,0.0,0.0,none
20210717,20,20,5,False,False,23,0,0.0,0.0,none
20210717,21,21,5,False,False,24,0,0.0,0.0,none
20210717,22,22,5,False,False,25,0,0.0,0.0,none
20210717,23,23,5,False,False,23,0,0.0,0.0,none
20210718,0,0,6,False,False,23,0,0.0,0.0,none
20210718,1,1,6,False,False,25,0,0.0,0.0,none
20210718,2,2,6,False,False,23,0,0.0,0.0,none
20210718,3,3,6,False,False,23,0,0.0,0.0,none
20210718,4,4,6,False,False,25,0,0.0,0.0,none
20210718,5,5,6,False,False,22,0,0.0,0.0,none
20210718,6,6,6,False,False,23,0,0.0,0.0,none
20210718,7,7,6,False,False,25,0,0.0,0.0,none
20210718,8,8,6,False,False,23,0,0.0,0.0,none
20210718,9,9,6,False,False,23,0,0.0,0.0,none
20210718,10,10,6,False,False,23,0,0.0,0.0,none
20210718,11,11,6,False,False,25,0,0.0,0.0,none
20210718,12,12,6,False,False,23,0,0.0,0.0,none
20210718,13,13,6,False,False,23,0,0.0,0.0,none
20210718,14,14,6,False,False,25,0,0.0,0.0,none
20210718,15,15,6,False,False,24,0,0.0,0.0,none
20210718,16,16,6,False,False,23,0,0.0,0.0,none
20210718,17,17,6,False,False,24,0,0.0,0.0,none
20210718,18,18,6,False,False,24,0,0.0,0.0,none
20210718,19,19,6,False,False,23,0,0.0,0.0,none
20210718,20,20,6,False,False,23,0,0.0,0.0,none
20210718,21,21,6,False,False,25,0,0.0,0.0,none
20210718,22,22,6,False,False,24,0,0.0,0.0,none
20210718,23,23,6,False,False,23,0,0.0,0.0,none
20210719,0,0,0,False,False,26,0,0.0,0.0,none
20210719,1,1,0,False,False,24,0,0.0,0.0,none
20210719,2,2,0,False,False,23,0,0.0,0.0,none
20210719,3,3,0,False,False,23,0,0.0,0.0,none
20210719,4,4,0,False,False,25,0,0.0,0.0,none
20210719,5,5,0,False,False,23,0,0.0,0.0,none
20210719,6,6,0,False,False,23,0,0.0,0.0,none
20210719,7,7,0,False,True,65,0,0.0,25.5,dow_median
20210719,8,8,0,False,False,188,604,0.804260985,604.0,none
20210719,9,9,0,False,False,179,1431,1.9958159,1431.0,none
20210719,10,10,0,False,False,185,568,0.769647696,568.0,none
20210719,11,11,0,False,False,199,1280,1.606022585,1280.0,none
20210719,12,12,0,False,True,117,0,0.0,962.5,interp
20210719,13,13,0,False,False,178,645,0.905898876,645.0,none
20210719,14,14,0,False,False,178,2075,2.914325843,2075.0,none
20210719,15,15,0,False,False,169,2253,3.327917282,2253.0,none
20210719,16,16,0,False,False,183,1495,2.039563438,1495.0,none
20210719,17,17,0,False,False,149,389,0.65159129,389.0,none
20210719,18,18,0,False,False,171,465,0.680819912,465.0,none
20210719,19,19,0,False,False,151,1962,3.253731343,1962.0,none
20210719,20,20,0,False,False,127,72,0.141453831,72.0,none
20210719,21,21,0,False,False,124,94,0.189516129,94.0,none
20210719,22,22,0,False,False,106,70,0.165484634,70.0,none
20210719,23,23,0,False,False,110,181,0.413242009,181.0,none
20210720,0,0,1,False,False,71,1584,5.617021277,1584.0,none
20210720,1,1,1,False,False,100,567,1.413965087,567.0,none
20210720,2,2,1,False,False,103,591,1.430992736,591.0,none
20210720,3,3,1,False,False,105,392,0.937799043,392.0,none
20210720,4,4,1,False,False,107,796,1.859813084,796.0,none
20210720,5,5,1,False,False,91,388,1.068870523,388.0,none
20210720,6,6,1,False,False,110,102,0.231818182,102.0,none
20210720,7,7,1,False,False,133,1086,2.037523452,1086.0,none
20210720,8,8,1,False,False,188,1248,1.657370518,1248.0,none
20210720,9,9,1,False,False,191,1828,2.389542484,1828.0,none
20210720,10,10,1,False,False,189,1282,1.700265252,1282.0,none
20210720,11,11,1,False,False,190,1327,1.743758213,1327.0,none
20210720,12,12,1,False,True,121,0,0.0,1280.5,interp
20210720,13,13,1,False,False,178,1234,1.735583685,1234.0,none
20210720,14,14,1,False,False,187,823,1.103217158,823.0,none
20210720,15,15,1,False,False,167,419,0.627245509,419.0,none
20210720,16,16,1,False,False,185,2403,3.247297297,2403.0,none
20210720,17,17,1,False,False,132,881,1.671726755,881.0,none
20210720,18,18,1,False,False,175,2031,2.90974212,2031.0,none
20210720,19,19,1,False,False,170,3506,5.148311307,3506.0,none
20210720,20,20,1,False,False,127,80,0.157790927,80.0,none
20210720,21,21,1,False,False,130,562,1.084942085,562.0,none
20210720,22,22,1,False,False,112,235,0.524553571,235.0,none
20210720,23,23,1,False,False,109,108,0.247706422,108.0,none
20210721,0,0,2,False,False,78,286,0.922580645,286.0,none
20210721,1,1,2,False,False,107,270,0.633802817,270.0,none
20210721,2,2,2,False,False,100,126,0.316582915,126.0,none
20210721,3,3,2,False,False,102,528,1.300492611,528.0,none
20210721,4,4,2,False,False,107,158,0.370023419,158.0,none
20210721,5,5,2,False,False,94,187,0.5,187.0,none
20210721,6,6,2,False,False,106,56,0.132387707,56.0,none
20210721,7,7,2,False,False,128,842,1.64453125,842.0,none
20210721,8,8,2,False,False,193,933,1.208549223,933.0,none
20210721,9,9,2,False,False,204,1013,1.244471744,1013.0,none
20210721,10,10,2,False,False,179,628,0.875871688,628.0,none
20210721,11,11,2,False,False,197,1336,1.699745547,1336.0,none
20210721,12,12,2,False,False,128,88,0.17254902,88.0,none
20210721,13,13,2,False,False,189,1911,2.531125828,1911.0,none
20210721,14,14,2,False,False,199,972,1.222641509,972.0,none
20210721,15,15,2,False,False,171,4021,5.878654971,4021.0,none
20210721,16,16,2,False,False,182,865,1.186556927,865.0,none
20210721,17,17,2,False,False,138,593,1.076225045,593.0,none
20210721,18,18,2,False,False,162,972,1.497688752,972.0,none
20210721,19,19,2,False,False,162,3122,4.817901235,3122.0,none
20210721,20,20,2,False,True,131,0,0.0,1697.5,interp
20210721,21,21,2,False,False,117,273,0.583333333,273.0,none
20210721,22,22,2,False,False,104,275,0.664251208,275.0,none
20210721,23,23,2,False,False,103,6,0.014563107,6.0,none
20210722,0,0,3,False,False,71,222,0.787234043,222.0,none
20210722,1,1,3,False,False,99,150,0.378787879,150.0,none
20210722,2,2,3,False,False,103,23,0.055961071,23.0,none
20210722,3,3,3,False,False,100,162,0.407035176,162.0,none
20210722,4,4,3,False,False,105,82,0.195238095,82.0,none
20210722,5,5,3,False,True,86,0,0.0,282.0,interp
20210722,6,6,3,False,False,106,482,1.139479905,482.0,none
20210722,7,7,3,False,False,122,1255,2.577002053,1255.0,none
20210722,8,8,3,False,False,197,709,0.902035623,709.0,none
20210722,9,9,3,False,False,192,491,0.640992167,491.0,none
20210722,10,10,3,False,False,180,679,0.945682451,679.0,none
20210722,11,11,3,False,False,186,691,0.927516779,691.0,none
20210722,12,12,3,False,False,104,30,0.072463768,30.0,none
20210722,13,13,3,False,False,171,2297,3.368035191,2297.0,none
20210722,14,14,3,False,False,182,383,0.526822558,383.0,none
20210722,15,15,3,False,False,164,727,1.111620795,727.0,none
20210722,16,16,3,False,False,165,634,0.959152799,634.0,none
20210722,17,17,3,False,False,124,552,1.115151515,552.0,none
20210722,18,18,3,False,False,164,992,1.516819572,992.0,none
20210722,19,19,3,False,False,154,4520,7.349593496,4520.0,none
20210722,20,20,3,False,False,132,368,0.69829222,368.0,none
20210722,21,21,3,False,True,120,0,0.0,319.0,interp
20210722,22,22,3,False,False,115,270,0.588235294,270.0,none
20210722,23,23,3,False,False,107,82,0.191142191,82.0,none
20210723,0,0,4,False,False,78,200,0.643086817,200.0,none
20210723,1,1,4,False,False,105,91,0.217703349,91.0,none
20210723,2,2,4,False,False,105,376,0.893111639,376.0,none
20210723,3,3,4,False,False,102,102,0.250614251,102.0,none
20210723,4,4,4,False,False,99,162,0.409090909,162.0,none
20210723,5,5,4,False,True,89,0,0.0,903.6666666666666,interp
20210723,6,6,4,False,True,103,0,0.0,1645.3333333333333,interp
20210723,7,7,4,False,False,122,2387,4.881390593,2387.0,none
20210723,8,8,4,False,False,191,999,1.311023622,999.0,none
20210723,9,9,4,False,False,185,1838,2.480431849,1838.0,none
20210723,10,10,4,False,False,179,1231,1.721678322,1231.0,none
20210723,11,11,4,False,False,188,1813,2.410904255,1813.0,none
20210723,12,12,4,False,True,113,0,0.0,1396.0,interp
20210723,13,13,4,False,False,180,979,1.361613352,979.0,none
20210723,14,14,4,False,False,184,1335,1.813858696,1335.0,none
20210723,15,15,4,False,False,175,923,1.316690442,923.0,none
20210723,16,16,4,False,False,189,6161,8.138705416,6161.0,none
20210723,17,17,4,False,False,138,555,1.003616637,555.0,none
20210723,18,18,4,False,False,175,1693,2.425501433,1693.0,none
20210723,19,19,4,False,False,145,2039,3.527681661,2039.0,none
20210723,20,20,4,False,False,111,113,0.255656109,113.0,none
20210723,21,21,4,False,False,107,12,0.028169014,12.0,none
20210723,22,22,4,False,False,100,371,0.9275,371.0,none
20210723,23,23,4,False,False,102,180,0.442260442,180.0,none
20210724,0,0,5,False,True,68,0,0.0,340.5,interp
20210724,1,1,5,False,False,96,501,1.301298701,501.0,none
20210724,2,2,5,False,False,95,51,0.134210526,51.0,none
20210724,3,3,5,False,False,93,42,0.112600536,42.0,none
20210724,4,4,5,False,False,97,262,0.678756477,262.0,none
20210724,5,5,5,False,False,81,62,0.192546584,62.0,none
20210724,6,6,5,False,False,95,919,2.431216931,919.0,none
20210724,7,7,5,False,False,61,482,1.975409836,482.0,none
20210724,8,8,5,False,False,25,0,0.0,0.0,none
20210724,9,9,5,False,False,24,0,0.0,0.0,none
20210724,10,10,5,False,False,24,0,0.0,0.0,none
20210724,11,11,5,False,False,27,0,0.0,0.0,none
20210724,12,12,5,False,False,23,0,0.0,0.0,none
20210724,13,13,5,False,False,24,0,0.0,0.0,none
20210724,14,14,5,False,False,24,0,0.0,0.0,none
20210724,15,15,5,False,False,26,0,0.0,0.0,none
20210724,16,16,5,False,False,24,0,0.0,0.0,none
20210724,17,17,5,False,False,24,0,0.0,0.0,none
20210724,18,18,5,False,False,25,0,0.0,0.0,none
20210724,19,19,5,False,False,25,0,0.0,0.0,none
20210724,20,20,5,False,False,24,0,0.0,0.0,none
20210724,21,21,5,False,False,25,0,0.0,0.0,none
20210724,22,22,5,False,False,26,0,0.0,0.0,none
20210724,23,23,5,False,False,24,0,0.0,0.0,none
20210725,0,0,6,False,False,24,0,0.0,0.0,none
20210725,1,1,6,False,False,25,0,0.0,0.0,none
20210725,2,2,6,False,False,25,0,0.0,0.0,none
20210725,3,3,6,False,False,24,0,0.0,0.0,none
20210725,4,4,6,False,False,24,0,0.0,0.0,none
20210725,5,5,6,False,False,26,0,0.0,0.0,none
20210725,6,6,6,False,False,24,0,0.0,0.0,none
20210725,7,7,6,False,False,24,0,0.0,0.0,none
20210725,8,8,6,False,False,24,0,0.0,0.0,none
20210725,9,9,6,False,False,26,0,0.0,0.0,none
20210725,10,10,6,False,False,24,0,0.0,0.0,none
20210725,11,11,6,False,False,24,0,0.0,0.0,none
20210725,12,12,6,False,False,26,0,0.0,0.0,none
20210725,13,13,6,False,False,24,0,0.0,0.0,none
20210725,14,14,6,False,False,24,0,0.0,0.0,none
20210725,15,15,6,False,False,25,0,0.0,0.0,none
20210725,16,16,6,False,False,26,0,0.0,0.0,none
20210725,17,17,6,False,False,24,0,0.0,0.0,none
20210725,18,18,6,False,False,23,0,0.0,0.0,none
20210725,19,19,6,False,False,25,0,0.0,0.0,none
20210725,20,20,6,False,False,24,0,0.0,0.0,none
20210725,21,21,6,False,False,24,0,0.0,0.0,none
20210725,22,22,6,False,False,24,0,0.0,0.0,none
20210725,23,23,6,False,False,26,0,0.0,0.0,none
20210726,0,0,0,False,False,24,0,0.0,0.0,none
20210726,1,1,0,False,False,24,0,0.0,0.0,none
20210726,2,2,0,False,False,25,0,0.0,0.0,none
20210726,3,3,0,False,False,25,0,0.0,0.0,none
20210726,4,4,0,False,False,24,0,0.0,0.0,none
20210726,5,5,0,False,False,24,0,0.0,0.0,none
20210726,6,6,0,False,False,26,0,0.0,0.0,none
20210726,7,7,0,False,True,71,0,0.0,25.5,dow_median
20210726,8,8,0,False,False,198,805,1.017699115,805.0,none
20210726,9,9,0,False,False,184,1283,1.745578231,1283.0,none
20210726,10,10,0,False,False,185,1149,1.556910569,1149.0,none
20210726,11,11,0,False,False,190,3069,4.038157895,3069.0,none
20210726,12,12,0,False,True,113,0,0.0,2519.0,interp
20210726,13,13,0,False,False,169,1969,2.912721893,1969.0,none
20210726,14,14,0,False,False,186,669,0.901617251,669.0,none
20210726,15,15,0,False,False,158,2463,3.90952381,2463.0,none
20210726,16,16,0,False,False,169,1238,1.831360947,1238.0,none
20210726,17,17,0,False,False,136,6579,12.1160221,6579.0,none
20210726,18,18,0,False,False,175,1120,1.604584527,1120.0,none
20210726,19,19,0,False,False,157,3479,5.539808917,3479.0,none
20210726,20,20,0,False,False,102,19,0.04679803,19.0,none
20210726,21,21,0,False,True,110,0,0.0,75.5,interp
20210726,22,22,0,False,False,110,132,0.301369863,132.0,none
20210726,23,23,0,False,False,95,48,0.126315789,48.0,none
20210727,0,0,1,False,False,68,89,0.327205882,89.0,none
20210727,1,1,1,False,False,102,63,0.15403423,63.0,none
20210727,2,2,1,False,False,115,4,0.008695652,4.0,none
20210727,3,3,1,False,False,105,74,0.175771971,74.0,none
20210727,4,4,1,False,False,108,36,0.083140878,36.0,none
20210727,5,5,1,False,False,89,2,0.005633803,2.0,none
20210727,6,6,1,False,False,105,229,0.543942993,229.0,none
20210727,7,7,1,False,False,134,1262,2.358878505,1262.0,none
20210727,8,8,1,False,False,194,1862,2.402580645,1862.0,none
20210727,9,9,1,False,False,181,593,0.820193638,593.0,none
20210727,10,10,1,False,False,188,976,1.296148738,976.0,none
20210727,11,11,1,False,False,207,857,1.036275695,857.0,none
20210727,12,12,1,False,False,110,184,0.420091324,184.0,none
20210727,13,13,1,False,False,182,606,0.833562586,606.0,none
20210727,14,14,1,False,False,195,1654,2.120512821,1654.0,none
20210727,15,15,1,False,False,179,1224,1.707112971,1224.0,none
20210727,16,16,1,False,False,186,1271,1.710632571,1271.0,none
20210727,17,17,1,False,False,159,350,0.551181102,350.0,none
20210727,18,18,1,False,False,169,5796,8.586666667,5796.0,none
20210727,19,19,1,False,False,169,3392,5.025185185,3392.0,none
20210727,20,20,1,False,False,144,2,0.003478261,2.0,none
20210727,21,21,1,False,False,144,8,0.013937282,8.0,none
20210727,22,22,1,False,False,129,41,0.079303675,41.0,none
20210727,23,23,1,False,False,122,201,0.413580247,201.0,none
20210728,0,0,2,False,False,88,1158,3.308571429,1158.0,none
20210728,1,1,2,False,False,121,83,0.171134021,83.0,none
20210728,2,2,2,False,False,119,4,0.008385744,4.0,none
20210728,3,3,2,False,False,122,308,0.631147541,308.0,none
20210728,4,4,2,False,False,119,177,0.371848739,177.0,none
20210728,5,5,2,False,False,105,56,0.133333333,56.0,none
20210728,6,6,2,False,False,124,52,0.105263158,52.0,none
20210728,7,7,2,False,False,156,1841,2.950320513,1841.0,none
20210728,8,8,2,False,False,198,2013,2.544879899,2013.0,none
20210728,9,9,2,False,False,198,2284,2.880201765,2284.0,none
20210728,10,10,2,False,False,188,1029,1.368351064,1029.0,none
20210728,11,11,2,False,False,208,2429,2.926506024,2429.0,none
20210728,12,12,2,False,False,121,296,0.612836439,296.0,none
20210728,13,13,2,False,False,194,1488,1.915057915,1488.0,none
20210728,14,14,2,False,False,196,1197,1.524840764,1197.0,none
20210728,15,15,2,False,False,161,300,0.465116279,300.0,none
20210728,16,16,2,False,False,174,2747,3.958213256,2747.0,none
20210728,17,17,2,False,False,147,682,1.159863946,682.0,none
20210728,18,18,2,False,False,183,1952,2.663028649,1952.0,none
20210728,19,19,2,False,False,151,3635,6.018211921,3635.0,none
20210728,20,20,2,False,False,107,308,0.721311475,308.0,none
20210728,21,21,2,False,False,110,21,0.047945205,21.0,none
20210728,22,22,2,False,False,103,189,0.458737864,189.0,none
20210728,23,23,2,False,False,103,36,0.087804878,36.0,none
20210729,0,0,3,False,True,68,0,0.0,174.5,interp
20210729,1,1,3,False,False,110,313,0.709750567,313.0,none
20210729,2,2,3,False,False,111,206,0.466063348,206.0,none
20210729,3,3,3,False,False,110,49,0.111111111,49.0,none
20210729,4,4,3,False,False,111,100,0.225225225,100.0,none
20210729,5,5,3,False,False,94,156,0.414893617,156.0,none
20210729,6,6,3,False,False,116,94,0.202150538,94.0,none
20210729,7,7,3,False,False,141,925,1.645907473,925.0,none
20210729,8,8,3,False,False,192,909,1.182054616,909.0,none
20210729,9,9,3,False,False,198,1181,1.489281211,1181.0,none
20210729,10,10,3,False,False,187,884,1.183400268,884.0,none
20210729,11,11,3,False,False,207,1597,1.92641737,1597.0,none
20210729,12,12,3,False,False,112,200,0.446428571,200.0,none
20210729,13,13,3,False,False,192,1480,1.929595828,1480.0,none
20210729,14,14,3,False,False,187,3092,4.128170895,3092.0,none
20210729,15,15,3,False,False,164,2184,3.339449541,2184.0,none
20210729,16,16,3,False,False,166,2656,4.006033183,2656.0,none
20210729,17,17,3,False,False,129,735,1.421663443,735.0,none
20210729,18,18,3,False,False,174,5687,8.182733813,5687.0,none
20210729,19,19,3,False,False,169,2616,3.875555556,2616.0,none
20210729,20,20,3,False,False,128,149,0.290448343,149.0,none
20210729,21,21,3,False,False,126,131,0.260437376,131.0,none
20210729,22,22,3,False,False,122,180,0.368852459,180.0,none
20210729,23,23,3,False,False,114,174,0.380743982,174.0,none
20210730,0,0,4,False,False,88,82,0.234285714,82.0,none
20210730,1,1,4,False,False,121,164,0.33814433,164.0,none
20210730,2,2,4,False,False,119,30,0.062893082,30.0,none
20210730,3,3,4,False,False,122,498,1.020491803,498.0,none
20210730,4,4,4,False,False,119,42,0.088235294,42.0,none
20210730,5,5,4,False,False,105,108,0.257142857,108.0,none
20210730,6,6,4,False,False,124,461,0.933198381,461.0,none
20210730,7,7,4,False,False,156,1229,1.969551282,1229.0,none
20210730,8,8,4,False,False,198,1134,1.433628319,1134.0,none
20210730,9,9,4,False,False,198,2079,2.621689786,2079.0,none
20210730,10,10,4,False,False,188,439,0.583776596,439.0,none
20210730,11,11,4,False,False,208,1084,1.306024096,1084.0,none
20210730,12,12,4,False,True,121,0,0.0,1426.5,interp
20210730,13,13,4,False,False,194,1769,2.276705277,1769.0,none
20210730,14,14,4,False,False,196,1204,1.533757962,1204.0,none
20210730,15,15,4,False,False,161,790,1.224806202,790.0,none
20210730,16,16,4,False,False,174,1575,2.26945245,1575.0,none
20210730,17,17,4,False,True,147,0,0.0,482.0,dow_median
20210730,18,18,4,False,True,183,0,0.0,984.5,dow_median
20210730,19,19,4,False,True,151,0,0.0,1570.5,dow_median
20210730,20,20,4,False,True,107,0,0.0,62.0,dow_median
20210730,21,21,4,False,True,110,0,0.0,58.0,dow_median
20210730,22,22,4,False,True,103,0,0.0,64.0,dow_median
20210730,23,23,4,False,True,103,0,0.0,108.5,dow_median
20210731,0,0,5,False,False,23,0,0.0,0.0,none
20210731,1,1,5,False,False,21,0,0.0,0.0,none
20210731,2,2,5,False,False,21,0,0.0,0.0,none
20210731,3,3,5,False,False,21,0,0.0,0.0,none
20210731,4,4,5,False,False,23,0,0.0,0.0,none
20210731,5,5,5,False,False,20,0,0.0,0.0,none
20210731,6,6,5,False,False,21,0,0.0,0.0,none
20210731,7,7,5,False,False,22,0,0.0,0.0,none
20210731,8,8,5,False,False,21,0,0.0,0.0,none
20210731,9,9,5,False,False,21,0,0.0,0.0,none
20210731,10,10,5,False,False,22,0,0.0,0.0,none
20210731,11,11,5,False,False,23,0,0.0,0.0,none
20210731,12,12,5,False,False,21,0,0.0,0.0,none
20210731,13,13,5,False,False,21,0,0.0,0.0,none
20210731,14,14,5,False,False,22,0,0.0,0.0,none
20210731,15,15,5,False,False,22,0,0.0,0.0,none
20210731,16,16,5,False,False,21,0,0.0,0.0,none
20210731,17,17,5,False,False,21,0,0.0,0.0,none
20210731,18,18,5,False,False,23,0,0.0,0.0,none
20210731,19,19,5,False,False,21,0,0.0,0.0,none
20210731,20,20,5,False,False,21,0,0.0,0.0,none
20210731,21,21,5,False,False,23,0,0.0,0.0,none
20210731,22,22,5,False,False,21,0,0.0,0.0,none
20210731,23,23,5,False,False,21,0,0.0,0.0,none
20210801,0,0,6,False,False,21,0,0.0,0.0,none
20210801,1,1,6,False,False,23,0,0.0,0.0,none
20210801,2,2,6,False,False,21,0,0.0,0.0,none
20210801,3,3,6,False,False,21,0,0.0,0.0,none
20210801,4,4,6,False,False,22,0,0.0,0.0,none
20210801,5,5,6,False,False,22,0,0.0,0.0,none
20210801,6,6,6,False,False,20,0,0.0,0.0,none
20210801,7,7,6,False,False,20,0,0.0,0.0,none
20210801,8,8,6,False,False,23,0,0.0,0.0,none
20210801,9,9,6,False,False,22,0,0.0,0.0,none
20210801,10,10,6,False,False,21,0,0.0,0.0,none
20210801,11,11,6,False,False,21,0,0.0,0.0,none
20210801,12,12,6,False,False,23,0,0.0,0.0,none
20210801,13,13,6,False,False,21,0,0.0,0.0,none
20210801,14,14,6,False,False,21,0,0.0,0.0,none
20210801,15,15,6,False,False,22,0,0.0,0.0,none
20210801,16,16,6,False,False,23,0,0.0,0.0,none
20210801,17,17,6,False,False,21,0,0.0,0.0,none
20210801,18,18,6,False,False,20,0,0.0,0.0,none
20210801,19,19,6,False,False,21,0,0.0,0.0,none
20210801,20,20,6,False,False,23,0,0.0,0.0,none
20210801,21,21,6,False,False,22,0,0.0,0.0,none
20210801,22,22,6,False,False,22,0,0.0,0.0,none
20210801,23,23,6,False,False,22,0,0.0,0.0,none
20210802,0,0,0,False,False,21,0,0.0,0.0,none
20210802,1,1,0,False,False,21,0,0.0,0.0,none
20210802,2,2,0,False,False,21,0,0.0,0.0,none
20210802,3,3,0,False,False,23,0,0.0,0.0,none
20210802,4,4,0,False,False,21,0,0.0,0.0,none
20210802,5,5,0,False,False,21,0,0.0,0.0,none
20210802,6,6,0,False,False,22,0,0.0,0.0,none
20210802,7,7,0,False,False,21,0,0.0,0.0,none
20210802,8,8,0,False,False,20,0,0.0,0.0,none
20210802,9,9,0,False,False,21,0,0.0,0.0,none
20210802,10,10,0,False,False,22,0,0.0,0.0,none
20210802,11,11,0,False,False,21,0,0.0,0.0,none
20210802,12,12,0,False,False,21,0,0.0,0.0,none
20210802,13,13,0,False,False,22,0,0.0,0.0,none
20210802,14,14,0,False,False,23,0,0.0,0.0,none
20210802,15,15,0,False,False,21,0,0.0,0.0,none
20210802,16,16,0,False,False,21,0,0.0,0.0,none
20210802,17,17,0,False,False,22,0,0.0,0.0,none
20210802,18,18,0,False,False,22,0,0.0,0.0,none
20210802,19,19,0,False,False,21,0,0.0,0.0,none
20210802,20,20,0,False,False,22,0,0.0,0.0,none
20210802,21,21,0,False,False,22,0,0.0,0.0,none
20210802,22,22,0,False,False,22,0,0.0,0.0,none
20210802,23,23,0,False,False,21,0,0.0,0.0,none
20210803,0,0,1,False,False,21,0,0.0,0.0,none
20210803,1,1,1,False,False,23,0,0.0,0.0,none
20210803,2,2,1,False,False,21,0,0.0,0.0,none
20210803,3,3,1,False,False,21,0,0.0,0.0,none
20210803,4,4,1,False,False,21,0,0.0,0.0,none
20210803,5,5,1,False,False,22,0,0.0,0.0,none
20210803,6,6,1,False,False,21,0,0.0,0.0,none
20210803,7,7,1,False,False,20,0,0.0,0.0,none
20210803,8,8,1,False,False,22,0,0.0,0.0,none
20210803,9,9,1,False,False,21,0,0.0,0.0,none
20210803,10,10,1,False,False,21,0,0.0,0.0,none
20210803,11,11,1,False,False,22,0,0.0,0.0,none
20210803,12,12,1,False,False,23,0,0.0,0.0,none
20210803,13,13,1,False,False,21,0,0.0,0.0,none
20210803,14,14,1,False,False,21,0,0.0,0.0,none
20210803,15,15,1,False,False,23,0,0.0,0.0,none
20210803,16,16,1,False,False,22,0,0.0,0.0,none
20210803,17,17,1,False,False,21,0,0.0,0.0,none
20210803,18,18,1,False,False,22,0,0.0,0.0,none
20210803,19,19,1,False,False,23,0,0.0,0.0,none
20210803,20,20,1,False,False,21,0,0.0,0.0,none
20210803,21,21,1,False,False,22,0,0.0,0.0,none
20210803,22,22,1,False,False,21,0,0.0,0.0,none
20210803,23,23,1,False,False,23,0,0.0,0.0,none
20210804,0,0,2,False,False,21,0,0.0,0.0,none
20210804,1,1,2,False,False,21,0,0.0,0.0,none
20210804,2,2,2,False,False,20,0,0.0,0.0,none
20210804,3,3,2,False,False,22,0,0.0,0.0,none
20210804,4,4,2,False,False,21,0,0.0,0.0,none
20210804,5,5,2,False,False,21,0,0.0,0.0,none
20210804,6,6,2,False,False,23,0,0.0,0.0,none
20210804,7,7,2,False,False,20,0,0.0,0.0,none
20210804,8,8,2,False,False,21,0,0.0,0.0,none
20210804,9,9,2,False,False,21,0,0.0,0.0,none
20210804,10,10,2,False,False,22,0,0.0,0.0,none
20210804,11,11,2,False,False,21,0,0.0,0.0,none
20210804,12,12,2,False,False,21,0,0.0,0.0,none
20210804,13,13,2,False,False,22,0,0.0,0.0,none
20210804,14,14,2,False,False,22,0,0.0,0.0,none
20210804,15,15,2,False,False,22,0,0.0,0.0,none
20210804,16,16,2,False,False,21,0,0.0,0.0,none
20210804,17,17,2,False,False,23,0,0.0,0.0,none
20210804,18,18,2,False,False,21,0,0.0,0.0,none
20210804,19,19,2,False,False,21,0,0.0,0.0,none
20210804,20,20,2,False,False,21,0,0.0,0.0,none
20210804,21,21,2,False,False,23,0,0.0,0.0,none
20210804,22,22,2,False,False,21,0,0.0,0.0,none
20210804,23,23,2,False,False,21,0,0.0,0.0,none
20210805,0,0,3,False,False,21,0,0.0,0.0,none
20210805,1,1,3,False,False,22,0,0.0,0.0,none
20210805,2,2,3,False,False,21,0,0.0,0.0,none
20210805,3,3,3,False,False,21,0,0.0,0.0,none
20210805,4,4,3,False,False,22,0,0.0,0.0,none
20210805,5,5,3,False,False,21,0,0.0,0.0,none
20210805,6,6,3,False,False,21,0,0.0,0.0,none
20210805,7,7,3,False,False,20,0,0.0,0.0,none
20210805,8,8,3,False,False,22,0,0.0,0.0,none
20210805,9,9,3,False,False,21,0,0.0,0.0,none
20210805,10,10,3,False,False,21,0,0.0,0.0,none
20210805,11,11,3,False,False,22,0,0.0,0.0,none
20210805,12,12,3,False,False,22,0,0.0,0.0,none
20210805,13,13,3,False,False,22,0,0.0,0.0,none
20210805,14,14,3,False,False,21,0,0.0,0.0,none
20210805,15,15,3,False,False,23,0,0.0,0.0,none
20210805,16,16,3,False,False,22,0,0.0,0.0,none
20210805,17,17,3,False,False,22,0,0.0,0.0,none
20210805,18,18,3,False,False,21,0,0.0,0.0,none
20210805,19,19,3,False,False,22,0,0.0,0.0,none
20210805,20,20,3,False,False,21,0,0.0,0.0,none
20210805,21,21,3,False,False,21,0,0.0,0.0,none
20210805,22,22,3,False,False,22,0,0.0,0.0,none
20210805,23,23,3,False,False,23,0,0.0,0.0,none
20210806,0,0,4,False,False,21,0,0.0,0.0,none
20210806,1,1,4,False,False,21,0,0.0,0.0,none
20210806,2,2,4,False,False,20,0,0.0,0.0,none
20210806,3,3,4,False,False,22,0,0.0,0.0,none
20210806,4,4,4,False,False,22,0,0.0,0.0,none
20210806,5,5,4,False,False,21,0,0.0,0.0,none
20210806,6,6,4,False,False,22,0,0.0,0.0,none
20210806,7,7,4,False,False,20,0,0.0,0.0,none
20210806,8,8,4,False,False,20,0,0.0,0.0,none
20210806,9,9,4,False,False,21,0,0.0,0.0,none
20210806,10,10,4,False,False,24,0,0.0,0.0,none
20210806,11,11,4,False,False,24,0,0.0,0.0,none
20210806,12,12,4,False,False,24,0,0.0,0.0,none
20210806,13,13,4,False,False,23,0,0.0,0.0,none
20210806,14,14,4,False,False,24,0,0.0,0.0,none
20210806,15,15,4,False,False,22,0,0.0,0.0,none
20210806,16,16,4,False,False,22,0,0.0,0.0,none
20210806,17,17,4,False,False,23,0,0.0,0.0,none
20210806,18,18,4,False,False,22,0,0.0,0.0,none
20210806,19,19,4,False,False,21,0,0.0,0.0,none
20210806,20,20,4,False,False,21,0,0.0,0.0,none
20210806,21,21,4,False,False,23,0,0.0,0.0,none
20210806,22,22,4,False,False,21,0,0.0,0.0,none
20210806,23,23,4,False,False,21,0,0.0,0.0,none
20210807,0,0,5,False,False,22,0,0.0,0.0,none
20210807,1,1,5,False,False,22,0,0.0,0.0,none
20210807,2,2,5,False,False,21,0,0.0,0.0,none
20210807,3,3,5,False,False,21,0,0.0,0.0,none
20210807,4,4,5,False,False,21,0,0.0,0.0,none
20210807,5,5,5,False,False,22,0,0.0,0.0,none
20210807,6,6,5,False,False,21,0,0.0,0.0,none
20210807,7,7,5,False,False,21,0,0.0,0.0,none
20210807,8,8,5,False,False,22,0,0.0,0.0,none
20210807,9,9,5,False,False,22,0,0.0,0.0,none
20210807,10,10,5,False,False,21,0,0.0,0.0,none
20210807,11,11,5,False,False,21,0,0.0,0.0,none
20210807,12,12,5,False,False,23,0,0.0,0.0,none
20210807,13,13,5,False,False,21,0,0.0,0.0,none
20210807,14,14,5,False,False,21,0,0.0,0.0,none
20210807,15,15,5,False,False,21,0,0.0,0.0,none
20210807,16,16,5,False,False,24,0,0.0,0.0,none
20210807,17,17,5,False,False,21,0,0.0,0.0,none
20210807,18,18,5,False,False,21,0,0.0,0.0,none
20210807,19,19,5,False,False,22,0,0.0,0.0,none
20210807,20,20,5,False,False,23,0,0.0,0.0,none
20210807,21,21,5,False,False,22,0,0.0,0.0,none
20210807,22,22,5,False,False,21,0,0.0,0.0,none
20210807,23,23,5,False,False,23,0,0.0,0.0,none
20210808,0,0,6,False,False,21,0,0.0,0.0,none
20210808,1,1,6,False,False,21,0,0.0,0.0,none
20210808,2,2,6,False,False,21,0,0.0,0.0,none
20210808,3,3,6,False,False,23,0,0.0,0.0,none
20210808,4,4,6,False,False,21,0,0.0,0.0,none
20210808,5,5,6,False,False,21,0,0.0,0.0,none
20210808,6,6,6,False,False,21,0,0.0,0.0,none
20210808,7,7,6,False,False,22,0,0.0,0.0,none
20210808,8,8,6,False,False,21,0,0.0,0.0,none
20210808,9,9,6,False,False,21,0,0.0,0.0,none
20210808,10,10,6,False,False,23,0,0.0,0.0,none
20210808,11,11,6,False,False,21,0,0.0,0.0,none
20210808,12,12,6,False,False,21,0,0.0,0.0,none
20210808,13,13,6,False,False,21,0,0.0,0.0,none
20210808,14,14,6,False,False,22,0,0.0,0.0,none
20210808,15,15,6,False,False,21,0,0.0,0.0,none
20210808,16,16,6,False,False,21,0,0.0,0.0,none
20210808,17,17,6,False,False,22,0,0.0,0.0,none
20210808,18,18,6,False,False,22,0,0.0,0.0,none
20210808,19,19,6,False,False,21,0,0.0,0.0,none
20210808,20,20,6,False,False,21,0,0.0,0.0,none
20210808,21,21,6,False,False,22,0,0.0,0.0,none
20210808,22,22,6,False,False,21,0,0.0,0.0,none
20210808,23,23,6,False,False,21,0,0.0,0.0,none
20210809,0,0,0,False,False,21,0,0.0,0.0,none
20210809,1,1,0,False,False,23,0,0.0,0.0,none
20210809,2,2,0,False,False,20,0,0.0,0.0,none
20210809,3,3,0,False,False,22,0,0.0,0.0,none
20210809,4,4,0,False,False,21,0,0.0,0.0,none
20210809,5,5,0,False,False,21,0,0.0,0.0,none
20210809,6,6,0,False,False,20,0,0.0,0.0,none
20210809,7,7,0,False,False,70,10,0.035842294,10.0,none
20210809,8,8,0,False,False,193,749,0.970207254,749.0,none
20210809,9,9,0,False,False,191,773,1.01310616,773.0,none
20210809,10,10,0,False,False,182,408,0.561210454,408.0,none
20210809,11,11,0,False,False,187,1431,1.910547397,1431.0,none
20210809,12,12,0,False,False,129,120,0.232108317,120.0,none
20210809,13,13,0,False,False,182,7569,10.39697802,7569.0,none
20210809,14,14,0,False,False,183,3753,5.14109589,3753.0,none
20210809,15,15,0,False,False,167,1087,1.632132132,1087.0,none
20210809,16,16,0,False,False,184,1416,1.921302578,1416.0,none
20210809,17,17,0,False,False,146,3120,5.333333333,3120.0,none
20210809,18,18,0,False,True,98,0,0.0,2092.0,interp
20210809,19,19,0,False,True,93,0,0.0,1064.0,interp
20210809,20,20,0,False,False,109,36,0.082758621,36.0,none
20210809,21,21,0,False,False,115,114,0.247288503,114.0,none
20210809,22,22,0,False,False,109,63,0.14516129,63.0,none
20210809,23,23,0,False,False,98,40,0.10230179,40.0,none
20210810,0,0,1,False,True,68,0,0.0,35.0,interp
20210810,1,1,1,False,False,99,30,0.075757576,30.0,none
20210810,2,2,1,False,False,96,435,1.138743455,435.0,none
20210810,3,3,1,False,False,98,18,0.046153846,18.0,none
20210810,4,4,1,False,False,101,88,0.217283951,88.0,none
20210810,5,5,1,False,False,85,10,0.029411765,10.0,none
20210810,6,6,1,False,False,100,194,0.486215539,194.0,none
20210810,7,7,1,False,False,128,1883,3.684931507,1883.0,none
20210810,8,8,1,False,False,183,503,0.68715847,503.0,none
20210810,9,9,1,False,False,185,1091,1.47631935,1091.0,none
20210810,10,10,1,False,False,175,1629,2.327142857,1629.0,none
20210810,11,11,1,False,False,185,1421,1.922868742,1421.0,none
20210810,12,12,1,False,True,107,0,0.0,1310.0,interp
20210810,13,13,1,False,False,181,1199,1.653793103,1199.0,none
20210810,14,14,1,False,False,170,1693,2.486049927,1693.0,none
20210810,15,15,1,False,False,155,687,1.109854604,687.0,none
20210810,16,16,1,False,False,169,662,0.979289941,662.0,none
20210810,17,17,1,False,False,126,518,1.03187251,518.0,none
20210810,18,18,1,False,False,165,3333,5.05,3333.0,none
20210810,19,19,1,False,False,156,1764,2.826923077,1764.0,none
20210810,20,20,1,False,False,129,113,0.218992248,113.0,none
20210810,21,21,1,False,False,123,149,0.304081633,149.0,none
20210810,22,22,1,False,False,106,5,0.011820331,5.0,none
20210810,23,23,1,False,True,99,0,0.0,21.333333333333332,interp
20210811,0,0,2,False,True,77,0,0.0,37.666666666666664,interp
20210811,1,1,2,False,False,99,54,0.136363636,54.0,none
20210811,2,2,2,False,False,109,55,0.126728111,55.0,none
20210811,3,3,2,False,False,104,6,0.014388489,6.0,none
20210811,4,4,2,False,False,111,78,0.175280899,78.0,none
20210811,5,5,2,False,False,92,900,2.459016393,900.0,none
20210811,6,6,2,False,False,122,69,0.141975309,69.0,none
20210811,7,7,2,False,False,132,527,0.996219282,527.0,none
20210811,8,8,2,False,False,203,783,0.964285714,783.0,none
20210811,9,9,2,False,False,179,885,1.239495798,885.0,none
20210811,10,10,2,False,False,183,4050,5.532786885,4050.0,none
20210811,11,11,2,False,False,184,1856,2.52173913,1856.0,none
20210811,12,12,2,False,False,113,187,0.412803532,187.0,none
20210811,13,13,2,False,False,183,500,0.684931507,500.0,none
20210811,14,14,2,False,False,187,979,1.307076101,979.0,none
20210811,15,15,2,False,False,153,1734,2.83797054,1734.0,none
20210811,16,16,2,False,False,182,330,0.45392022,330.0,none
20210811,17,17,2,False,False,151,251,0.416252073,251.0,none
20210811,18,18,2,False,False,180,2420,3.370473538,2420.0,none
20210811,19,19,2,False,False,150,3724,6.196339434,3724.0,none
20210811,20,20,2,False,False,125,6,0.012024048,6.0,none
20210811,21,21,2,False,False,108,69,0.159353349,69.0,none
20210811,22,22,2,False,False,110,98,0.222727273,98.0,none
20210811,23,23,2,False,False,99,26,0.065491184,26.0,none
20210812,0,0,3,False,True,76,0,0.0,82.5,interp
20210812,1,1,3,False,False,105,139,0.331742243,139.0,none
20210812,2,2,3,False,False,108,108,0.251162791,108.0,none
20210812,3,3,3,False,False,104,191,0.460240964,191.0,none
20210812,4,4,3,False,False,107,108,0.251748252,108.0,none
20210812,5,5,3,False,False,89,459,1.292957746,459.0,none
20210812,6,6,3,False,False,114,300,0.656455142,300.0,none
20210812,7,7,3,False,False,130,702,1.352601156,702.0,none
20210812,8,8,3,False,False,187,1250,1.671122995,1250.0,none
20210812,9,9,3,False,False,181,1195,1.655124654,1195.0,none
20210812,10,10,3,False,False,177,990,1.400282885,990.0,none
20210812,11,11,3,False,False,188,1075,1.433333333,1075.0,none
20210812,12,12,3,False,False,120,85,0.177824268,85.0,none
20210812,13,13,3,False,False,170,1315,1.933823529,1315.0,none
20210812,14,14,3,False,False,184,1222,1.65807327,1222.0,none
20210812,15,15,3,False,False,165,768,1.161875946,768.0,none
20210812,16,16,3,False,False,170,6810,10.02945508,6810.0,none
20210812,17,17,3,False,False,135,635,1.173752311,635.0,none
20210812,18,18,3,False,False,172,1081,1.575801749,1081.0,none
20210812,19,19,3,False,False,161,3692,5.732919255,3692.0,none
20210812,20,20,3,False,False,125,114,0.228915663,114.0,none
20210812,21,21,3,False,True,112,0,0.0,109.33333333333333,interp
20210812,22,22,3,False,True,116,0,0.0,104.66666666666667,interp
20210812,23,23,3,False,False,103,100,0.242718447,100.0,none
20210813,0,0,4,False,False,72,137,0.477351916,137.0,none
20210813,1,1,4,False,False,100,45,0.113065327,45.0,none
20210813,2,2,4,False,False,112,100,0.223214286,100.0,none
20210813,3,3,4,False,False,116,190,0.411255411,190.0,none
20210813,4,4,4,False,False,110,97,0.221461187,97.0,none
20210813,5,5,4,False,True,88,0,0.0,464.0,interp
20210813,6,6,4,False,False,110,831,1.884353741,831.0,none
20210813,7,7,4,False,False,136,352,0.64825046,352.0,none
20210813,8,8,4,False,False,196,1107,1.413793103,1107.0,none
20210813,9,9,4,False,False,188,1246,1.659121172,1246.0,none
20210813,10,10,4,False,False,184,1023,1.39373297,1023.0,none
20210813,11,11,4,False,False,196,1809,2.310344828,1809.0,none
20210813,12,12,4,False,False,111,30,0.067873303,30.0,none
20210813,13,13,4,False,False,183,1393,1.900409277,1393.0,none
20210813,14,14,4,False,False,189,1512,1.997357992,1512.0,none
20210813,15,15,4,False,False,167,1316,1.97005988,1316.0,none
20210813,16,16,4,False,False,183,1055,1.443228454,1055.0,none
20210813,17,17,4,False,False,149,770,1.294117647,770.0,none
20210813,18,18,4,False,False,174,1523,2.18507891,1523.0,none
20210813,19,19,4,False,False,146,2206,3.783876501,2206.0,none
20210813,20,20,4,False,True,117,0,0.0,1130.5,interp
20210813,21,21,4,False,False,113,55,0.12195122,55.0,none
20210813,22,22,4,False,False,109,832,1.917050691,832.0,none
20210813,23,23,4,False,False,97,39,0.100775194,39.0,none
20210814,0,0,5,False,True,62,0,0.0,138.0,interp
20210814,1,1,5,False,False,97,237,0.610824742,237.0,none
20210814,2,2,5,False,False,107,61,0.142523364,61.0,none
20210814,3,3,5,False,False,91,61,0.168044077,61.0,none
20210814,4,4,5,False,False,98,40,0.10230179,40.0,none
20210814,5,5,5,False,False,83,198,0.594594595,198.0,none
20210814,6,6,5,False,False,86,136,0.396501458,136.0,none
20210814,7,7,5,False,False,53,796,3.737089202,796.0,none
20210814,8,8,5,False,False,23,0,0.0,0.0,none
20210814,9,9,5,False,False,22,0,0.0,0.0,none
20210814,10,10,5,False,False,21,0,0.0,0.0,none
20210814,11,11,5,False,False,23,0,0.0,0.0,none
20210814,12,12,5,False,False,22,0,0.0,0.0,none
20210814,13,13,5,False,False,21,0,0.0,0.0,none
20210814,14,14,5,False,False,22,0,0.0,0.0,none
20210814,15,15,5,False,False,23,0,0.0,0.0,none
20210814,16,16,5,False,False,22,0,0.0,0.0,none
20210814,17,17,5,False,False,21,0,0.0,0.0,none
20210814,18,18,5,False,False,22,0,0.0,0.0,none
20210814,19,19,5,False,False,23,0,0.0,0.0,none
20210814,20,20,5,False,False,22,0,0.0,0.0,none
20210814,21,21,5,False,False,22,0,0.0,0.0,none
20210814,22,22,5,False,False,23,0,0.0,0.0,none
20210814,23,23,5,False,False,22,0,0.0,0.0,none
20210815,0,0,6,False,False,22,0,0.0,0.0,none
20210815,1,1,6,False,False,23,0,0.0,0.0,none
20210815,2,2,6,False,False,22,0,0.0,0.0,none
20210815,3,3,6,False,False,21,0,0.0,0.0,none
20210815,4,4,6,False,False,22,0,0.0,0.0,none
20210815,5,5,6,False,False,23,0,0.0,0.0,none
20210815,6,6,6,False,False,22,0,0.0,0.0,none
20210815,7,7,6,False,False,21,0,0.0,0.0,none
20210815,8,8,6,False,False,23,0,0.0,0.0,none
20210815,9,9,6,False,False,23,0,0.0,0.0,none
20210815,10,10,6,False,False,21,0,0.0,0.0,none
20210815,11,11,6,False,False,22,0,0.0,0.0,none
20210815,12,12,6,False,False,23,0,0.0,0.0,none
20210815,13,13,6,False,False,22,0,0.0,0.0,none
20210815,14,14,6,False,False,22,0,0.0,0.0,none
20210815,15,15,6,False,False,21,0,0.0,0.0,none
20210815,16,16,6,False,False,23,0,0.0,0.0,none
20210815,17,17,6,False,False,22,0,0.0,0.0,none
20210815,18,18,6,False,False,21,0,0.0,0.0,none
20210815,19,19,6,False,False,23,0,0.0,0.0,none
20210815,20,20,6,False,False,22,0,0.0,0.0,none
20210815,21,21,6,False,False,22,0,0.0,0.0,none
20210815,22,22,6,False,False,23,0,0.0,0.0,none
20210815,23,23,6,False,False,23,0,0.0,0.0,none
20210816,0,0,0,False,False,22,0,0.0,0.0,none
20210816,1,1,0,False,False,21,0,0.0,0.0,none
20210816,2,2,0,False,False,23,0,0.0,0.0,none
20210816,3,3,0,False,False,21,0,0.0,0.0,none
20210816,4,4,0,False,False,22,0,0.0,0.0,none
20210816,5,5,0,False,False,22,0,0.0,0.0,none
20210816,6,6,0,False,False,23,0,0.0,0.0,none
20210816,7,7,0,False,False,60,27,0.112970711,27.0,none
20210816,8,8,0,False,False,174,566,0.81205165,566.0,none
20210816,9,9,0,False,False,183,642,0.879452055,642.0,none
20210816,10,10,0,False,False,144,1720,2.991304348,1720.0,none
20210816,11,11,0,False,False,155,1472,2.374193548,1472.0,none
20210816,12,12,0,False,True,97,0,0.0,1438.0,interp
20210816,13,13,0,False,False,153,1404,2.301639344,1404.0,none
20210816,14,14,0,False,False,146,1828,3.130136986,1828.0,none
20210816,15,15,0,False,False,133,547,1.032075472,547.0,none
20210816,16,16,0,False,False,116,1490,3.204301075,1490.0,none
20210816,17,17,0,False,True,100,0,0.0,756.0,interp
20210816,18,18,0,False,False,92,22,0.06010929,22.0,none
20210816,19,19,0,False,False,89,31,0.086834734,31.0,none
20210816,20,20,0,False,False,98,130,0.330788804,130.0,none
20210816,21,21,0,False,False,112,138,0.308724832,138.0,none
20210816,22,22,0,False,False,95,35,0.091863517,35.0,none
20210816,23,23,0,False,False,96,186,0.486910995,186.0,none
20210817,0,0,1,False,False,70,141,0.507194245,141.0,none
20210817,1,1,1,False,False,96,267,0.693506494,267.0,none
20210817,2,2,1,False,False,98,238,0.605597964,238.0,none
20210817,3,3,1,False,False,92,127,0.344173442,127.0,none
20210817,4,4,1,False,False,93,36,0.096514745,36.0,none
20210817,5,5,1,False,False,86,86,0.251461988,86.0,none
20210817,6,6,1,False,False,94,290,0.77540107,290.0,none
20210817,7,7,1,False,False,125,1761,3.536144578,1761.0,none
20210817,8,8,1,False,False,164,930,1.415525114,930.0,none
20210817,9,9,1,False,False,163,1618,2.485407066,1618.0,none
20210817,10,10,1,False,False,153,1182,1.931372549,1182.0,none
20210817,11,11,1,False,False,169,1144,1.692307692,1144.0,none
20210817,12,12,1,False,True,110,0,0.0,2007.0,interp
20210817,13,13,1,False,False,162,2870,4.429012346,2870.0,none
20210817,14,14,1,False,False,161,1412,2.195956454,1412.0,none
20210817,15,15,1,False,False,150,7913,13.16638935,7913.0,none
20210817,16,16,1,False,False,152,3108,5.111842105,3108.0,none
20210817,17,17,1,False,False,113,540,1.2,540.0,none
20210817,18,18,1,False,False,149,1575,2.638190955,1575.0,none
20210817,19,19,1,False,False,138,3586,6.52,3586.0,none
20210817,20,20,1,False,False,120,116,0.241666667,116.0,none
20210817,21,21,1,False,False,118,154,0.326963907,154.0,none
20210817,22,22,1,False,False,110,58,0.132118451,58.0,none
20210817,23,23,1,False,False,104,127,0.306024096,127.0,none
20210818,0,0,2,False,False,65,4,0.015384615,4.0,none
20210818,1,1,2,False,False,95,270,0.708661417,270.0,none
20210818,2,2,2,False,False,103,344,0.83902439,344.0,none
20210818,3,3,2,False,False,91,247,0.678571429,247.0,none
20210818,4,4,2,False,False,95,455,1.197368421,455.0,none
20210818,5,5,2,False,False,83,105,0.318181818,105.0,none
20210818,6,6,2,False,False,101,127,0.315136476,127.0,none
20210818,7,7,2,False,False,125,1144,2.297188755,1144.0,none
20210818,8,8,2,False,False,163,1358,2.079632466,1358.0,none
20210818,9,9,2,False,False,169,835,1.235207101,835.0,none
20210818,10,10,2,False,False,159,1429,2.246855346,1429.0,none
20210818,11,11,2,False,False,173,2090,3.024602026,2090.0,none
20210818,12,12,2,False,False,102,1015,2.493857494,1015.0,none
20210818,13,13,2,False,False,171,565,0.824817518,565.0,none
20210818,14,14,2,False,False,179,1872,2.610878661,1872.0,none
20210818,15,15,2,False,False,170,1482,2.182621502,1482.0,none
20210818,16,16,2,False,False,166,1933,2.919939577,1933.0,none
20210818,17,17,2,False,False,141,558,0.991119005,558.0,none
20210818,18,18,2,False,False,164,1633,2.496941896,1633.0,none
20210818,19,19,2,False,False,143,2203,3.844677138,2203.0,none
20210818,20,20,2,False,False,120,100,0.209205021,100.0,none
20210818,21,21,2,False,False,115,56,0.122270742,56.0,none
20210818,22,22,2,False,False,112,102,0.228187919,102.0,none
20210818,23,23,2,False,False,105,136,0.325358852,136.0,none
20210819,0,0,3,False,False,71,53,0.187279152,53.0,none
20210819,1,1,3,False,False,102,85,0.207823961,85.0,none
20210819,2,2,3,False,False,109,173,0.396788991,173.0,none
20210819,3,3,3,False,False,109,60,0.137931034,60.0,none
20210819,4,4,3,False,False,104,114,0.274698795,114.0,none
20210819,5,5,3,False,False,88,399,1.14,399.0,none
20210819,6,6,3,False,False,109,459,1.052752294,459.0,none
20210819,7,7,3,False,False,123,745,1.514227642,745.0,none
20210819,8,8,3,False,False,174,670,0.964028777,670.0,none
20210819,9,9,3,False,False,174,942,1.353448276,942.0,none
20210819,10,10,3,False,False,163,1599,2.46,1599.0,none
20210819,11,11,3,False,False,177,2542,3.595473833,2542.0,none
20210819,12,12,3,False,False,105,380,0.906921241,380.0,none
20210819,13,13,3,False,False,168,2129,3.172876304,2129.0,none
20210819,14,14,3,False,False,175,2843,4.061428571,2843.0,none
20210819,15,15,3,False,False,170,349,0.512481645,349.0,none
20210819,16,16,3,False,False,166,3020,4.55505279,3020.0,none
20210819,17,17,3,False,False,130,510,0.984555985,510.0,none
20210819,18,18,3,False,False,152,3195,5.246305419,3195.0,none
20210819,19,19,3,False,False,147,5336,9.090289608,5336.0,none
20210819,20,20,3,False,False,128,8,0.015594542,8.0,none
20210819,21,21,3,False,False,121,132,0.272164948,132.0,none
20210819,22,22,3,False,False,116,28,0.060475162,28.0,none
20210819,23,23,3,False,False,110,205,0.466970387,205.0,none
20210820,0,0,4,False,False,73,338,1.157534247,338.0,none
20210820,1,1,4,False,False,101,47,0.11662531,47.0,none
20210820,2,2,4,False,False,107,40,0.093457944,40.0,none
20210820,3,3,4,False,False,102,537,1.312958435,537.0,none
20210820,4,4,4,False,False,99,216,0.545454545,216.0,none
20210820,5,5,4,False,False,88,304,0.868571429,304.0,none
20210820,6,6,4,False,False,111,14,0.031674208,14.0,none
20210820,7,7,4,False,False,127,793,1.561023622,793.0,none
20210820,8,8,4,False,False,171,650,0.951683748,650.0,none
20210820,9,9,4,False,False,165,881,1.332829047,881.0,none
20210820,10,10,4,False,False,157,1450,2.305246423,1450.0,none
20210820,11,11,4,False,False,187,3707,4.955882353,3707.0,none
20210820,12,12,4,False,False,111,5245,11.83972912,5245.0,none
20210820,13,13,4,False,False,177,1382,1.94922426,1382.0,none
20210820,14,14,4,False,False,175,3002,4.300859599,3002.0,none
20210820,15,15,4,False,False,159,1383,2.174528302,1383.0,none
20210820,16,16,4,False,False,171,1774,2.601173021,1774.0,none
20210820,17,17,4,False,False,134,282,0.526119403,282.0,none
20210820,18,18,4,False,False,155,909,1.468497577,909.0,none
20210820,19,19,4,False,False,125,1199,2.393213573,1199.0,none
20210820,20,20,4,False,False,114,465,1.019736842,465.0,none
20210820,21,21,4,False,False,118,100,0.21141649,100.0,none
20210820,22,22,4,False,False,106,64,0.151300236,64.0,none
20210820,23,23,4,False,False,98,431,1.096692112,431.0,none
20210821,0,0,5,False,False,63,524,2.079365079,524.0,none
20210821,1,1,5,False,False,95,106,0.279683377,106.0,none
20210821,2,2,5,False,False,104,38,0.091127098,38.0,none
20210821,3,3,5,False,False,94,1064,2.844919786,1064.0,none
20210821,4,4,5,False,False,104,156,0.374100719,156.0,none
20210821,5,5,5,False,False,95,30,0.079365079,30.0,none
20210821,6,6,5,False,False,99,522,1.324873096,522.0,none
20210821,7,7,5,False,False,69,1354,4.941605839,1354.0,none
20210821,8,8,5,False,False,23,0,0.0,0.0,none
20210821,9,9,5,False,False,21,0,0.0,0.0,none
20210821,10,10,5,False,False,21,0,0.0,0.0,none
20210821,11,11,5,False,False,23,0,0.0,0.0,none
20210821,12,12,5,False,False,22,0,0.0,0.0,none
20210821,13,13,5,False,False,21,0,0.0,0.0,none
20210821,14,14,5,False,False,23,0,0.0,0.0,none
20210821,15,15,5,False,False,22,0,0.0,0.0,none
20210821,16,16,5,False,False,22,0,0.0,0.0,none
20210821,17,17,5,False,False,22,0,0.0,0.0,none
20210821,18,18,5,False,False,25,0,0.0,0.0,none
20210821,19,19,5,False,False,21,0,0.0,0.0,none
20210821,20,20,5,False,False,22,0,0.0,0.0,none
20210821,21,21,5,False,False,23,0,0.0,0.0,none
20210821,22,22,5,False,False,25,0,0.0,0.0,none
20210821,23,23,5,False,False,22,0,0.0,0.0,none
20210822,0,0,6,False,False,22,0,0.0,0.0,none
20210822,1,1,6,False,False,23,0,0.0,0.0,none
20210822,2,2,6,False,False,24,0,0.0,0.0,none
20210822,3,3,6,False,False,23,0,0.0,0.0,none
20210822,4,4,6,False,False,22,0,0.0,0.0,none
20210822,5,5,6,False,False,24,0,0.0,0.0,none
20210822,6,6,6,False,False,22,0,0.0,0.0,none
20210822,7,7,6,False,False,22,0,0.0,0.0,none
20210822,8,8,6,False,False,22,0,0.0,0.0,none
20210822,9,9,6,False,False,24,0,0.0,0.0,none
20210822,10,10,6,False,False,22,0,0.0,0.0,none
20210822,11,11,6,False,False,22,0,0.0,0.0,none
20210822,12,12,6,False,False,23,0,0.0,0.0,none
20210822,13,13,6,False,False,24,0,0.0,0.0,none
20210822,14,14,6,False,False,23,0,0.0,0.0,none
20210822,15,15,6,False,False,23,0,0.0,0.0,none
20210822,16,16,6,False,False,25,0,0.0,0.0,none
20210822,17,17,6,False,False,22,0,0.0,0.0,none
20210822,18,18,6,False,False,22,0,0.0,0.0,none
20210822,19,19,6,False,False,22,0,0.0,0.0,none
20210822,20,20,6,False,False,24,0,0.0,0.0,none
20210822,21,21,6,False,False,22,0,0.0,0.0,none
20210822,22,22,6,False,False,23,0,0.0,0.0,none
20210822,23,23,6,False,False,23,0,0.0,0.0,none
20210823,0,0,0,False,False,23,0,0.0,0.0,none
20210823,1,1,0,False,False,23,0,0.0,0.0,none
20210823,2,2,0,False,False,23,0,0.0,0.0,none
20210823,3,3,0,False,False,24,0,0.0,0.0,none
20210823,4,4,0,False,False,22,0,0.0,0.0,none
20210823,5,5,0,False,False,22,0,0.0,0.0,none
20210823,6,6,0,False,False,21,0,0.0,0.0,none
20210823,7,7,0,False,True,58,0,0.0,25.5,dow_median
20210823,8,8,0,False,False,167,759,1.136227545,759.0,none
20210823,9,9,0,False,False,180,1105,1.536856745,1105.0,none
20210823,10,10,0,False,False,170,884,1.30191458,884.0,none
20210823,11,11,0,False,False,184,1300,1.763907734,1300.0,none
20210823,12,12,0,False,False,116,333,0.720779221,333.0,none
20210823,13,13,0,False,False,184,1758,2.395095368,1758.0,none
20210823,14,14,0,False,False,184,4563,6.191316147,4563.0,none
20210823,15,15,0,False,False,180,674,0.938718663,674.0,none
20210823,16,16,0,False,False,172,2742,3.997084548,2742.0,none
20210823,17,17,0,False,False,142,362,0.636203866,362.0,none
20210823,18,18,0,False,False,156,651,1.04494382,651.0,none
20210823,19,19,0,False,False,129,1052,2.046692607,1052.0,none
20210823,20,20,0,False,False,112,8,0.017857143,8.0,none
20210823,21,21,0,False,False,111,222,0.5,222.0,none
20210823,22,22,0,False,False,109,14,0.032110092,14.0,none
20210823,23,23,0,False,False,96,153,0.399477807,153.0,none
20210824,0,0,1,False,True,65,0,0.0,131.0,interp
20210824,1,1,1,False,False,105,109,0.260143198,109.0,none
20210824,2,2,1,False,False,110,127,0.28929385,127.0,none
20210824,3,3,1,False,False,105,12,0.028708134,12.0,none
20210824,4,4,1,False,False,108,4,0.009259259,4.0,none
20210824,5,5,1,False,False,88,38,0.107954545,38.0,none
20210824,6,6,1,False,False,109,86,0.197247706,86.0,none
20210824,7,7,1,False,False,131,583,1.11259542,583.0,none
20210824,8,8,1,False,False,187,2623,3.516085791,2623.0,none
20210824,9,9,1,False,False,181,516,0.713692946,516.0,none
20210824,10,10,1,False,False,171,1007,1.474377745,1007.0,none
20210824,11,11,1,False,False,183,901,1.234246575,901.0,none
20210824,12,12,1,False,False,115,164,0.357298475,164.0,none
20210824,13,13,1,False,False,174,2240,3.218390805,2240.0,none
20210824,14,14,1,False,False,186,510,0.68640646,510.0,none
20210824,15,15,1,False,False,175,1537,2.202005731,1537.0,none
20210824,16,16,1,False,False,184,2281,3.103401361,2281.0,none
20210824,17,17,1,False,False,139,797,1.433453237,797.0,none
20210824,18,18,1,False,False,152,1411,2.328382838,1411.0,none
20210824,19,19,1,False,False,150,1762,2.936666667,1762.0,none
20210824,20,20,1,False,True,121,0,0.0,948.5,interp
20210824,21,21,1,False,False,121,135,0.278350515,135.0,none
20210824,22,22,1,False,False,113,14,0.031111111,14.0,none
20210824,23,23,1,False,False,99,98,0.246851385,98.0,none
20210825,0,0,2,False,True,77,0,0.0,77.0,interp
20210825,1,1,2,False,False,104,56,0.134292566,56.0,none
20210825,2,2,2,False,False,109,227,0.519450801,227.0,none
20210825,3,3,2,False,False,99,28,0.07106599,28.0,none
20210825,4,4,2,False,False,109,63,0.144827586,63.0,none
20210825,5,5,2,False,False,91,46,0.126027397,46.0,none
20210825,6,6,2,False,False,104,323,0.776442308,323.0,none
20210825,7,7,2,False,False,139,506,0.911711712,506.0,none
20210825,8,8,2,False,False,174,470,0.677233429,470.0,none
20210825,9,9,2,False,False,171,2173,3.176900585,2173.0,none
20210825,10,10,2,False,False,177,1134,1.601694915,1134.0,none
20210825,11,11,2,False,False,173,1409,2.036127168,1409.0,none
20210825,12,12,2,False,False,110,162,0.369020501,162.0,none
20210825,13,13,2,False,False,174,1825,2.625899281,1825.0,none
20210825,14,14,2,False,False,177,2166,3.059322034,2166.0,none
20210825,15,15,2,False,False,169,1786,2.649851632,1786.0,none
20210825,16,16,2,False,False,162,1158,1.789799073,1158.0,none
20210825,17,17,2,False,False,146,5718,9.824742268,5718.0,none
20210825,18,18,2,False,False,167,1184,1.77245509,1184.0,none
20210825,19,19,2,False,False,139,1345,2.419064748,1345.0,none
20210825,20,20,2,False,False,111,67,0.150900901,67.0,none
20210825,21,21,2,False,False,121,112,0.230927835,112.0,none
20210825,22,22,2,False,False,110,102,0.231818182,102.0,none
20210825,23,23,2,False,False,105,16,0.038186158,16.0,none
20210826,0,0,3,False,False,72,415,1.451048951,415.0,none
20210826,1,1,3,False,False,103,24,0.05811138,24.0,none
20210826,2,2,3,False,False,115,277,0.603485839,277.0,none
20210826,3,3,3,False,False,99,30,0.075566751,30.0,none
20210826,4,4,3,False,False,110,96,0.219178082,96.0,none
20210826,5,5,3,False,False,92,139,0.379781421,139.0,none
20210826,6,6,3,False,False,105,393,0.940191388,393.0,none
20210826,7,7,3,False,False,134,1981,3.702803738,1981.0,none
20210826,8,8,3,False,False,183,592,0.809849521,592.0,none
20210826,9,9,3,False,False,195,1269,1.629011553,1269.0,none
20210826,10,10,3,False,False,180,286,0.397222222,286.0,none
20210826,11,11,3,False,False,188,1425,1.892430279,1425.0,none
20210826,12,12,3,False,False,111,37,0.083710407,37.0,none
20210826,13,13,3,False,False,183,1792,2.444747613,1792.0,none
20210826,14,14,3,False,False,185,746,1.00947226,746.0,none
20210826,15,15,3,False,False,188,2034,2.712,2034.0,none
20210826,16,16,3,False,False,173,645,0.933429812,645.0,none
20210826,17,17,3,False,False,132,301,0.571157495,301.0,none
20210826,18,18,3,False,False,162,2864,4.433436533,2864.0,none
20210826,19,19,3,False,False,156,4012,6.4192,4012.0,none
20210826,20,20,3,False,False,116,203,0.4375,203.0,none
20210826,21,21,3,False,False,125,10,0.020080321,10.0,none
20210826,22,22,3,False,False,111,123,0.277027027,123.0,none
20210826,23,23,3,False,False,105,370,0.885167464,370.0,none
20210827,0,0,4,False,True,72,0,0.0,206.5,interp
20210827,1,1,4,False,False,102,43,0.105134474,43.0,none
20210827,2,2,4,False,False,111,1024,2.301123596,1024.0,none
20210827,3,3,4,False,False,102,334,0.816625917,334.0,none
20210827,4,4,4,False,False,108,293,0.681395349,293.0,none
20210827,5,5,4,False,False,86,73,0.213450292,73.0,none
20210827,6,6,4,False,False,101,189,0.470149254,189.0,none
20210827,7,7,4,False,False,125,698,1.398797595,698.0,none
20210827,8,8,4,False,False,181,263,0.363259669,263.0,none
20210827,9,9,4,False,False,176,1321,1.879089616,1321.0,none
20210827,10,10,4,False,False,169,1056,1.562130178,1056.0,none
20210827,11,11,4,False,False,175,2214,3.171919771,2214.0,none
20210827,12,12,4,False,False,106,326,0.767058824,326.0,none
20210827,13,13,4,False,False,173,1925,2.785817656,1925.0,none
20210827,14,14,4,False,False,165,3481,5.266263238,3481.0,none
20210827,15,15,4,False,False,162,4309,6.670278638,4309.0,none
20210827,16,16,4,False,False,156,3764,6.0224,3764.0,none
20210827,17,17,4,False,False,142,1054,1.858906526,1054.0,none
20210827,18,18,4,False,False,143,672,1.174825175,672.0,none
20210827,19,19,4,False,False,127,1643,3.227897839,1643.0,none
20210827,20,20,4,False,False,108,518,1.199074074,518.0,none
20210827,21,21,4,False,False,107,238,0.557377049,238.0,none
20210827,22,22,4,False,False,96,61,0.15926893,61.0,none
20210827,23,23,4,False,False,102,270,0.660146699,270.0,none
20210828,0,0,5,False,False,72,174,0.604166667,174.0,none
20210828,1,1,5,False,False,104,160,0.383693046,160.0,none
20210828,2,2,5,False,False,111,68,0.153846154,68.0,none
20210828,3,3,5,False,False,102,54,0.13202934,54.0,none
20210828,4,4,5,False,False,103,440,1.073170732,440.0,none
20210828,5,5,5,False,False,87,29,0.083573487,29.0,none
20210828,6,6,5,False,False,98,332,0.846938776,332.0,none
20210828,7,7,5,False,False,66,542,2.045283019,542.0,none
20210828,8,8,5,False,False,35,0,0.0,0.0,none
20210828,9,9,5,False,False,36,0,0.0,0.0,none
20210828,10,10,5,False,False,38,0,0.0,0.0,none
20210828,11,11,5,False,False,37,0,0.0,0.0,none
20210828,12,12,5,False,False,38,0,0.0,0.0,none
20210828,13,13,5,False,False,38,0,0.0,0.0,none
20210828,14,14,5,False,False,38,0,0.0,0.0,none
20210828,15,15,5,False,False,38,0,0.0,0.0,none
20210828,16,16,5,False,False,46,0,0.0,0.0,none
20210828,17,17,5,False,False,22,0,0.0,0.0,none
20210828,18,18,5,False,False,0,0,,0.0,none
20210828,19,19,5,False,False,0,0,,0.0,none
20210828,20,20,5,False,False,0,0,,0.0,none
20210828,21,21,5,False,False,0,0,,0.0,none
20210828,22,22,5,False,False,0,0,,0.0,none
20210828,23,23,5,False,False,0,0,,0.0,none
20210829,0,0,6,False,False,0,0,,0.0,none
20210829,1,1,6,False,False,0,0,,0.0,none
20210829,2,2,6,False,False,0,0,,0.0,none
20210829,3,3,6,False,False,0,0,,0.0,none
20210829,4,4,6,False,False,0,0,,0.0,none
20210829,5,5,6,False,False,0,0,,0.0,none
20210829,6,6,6,False,False,0,0,,0.0,none
20210829,7,7,6,False,False,0,0,,0.0,none
20210829,8,8,6,False,False,0,0,,0.0,none
20210829,9,9,6,False,False,0,0,,0.0,none
20210829,10,10,6,False,False,0,0,,0.0,none
20210829,11,11,6,False,False,17,0,0.0,0.0,none
20210829,12,12,6,False,False,22,0,0.0,0.0,none
20210829,13,13,6,False,False,19,0,0.0,0.0,none
20210829,14,14,6,False,False,22,0,0.0,0.0,none
20210829,15,15,6,False,False,21,0,0.0,0.0,none
20210829,16,16,6,False,False,22,0,0.0,0.0,none
20210829,17,17,6,False,False,26,0,0.0,0.0,none
20210829,18,18,6,False,False,24,0,0.0,0.0,none
20210829,19,19,6,False,False,21,0,0.0,0.0,none
20210829,20,20,6,False,False,20,0,0.0,0.0,none
20210829,21,21,6,False,False,20,0,0.0,0.0,none
20210829,22,22,6,False,False,22,0,0.0,0.0,none
20210829,23,23,6,False,False,20,0,0.0,0.0,none
20210830,0,0,0,False,False,20,0,0.0,0.0,none
20210830,1,1,0,False,False,21,0,0.0,0.0,none
20210830,2,2,0,False,False,21,0,0.0,0.0,none
20210830,3,3,0,False,False,20,0,0.0,0.0,none
20210830,4,4,0,False,False,20,0,0.0,0.0,none
20210830,5,5,0,False,False,20,0,0.0,0.0,none
20210830,6,6,0,False,False,21,0,0.0,0.0,none
20210830,7,7,0,False,True,52,0,0.0,25.5,dow_median
20210830,8,8,0,False,False,167,879,1.315868263,879.0,none
20210830,9,9,0,False,False,170,1343,1.977908689,1343.0,none
20210830,10,10,0,False,False,171,844,1.232116788,844.0,none
20210830,11,11,0,False,False,171,766,1.118248175,766.0,none
20210830,12,12,0,False,False,114,448,0.980306346,448.0,none
20210830,13,13,0,False,False,172,383,0.558309038,383.0,none
20210830,14,14,0,False,False,171,1151,1.685212299,1151.0,none
20210830,15,15,0,False,False,160,1585,2.484326019,1585.0,none
20210830,16,16,0,False,False,170,1095,1.610294118,1095.0,none
20210830,17,17,0,False,False,140,140,0.250447227,140.0,none
20210830,18,18,0,False,False,168,579,0.864179104,579.0,none
20210830,19,19,0,False,False,144,827,1.440766551,827.0,none
20210830,20,20,0,False,False,128,13,0.025490196,13.0,none
20210830,21,21,0,False,False,129,54,0.104651163,54.0,none
20210830,22,22,0,False,False,116,461,0.997835498,461.0,none
20210830,23,23,0,False,False,105,151,0.358669834,151.0,none
20210831,0,0,1,False,False,73,204,0.701030928,204.0,none
20210831,1,1,1,False,False,106,353,0.830588235,353.0,none
20210831,2,2,1,False,False,108,306,0.70669746,306.0,none
20210831,3,3,1,False,False,101,378,0.940298507,378.0,none
20210831,4,4,1,False,False,110,248,0.562358277,248.0,none
20210831,5,5,1,False,False,93,200,0.537634409,200.0,none
20210831,6,6,1,False,False,113,266,0.589800443,266.0,none
20210831,7,7,1,False,False,123,919,1.864097363,919.0,none
20210831,8,8,1,False,False,167,653,0.97754491,653.0,none
20210831,9,9,1,False,False,169,942,1.395555556,942.0,none
20210831,10,10,1,False,False,176,1026,1.457386364,1026.0,none
20210831,11,11,1,False,False,165,1255,1.904400607,1255.0,none
20210831,12,12,1,False,False,112,194,0.433035714,194.0,none
20210831,13,13,1,False,False,174,710,1.021582734,710.0,none
20210831,14,14,1,False,False,182,1198,1.645604396,1198.0,none
20210831,15,15,1,False,False,157,1803,2.86645469,1803.0,none
20210831,16,16,1,False,False,167,2164,3.249249249,2164.0,none
20210831,17,17,1,False,False,125,350,0.698602794,350.0,none
20210831,18,18,1,False,False,156,1029,1.654340836,1029.0,none
20210831,19,19,1,False,False,148,1381,2.340677966,1381.0,none
20210831,20,20,1,False,False,147,179,0.303904924,179.0,none
20210831,21,21,1,False,False,131,133,0.254789272,133.0,none
20210831,22,22,1,False,False,119,366,0.770526316,366.0,none
20210831,23,23,1,False,False,112,186,0.414253898,186.0,none
20210901,0,0,2,False,False,74,178,0.605442177,178.0,none
20210901,1,1,2,False,False,109,1160,2.660550459,1160.0,none
20210901,2,2,2,False,False,114,414,0.90989011,414.0,none
20210901,3,3,2,False,False,99,507,1.283544304,507.0,none
20210901,4,4,2,False,False,115,154,0.334056399,154.0,none
20210901,5,5,2,False,False,92,248,0.675749319,248.0,none
20210901,6,6,2,False,False,116,88,0.19047619,88.0,none
20210901,7,7,2,False,False,124,1747,3.536437247,1747.0,none
20210901,8,8,2,False,False,180,829,1.149791956,829.0,none
20210901,9,9,2,False,False,182,1338,1.842975207,1338.0,none
20210901,10,10,2,False,False,185,806,1.089189189,806.0,none
20210901,11,11,2,False,False,174,1677,2.41294964,1677.0,none
20210901,12,12,2,False,False,117,36,0.077087794,36.0,none
20210901,13,13,2,False,False,182,1498,2.057692308,1498.0,none
20210901,14,14,2,False,False,184,2107,2.862771739,2107.0,none
20210901,15,15,2,False,False,173,1155,1.669075145,1155.0,none
20210901,16,16,2,False,False,176,1460,2.07977208,1460.0,none
20210901,17,17,2,False,False,139,437,0.784560144,437.0,none
20210901,18,18,2,False,False,163,1288,1.972434916,1288.0,none
20210901,19,19,2,False,False,152,1332,2.194398682,1332.0,none
20210901,20,20,2,False,False,129,379,0.734496124,379.0,none
20210901,21,21,2,False,False,131,386,0.736641221,386.0,none
20210901,22,22,2,False,False,119,120,0.251572327,120.0,none
20210901,23,23,2,False,False,114,294,0.647577093,294.0,none
20210902,0,0,3,False,False,79,190,0.603174603,190.0,none
20210902,1,1,3,False,False,112,216,0.483221477,216.0,none
20210902,2,2,3,False,False,114,367,0.806593407,367.0,none
20210902,3,3,3,False,False,106,64,0.150943396,64.0,none
20210902,4,4,3,False,False,114,310,0.679824561,310.0,none
20210902,5,5,3,False,False,93,320,0.857908847,320.0,none
20210902,6,6,3,False,False,115,654,1.427947598,654.0,none
20210902,7,7,3,False,False,141,598,1.05840708,598.0,none
20210902,8,8,3,False,False,166,811,1.221385542,811.0,none
20210902,9,9,3,False,False,184,990,1.348773842,990.0,none
20210902,10,10,3,False,False,179,770,1.076923077,770.0,none
20210902,11,11,3,False,False,182,661,0.907967033,661.0,none
20210902,12,12,3,False,False,112,73,0.163310962,73.0,none
20210902,13,13,3,False,False,174,1379,1.9870317,1379.0,none
20210902,14,14,3,False,False,192,1151,1.498697917,1151.0,none
20210902,15,15,3,False,False,170,929,1.364170338,929.0,none
20210902,16,16,3,False,False,174,1385,1.987087518,1385.0,none
20210902,17,17,3,False,False,132,1297,2.451795841,1297.0,none
20210902,18,18,3,False,False,159,4490,7.070866142,4490.0,none
20210902,19,19,3,False,False,161,1893,2.944012442,1893.0,none
20210902,20,20,3,False,False,132,82,0.15530303,82.0,none
20210902,21,21,3,False,False,131,446,0.851145038,446.0,none
20210902,22,22,3,False,False,114,145,0.317982456,145.0,none
20210902,23,23,3,False,False,119,130,0.272536688,130.0,none
20210903,0,0,4,False,False,69,26,0.094545455,26.0,none
20210903,1,1,4,False,False,109,188,0.43020595,188.0,none
20210903,2,2,4,False,False,112,402,0.897321429,402.0,none
20210903,3,3,4,False,False,110,512,1.168949772,512.0,none
20210903,4,4,4,False,False,107,290,0.677570093,290.0,none
20210903,5,5,4,False,False,93,122,0.327077748,122.0,none
20210903,6,6,4,False,False,107,280,0.652680653,280.0,none
20210903,7,7,4,False,False,134,800,1.495327103,800.0,none
20210903,8,8,4,False,False,170,706,1.041297935,706.0,none
20210903,9,9,4,False,False,171,1005,1.467153285,1005.0,none
20210903,10,10,4,False,False,163,517,0.795384615,517.0,none
20210903,11,11,4,False,False,187,337,0.451137885,337.0,none
20210903,12,12,4,False,False,108,372,0.861111111,372.0,none
20210903,13,13,4,False,False,169,1240,1.834319527,1240.0,none
20210903,14,14,4,False,False,178,280,0.392706872,280.0,none
20210903,15,15,4,False,False,154,2229,3.63029316,2229.0,none
20210903,16,16,4,False,False,161,348,0.539534884,348.0,none
20210903,17,17,4,False,False,147,51,0.087030717,51.0,none
20210903,18,18,4,False,False,154,473,0.770358306,473.0,none
20210903,19,19,4,False,False,143,1928,3.376532399,1928.0,none
20210903,20,20,4,False,False,115,75,0.162689805,75.0,none
20210903,21,21,4,False,False,110,42,0.095454545,42.0,none
20210903,22,22,4,False,False,105,505,1.202380952,505.0,none
20210903,23,23,4,False,False,101,117,0.28960396,117.0,none
20210904,0,0,5,False,False,64,156,0.614173228,156.0,none
20210904,1,1,5,False,False,106,740,1.745283019,740.0,none
20210904,2,2,5,False,False,104,287,0.693236715,287.0,none
20210904,3,3,5,False,False,98,509,1.301790281,509.0,none
20210904,4,4,5,False,False,109,183,0.421658986,183.0,none
20210904,5,5,5,False,False,88,745,2.110481586,745.0,none
20210904,6,6,5,False,False,111,118,0.266968326,118.0,none
20210904,7,7,5,False,False,70,693,2.483870968,693.0,none
20210904,8,8,5,False,False,33,0,0.0,0.0,none
20210904,9,9,5,False,False,32,0,0.0,0.0,none
20210904,10,10,5,False,False,34,0,0.0,0.0,none
20210904,11,11,5,False,False,32,0,0.0,0.0,none
20210904,12,12,5,False,False,33,0,0.0,0.0,none
20210904,13,13,5,False,False,34,0,0.0,0.0,none
20210904,14,14,5,False,False,34,0,0.0,0.0,none
20210904,15,15,5,False,False,33,0,0.0,0.0,none
20210904,16,16,5,False,False,36,0,0.0,0.0,none
20210904,17,17,5,False,False,35,0,0.0,0.0,none
20210904,18,18,5,False,False,26,0,0.0,0.0,none
20210904,19,19,5,False,False,23,0,0.0,0.0,none
20210904,20,20,5,False,False,25,0,0.0,0.0,none
20210904,21,21,5,False,False,23,0,0.0,0.0,none
20210904,22,22,5,False,False,23,0,0.0,0.0,none
20210904,23,23,5,False,False,23,0,0.0,0.0,none
20210905,0,0,6,False,False,24,0,0.0,0.0,none
20210905,1,1,6,False,False,22,0,0.0,0.0,none
20210905,2,2,6,False,False,22,0,0.0,0.0,none
20210905,3,3,6,False,False,22,0,0.0,0.0,none
20210905,4,4,6,False,False,24,0,0.0,0.0,none
20210905,5,5,6,False,False,22,0,0.0,0.0,none
20210905,6,6,6,False,False,22,0,0.0,0.0,none
20210905,7,7,6,False,False,22,0,0.0,0.0,none
20210905,8,8,6,False,False,25,0,0.0,0.0,none
20210905,9,9,6,False,False,22,0,0.0,0.0,none
20210905,10,10,6,False,False,22,0,0.0,0.0,none
20210905,11,11,6,False,False,22,0,0.0,0.0,none
20210905,12,12,6,False,False,24,0,0.0,0.0,none
20210905,13,13,6,False,False,22,0,0.0,0.0,none
20210905,14,14,6,False,False,23,0,0.0,0.0,none
20210905,15,15,6,False,False,24,0,0.0,0.0,none
20210905,16,16,6,False,False,23,0,0.0,0.0,none
20210905,17,17,6,False,False,23,0,0.0,0.0,none
20210905,18,18,6,False,False,22,0,0.0,0.0,none
20210905,19,19,6,False,False,24,0,0.0,0.0,none
20210905,20,20,6,False,False,23,0,0.0,0.0,none
20210905,21,21,6,False,False,23,0,0.0,0.0,none
20210905,22,22,6,False,False,24,0,0.0,0.0,none
20210905,23,23,6,False,False,23,0,0.0,0.0,none
20210906,0,0,0,False,False,22,0,0.0,0.0,none
20210906,1,1,0,False,False,22,0,0.0,0.0,none
20210906,2,2,0,False,False,24,0,0.0,0.0,none
20210906,3,3,0,False,False,22,0,0.0,0.0,none
20210906,4,4,0,False,False,22,0,0.0,0.0,none
20210906,5,5,0,False,False,23,0,0.0,0.0,none
20210906,6,6,0,False,False,24,0,0.0,0.0,none
20210906,7,7,0,False,True,52,0,0.0,25.5,dow_median
20210906,8,8,0,False,False,171,158,0.231332357,158.0,none
20210906,9,9,0,False,False,157,976,1.551669316,976.0,none
20210906,10,10,0,False,False,171,615,0.900439239,615.0,none
20210906,11,11,0,False,False,176,2362,3.359886202,2362.0,none
20210906,12,12,0,False,False,109,800,1.843317972,800.0,none
20210906,13,13,0,False,False,160,1112,1.742946708,1112.0,none
20210906,14,14,0,False,False,160,3967,6.208137715,3967.0,none
20210906,15,15,0,False,False,158,1044,1.65451664,1044.0,none
20210906,16,16,0,False,False,146,2139,3.662671233,2139.0,none
20210906,17,17,0,False,False,128,499,0.974609375,499.0,none
20210906,18,18,0,False,False,152,963,1.581280788,963.0,none
20210906,19,19,0,False,False,135,1591,2.951762523,1591.0,none
20210906,20,20,0,False,False,121,120,0.248962656,120.0,none
20210906,21,21,0,False,False,123,26,0.052953157,26.0,none
20210906,22,22,0,False,False,110,39,0.088838269,39.0,none
20210906,23,23,0,False,False,104,217,0.524154589,217.0,none
20210907,0,0,1,False,True,72,0,0.0,135.5,interp
20210907,1,1,1,False,False,109,54,0.123853211,54.0,none
20210907,2,2,1,False,False,111,258,0.579775281,258.0,none
20210907,3,3,1,False,False,109,304,0.695652174,304.0,none
20210907,4,4,1,False,True,109,0,0.0,227.0,interp
20210907,5,5,1,False,False,96,150,0.392670157,150.0,none
20210907,6,6,1,False,False,115,205,0.447598253,205.0,none
20210907,7,7,1,False,False,140,548,0.976827094,548.0,none
20210907,8,8,1,False,False,173,1236,1.783549784,1236.0,none
20210907,9,9,1,False,False,170,1727,2.543446244,1727.0,none
20210907,10,10,1,False,False,164,1118,1.701674277,1118.0,none
20210907,11,11,1,False,False,174,1540,2.212643678,1540.0,none
20210907,12,12,1,False,False,116,1184,2.557235421,1184.0,none
20210907,13,13,1,False,False,181,1548,2.141078838,1548.0,none
20210907,14,14,1,False,False,182,1395,1.916208791,1395.0,none
20210907,15,15,1,False,False,166,751,1.131024096,751.0,none
20210907,16,16,1,False,False,160,1375,2.1484375,1375.0,none
20210907,17,17,1,False,False,135,606,1.124304267,606.0,none
20210907,18,18,1,False,False,156,685,1.101286174,685.0,none
20210907,19,19,1,False,False,152,1376,2.259441708,1376.0,none
20210907,20,20,1,False,False,134,201,0.375700935,201.0,none
20210907,21,21,1,False,False,131,78,0.148854962,78.0,none
20210907,22,22,1,False,False,115,12,0.026030369,12.0,none
20210907,23,23,1,False,False,111,73,0.164785553,73.0,none
20210908,0,0,2,False,True,72,0,0.0,380.0,interp
20210908,1,1,2,False,False,110,687,1.557823129,687.0,none
20210908,2,2,2,False,False,118,109,0.230443975,109.0,none
20210908,3,3,2,False,False,112,177,0.395089286,177.0,none
20210908,4,4,2,False,False,113,110,0.242825607,110.0,none
20210908,5,5,2,False,False,97,120,0.310880829,120.0,none
20210908,6,6,2,False,False,118,233,0.495744681,233.0,none
20210908,7,7,2,False,False,135,2206,4.077634011,2206.0,none
20210908,8,8,2,False,False,171,476,0.697947214,476.0,none
20210908,9,9,2,False,False,160,1154,1.800312012,1154.0,none
20210908,10,10,2,False,False,152,1369,2.247947455,1369.0,none
20210908,11,11,2,False,False,156,857,1.3712,857.0,none
20210908,12,12,2,False,False,25,3,0.03030303,3.0,none
20210908,13,13,2,False,False,152,1160,1.904761905,1160.0,none
20210908,14,14,2,False,False,165,6214,9.415151515,6214.0,none
20210908,15,15,2,False,False,165,1042,1.581183612,1042.0,none
20210908,16,16,2,False,False,166,513,0.774924471,513.0,none
20210908,17,17,2,False,False,144,616,1.067590988,616.0,none
20210908,18,18,2,False,False,164,737,1.126911315,737.0,none
20210908,19,19,2,False,False,150,2621,4.361064892,2621.0,none
20210908,20,20,2,False,False,103,175,0.423728814,175.0,none
20210908,21,21,2,False,False,122,17,0.034907598,17.0,none
20210908,22,22,2,False,False,106,144,0.341232227,144.0,none
20210908,23,23,2,False,False,101,91,0.225806452,91.0,none
20210909,0,0,3,False,True,72,0,0.0,156.5,interp
20210909,1,1,3,False,False,97,222,0.575129534,222.0,none
20210909,2,2,3,False,False,110,72,0.163265306,72.0,none
20210909,3,3,3,False,False,109,2,0.004576659,2.0,none
20210909,4,4,3,False,False,107,69,0.160839161,69.0,none
20210909,5,5,3,False,False,92,26,0.070844687,26.0,none
20210909,6,6,3,False,False,119,346,0.726890756,346.0,none
20210909,7,7,3,False,False,139,2056,3.704504505,2056.0,none
20210909,8,8,3,False,False,172,434,0.630813953,434.0,none
20210909,9,9,3,False,False,170,1125,1.656848306,1125.0,none
20210909,10,10,3,False,False,155,1248,2.009661836,1248.0,none
20210909,11,11,3,False,False,174,688,0.987087518,688.0,none
20210909,12,12,3,False,False,111,194,0.437923251,194.0,none
20210909,13,13,3,False,False,171,1542,2.257686676,1542.0,none
20210909,14,14,3,False,False,165,2666,4.033282905,2666.0,none
20210909,15,15,3,False,False,173,888,1.286956522,888.0,none
20210909,16,16,3,False,False,160,950,1.482059282,950.0,none
20210909,17,17,3,False,False,140,494,0.88057041,494.0,none
20210909,18,18,3,False,False,162,1136,1.750385208,1136.0,none
20210909,19,19,3,False,False,142,2702,4.748681898,2702.0,none
20210909,20,20,3,False,False,128,2,0.003898635,2.0,none
20210909,21,21,3,False,False,128,84,0.164705882,84.0,none
20210909,22,22,3,False,False,109,30,0.068649886,30.0,none
20210909,23,23,3,False,False,109,186,0.426605505,186.0,none
20210910,0,0,4,False,True,77,0,0.0,228.0,interp
20210910,1,1,4,False,False,102,270,0.661764706,270.0,none
20210910,2,2,4,False,False,112,143,0.319910515,143.0,none
20210910,3,3,4,False,False,106,144,0.338823529,144.0,none
20210910,4,4,4,False,False,108,125,0.290023202,125.0,none
20210910,5,5,4,False,False,92,13,0.035422343,13.0,none
20210910,6,6,4,False,False,111,54,0.121621622,54.0,none
20210910,7,7,4,False,False,132,1777,3.371916509,1777.0,none
20210910,8,8,4,False,False,180,196,0.272222222,196.0,none
20210910,9,9,4,False,False,184,1038,1.410326087,1038.0,none
20210910,10,10,4,False,False,168,1409,2.102985075,1409.0,none
20210910,11,11,4,False,False,181,1647,2.274861878,1647.0,none
20210910,12,12,4,False,False,116,480,1.032258065,480.0,none
20210910,13,13,4,False,False,180,838,1.162274619,838.0,none
20210910,14,14,4,False,False,178,968,1.359550562,968.0,none
20210910,15,15,4,False,False,171,1214,1.780058651,1214.0,none
20210910,16,16,4,False,False,164,5858,8.929878049,5858.0,none
20210910,17,17,4,False,False,138,261,0.472826087,261.0,none
20210910,18,18,4,False,False,155,774,1.252427184,774.0,none
20210910,19,19,4,False,False,142,1387,2.446208113,1387.0,none
20210910,20,20,4,False,False,116,3,0.006465517,3.0,none
20210910,21,21,4,False,False,117,9,0.019313305,9.0,none
20210910,22,22,4,False,False,102,157,0.383863081,157.0,none
20210910,23,23,4,False,False,88,24,0.068376068,24.0,none
20210911,0,0,5,False,True,61,0,0.0,14.0,interp
20210911,1,1,5,False,False,97,4,0.010362694,4.0,none
20210911,2,2,5,False,False,95,155,0.407894737,155.0,none
20210911,3,3,5,False,True,94,0,0.0,149.5,interp
20210911,4,4,5,False,False,89,144,0.403361345,144.0,none
20210911,5,5,5,False,False,82,48,0.145896657,48.0,none
20210911,6,6,5,False,False,86,104,0.303206997,104.0,none
20210911,7,7,5,False,False,51,1718,8.421568627,1718.0,none
20210911,8,8,5,False,False,23,0,0.0,0.0,none
20210911,9,9,5,False,False,23,0,0.0,0.0,none
20210911,10,10,5,False,False,22,0,0.0,0.0,none
20210911,11,11,5,False,False,23,0,0.0,0.0,none
20210911,12,12,5,False,False,25,0,0.0,0.0,none
20210911,13,13,5,False,False,23,0,0.0,0.0,none
20210911,14,14,5,False,False,23,0,0.0,0.0,none
20210911,15,15,5,False,False,24,0,0.0,0.0,none
20210911,16,16,5,False,False,24,0,0.0,0.0,none
20210911,17,17,5,False,False,23,0,0.0,0.0,none
20210911,18,18,5,False,False,23,0,0.0,0.0,none
20210911,19,19,5,False,False,25,0,0.0,0.0,none
20210911,20,20,5,False,False,23,0,0.0,0.0,none
20210911,21,21,5,False,False,23,0,0.0,0.0,none
20210911,22,22,5,False,False,23,0,0.0,0.0,none
20210911,23,23,5,False,False,23,0,0.0,0.0,none
20210912,0,0,6,False,False,23,0,0.0,0.0,none
20210912,1,1,6,False,False,23,0,0.0,0.0,none
20210912,2,2,6,False,False,24,0,0.0,0.0,none
20210912,3,3,6,False,False,23,0,0.0,0.0,none
20210912,4,4,6,False,False,23,0,0.0,0.0,none
20210912,5,5,6,False,False,23,0,0.0,0.0,none
20210912,6,6,6,False,False,23,0,0.0,0.0,none
20210912,7,7,6,False,False,23,0,0.0,0.0,none
20210912,8,8,6,False,False,25,0,0.0,0.0,none
20210912,9,9,6,False,False,23,0,0.0,0.0,none
20210912,10,10,6,False,False,23,0,0.0,0.0,none
20210912,11,11,6,False,False,23,0,0.0,0.0,none
20210912,12,12,6,False,False,23,0,0.0,0.0,none
20210912,13,13,6,False,False,23,0,0.0,0.0,none
20210912,14,14,6,False,False,25,0,0.0,0.0,none
20210912,15,15,6,False,False,23,0,0.0,0.0,none
20210912,16,16,6,False,False,24,0,0.0,0.0,none
20210912,17,17,6,False,False,23,0,0.0,0.0,none
20210912,18,18,6,False,False,23,0,0.0,0.0,none
20210912,19,19,6,False,False,23,0,0.0,0.0,none
20210912,20,20,6,False,False,23,0,0.0,0.0,none
20210912,21,21,6,False,False,25,0,0.0,0.0,none
20210912,22,22,6,False,False,23,0,0.0,0.0,none
20210912,23,23,6,False,False,23,0,0.0,0.0,none
20210913,0,0,0,False,False,23,0,0.0,0.0,none
20210913,1,1,0,False,False,23,0,0.0,0.0,none
20210913,2,2,0,False,False,23,0,0.0,0.0,none
20210913,3,3,0,False,False,24,0,0.0,0.0,none
20210913,4,4,0,False,False,24,0,0.0,0.0,none
20210913,5,5,0,False,False,23,0,0.0,0.0,none
20210913,6,6,0,False,False,23,0,0.0,0.0,none
20210913,7,7,0,False,False,63,196,0.774703557,196.0,none
20210913,8,8,0,False,False,185,630,0.852503383,630.0,none
20210913,9,9,0,False,False,183,1043,1.428767123,1043.0,none
20210913,10,10,0,False,False,177,1924,2.717514124,1924.0,none
20210913,11,11,0,False,False,182,946,1.301237964,946.0,none
20210913,12,12,0,False,False,117,20,0.042735043,20.0,none
20210913,13,13,0,False,False,184,1996,2.715646259,1996.0,none
20210913,14,14,0,False,False,180,1018,1.415855355,1018.0,none
20210913,15,15,0,False,False,168,1138,1.698507463,1138.0,none
20210913,16,16,0,False,False,175,982,1.406876791,982.0,none
20210913,17,17,0,False,False,132,435,0.822306238,435.0,none
20210913,18,18,0,False,False,145,584,1.008635579,584.0,none
20210913,19,19,0,False,False,148,2820,4.763513514,2820.0,none
20210913,20,20,0,False,False,121,14,0.028985507,14.0,none
20210913,21,21,0,False,False,123,72,0.146938776,72.0,none
20210913,22,22,0,False,False,110,11,0.025,11.0,none
20210913,23,23,0,False,False,108,345,0.800464037,345.0,none
20210914,0,0,1,False,False,70,128,0.458781362,128.0,none
20210914,1,1,1,False,False,110,45,0.102272727,45.0,none
20210914,2,2,1,False,False,112,479,1.073991031,479.0,none
20210914,3,3,1,False,False,105,93,0.221957041,93.0,none
20210914,4,4,1,False,False,111,255,0.574324324,255.0,none
20210914,5,5,1,False,False,93,76,0.203753351,76.0,none
20210914,6,6,1,False,False,108,1228,2.842592593,1228.0,none
20210914,7,7,1,False,False,140,1110,1.982142857,1110.0,none
20210914,8,8,1,False,False,174,432,0.622478386,432.0,none
20210914,9,9,1,False,False,166,1672,2.521870287,1672.0,none
20210914,10,10,1,False,False,152,840,1.379310345,840.0,none
20210914,11,11,1,False,False,170,2099,3.091310751,2099.0,none
20210914,12,12,1,False,False,118,2791,5.913135593,2791.0,none
20210914,13,13,1,False,False,163,1109,1.700920245,1109.0,none
20210914,14,14,1,False,False,158,1023,1.616113744,1023.0,none
20210914,15,15,1,False,False,161,1178,1.829192547,1178.0,none
20210914,16,16,1,False,False,160,1395,2.186520376,1395.0,none
20210914,17,17,1,False,False,123,230,0.469387755,230.0,none
20210914,18,18,1,False,False,158,973,1.539556962,973.0,none
20210914,19,19,1,False,False,153,1497,2.442088091,1497.0,none
20210914,20,20,1,False,False,128,45,0.087890625,45.0,none
20210914,21,21,1,False,False,128,149,0.290448343,149.0,none
20210914,22,22,1,False,False,111,66,0.148984199,66.0,none
20210914,23,23,1,False,False,110,405,0.922551253,405.0,none
